service_id,service_name,timestamp,status_code,latency,latency_unit,agent,region
svc-payments,payments-api,2025-04-11T17:30:00Z,200,258,ms,agent-1,ap-south-1
svc-search,search-api,2025-04-21T04:15:00Z,200,0.486,s,agent-1,ap-south-1
svc-auth,auth-api,2025-04-20T16:15:00Z,200,109,ms,agent-1,ap-south-1
svc-search,search-api,2025-04-17T04:30:00Z,200,0.492,s,agent-1,ap-south-1
svc-search,search-api,2025-04-10T13:15:00Z,200,0.531,s,agent-1,ap-south-1
svc-reports,reports-api,2025-04-17T13:45:00Z,200,819,ms,agent-1,ap-south-1
svc-payments,payments-api,2025-04-17T15:00:00Z,200,353,ms,agent-1,ap-south-1
svc-notify,notify-worker,2025-04-18T16:15:00Z,200,121,ms,agent-1,ap-south-1
svc-auth,auth-api,2025-04-14T06:30:00Z,200,139,ms,agent-2,ap-south-1
svc-auth,auth-api,2025-04-12T14:15:00+05:30,200,98,ms,agent-1,ap-south-1
svc-reports,reports-api,2025-04-21T13:15:00Z,200,819,ms,agent-1,ap-south-1
svc-reports,reports-api,2025-04-13T11:30:00Z,200,777,ms,agent-1,ap-south-1
svc-auth,auth-api,2025-04-16T01:45:00Z,200,97,ms,agent-1,ap-south-1
svc-payments,payments-api,2025-04-15T04:45:00Z,200,321,ms,agent-2,ap-south-1
svc-reports,reports-api,2025-04-17T18:15:00Z,200,453,ms,agent-1,ap-south-1
svc-notify,notify-worker,2025-04-14T19:15:00Z,200,119,ms,agent-1,ap-south-1
svc-notify,notify-worker,2025-04-12T09:45:00Z,200,85,ms,agent-1,ap-south-1
svc-notify,notify-worker,2025-04-20T21:00:00Z,200,115,ms,agent-1,ap-south-1
svc-search,search-api,2025-04-21T07:45:00Z,200,0.536,s,agent-2,ap-south-1
svc-notify,notify-worker,2025-04-13T19:45:00Z,200,82,ms,agent-1,ap-south-1
svc-reports,reports-api,2025-04-14T15:00:00Z,200,835,ms,agent-1,ap-south-1
svc-reports,reports-api,2025-04-20T14:15:00Z,200,684,ms,agent-1,ap-south-1
svc-auth,auth-api,2025-04-11T06:00:00Z,200,136,ms,agent-2,ap-south-1
svc-notify,notify-worker,2025-04-10T13:15:00Z,200,119,ms,agent-1,ap-south-1
svc-search,search-api,2025-04-12T03:30:00Z,200,0.391,s,agent-1,ap-south-1
svc-notify,notify-worker,2025-04-21T21:45:00Z,200,121,ms,agent-1,ap-south-1
svc-notify,notify-worker,2025-04-12T03:45:00Z,200,82,ms,agent-1,ap-south-1
svc-auth,auth-api,2025-04-20T10:15:00Z,200,173,ms,agent-1,ap-south-1
svc-reports,reports-api,2025-04-10T02:30:00Z,200,715,ms,agent-1,ap-south-1
svc-search,search-api,2025-04-20T18:15:00Z,200,0.422,s,agent-1,ap-south-1
svc-auth,auth-api,2025-04-12T22:45:00Z,200,112,ms,agent-1,ap-south-1
svc-notify,notify-worker,2025-04-19T23:00:00Z,200,141,ms,agent-1,ap-south-1
svc-search,search-api,2025-04-14T00:15:00Z,200,0.712,s,agent-1,ap-south-1
svc-payments,payments-api,2025-04-12T22:00:00Z,200,312,ms,agent-1,ap-south-1
svc-payments,payments-api,2025-04-17T00:00:00Z,200,453,ms,agent-1,ap-south-1
svc-search,search-api,2025-04-10T11:15:00Z,200,0.643,s,agent-1,ap-south-1
svc-payments,payments-api,2025-04-14T12:30:00Z,200,276,ms,agent-1,ap-south-1
svc-search,search-api,2025-04-15T10:15:00Z,200,0.539,s,agent-1,ap-south-1
svc-reports,reports-api,2025-04-19T04:45:00Z,200,461,ms,agent-1,ap-south-1
svc-payments,payments-api,2025-04-18T12:15:00Z,200,381,ms,agent-1,ap-south-1
svc-reports,reports-api,2025-04-11T20:15:00Z,200,739,ms,agent-1,ap-south-1
svc-notify,notify-worker,2025-04-18T14:15:00Z,200,86,ms,agent-1,ap-south-1
svc-payments,payments-api,2025-04-19T02:30:00Z,200,468,ms,agent-1,ap-south-1
svc-payments,payments-api,2025-04-15T13:15:00Z,200,321,ms,agent-1,ap-south-1
svc-payments,payments-api,2025-04-18T15:30:00Z,200,353,ms,agent-1,ap-south-1
svc-search,search-api,2025-04-19T11:30:00Z,200,0.561,s,agent-1,ap-south-1
svc-auth,auth-api,2025-04-19T08:45:00Z,200,147,ms,agent-1,ap-south-1
svc-payments,payments-api,2025-04-21T10:45:00Z,200,336,ms,agent-1,ap-south-1
svc-search,search-api,2025-04-18T23:00:00Z,200,0.558,s,agent-1,ap-south-1
svc-search,search-api,2025-04-13T04:00:00Z,200,0.511,s,agent-1,ap-south-1
svc-reports,reports-api,2025-04-10T12:15:00Z,200,525,ms,agent-1,ap-south-1
svc-search,search-api,2025-04-10T06:15:00Z,200,0.555,s,agent-1,ap-south-1
svc-payments,payments-api,2025-04-12T04:00:00Z,200,286,ms,agent-1,ap-south-1
svc-reports,reports-api,2025-04-10T12:45:00Z,200,690,ms,agent-1,ap-south-1
svc-notify,notify-worker,2025-04-10T13:00:00Z,200,100,ms,agent-1,ap-south-1
svc-search,search-api,2025-04-16T06:45:00Z,200,0.708,s,agent-1,ap-south-1
svc-payments,payments-api,2025-04-20T11:30:00Z,200,401,ms,agent-1,ap-south-1
svc-reports,reports-api,2025-04-15T02:30:00Z,200,772,ms,agent-1,ap-south-1
svc-notify,notify-worker,2025-04-11T02:15:00Z,200,136,ms,agent-1,ap-south-1
svc-payments,payments-api,2025-04-11T20:15:00Z,200,389,ms,agent-1,ap-south-1
svc-search,search-api,2025-04-15T06:30:00Z,200,0.682,s,agent-1,ap-south-1
svc-payments,payments-api,1744349400,200,,ms,agent-1,ap-south-1
svc-search,search-api,2025-04-10T09:15:00Z,200,0.424,s,agent-1,ap-south-1
svc-reports,reports-api,2025-04-10T00:30:00Z,200,858,ms,agent-1,ap-south-1
svc-payments,payments-api,2025-04-14T15:45:00Z,200,451,ms,agent-1,ap-south-1
svc-search,search-api,2025-04-10T05:15:00Z,200,0.49,s,agent-1,ap-south-1
svc-reports,reports-api,2025-04-19T19:00:00Z,200,641,ms,agent-1,ap-south-1
svc-reports,reports-api,2025-04-15T07:45:00Z,200,693,ms,agent-1,ap-south-1
svc-payments,payments-api,2025-04-16T02:15:00Z,200,323,ms,agent-2,ap-south-1
svc-reports,reports-api,2025-04-16T02:15:00Z,200,651,ms,agent-1,ap-south-1
svc-notify,notify-worker,2025-04-13T10:00:00Z,200,99,ms,agent-1,ap-south-1
svc-auth,auth-api,2025-04-19T09:15:00Z,200,114,ms,agent-1,ap-south-1
svc-reports,reports-api,2025-04-20T23:30:00Z,200,780,ms,agent-2,ap-south-1
svc-notify,notify-worker,2025-04-20T15:45:00Z,200,151,ms,agent-1,ap-south-1
svc-auth,auth-api,2025-04-13T15:00:00Z,200,189,ms,agent-1,ap-south-1
svc-auth,auth-api,2025-04-19T03:30:00Z,200,133,ms,agent-1,ap-south-1
svc-auth,auth-api,2025-04-15T22:00:00Z,200,121,ms,agent-1,ap-south-1
svc-payments,payments-api,2025-04-15T03:15:00Z,200,344,ms,agent-1,ap-south-1
svc-auth,auth-api,2025-04-12T06:15:00Z,200,171,ms,agent-1,ap-south-1
svc-payments,payments-api,2025-04-15T09:30:00Z,200,305,ms,agent-2,ap-south-1
svc-notify,notify-worker,2025-04-18T10:15:00Z,200,87,ms,agent-1,ap-south-1
svc-payments,payments-api,2025-04-16T10:15:00Z,200,485,ms,agent-1,ap-south-1
svc-payments,payments-api,2025-04-14T21:15:00Z,200,475,ms,agent-1,ap-south-1
svc-auth,auth-api,2025-04-10T22:15:00Z,200,151,ms,agent-1,ap-south-1
svc-search,search-api,2025-04-18T09:45:00Z,200,0.5,s,agent-1,ap-south-1
svc-notify,notify-worker,2025-04-17T00:30:00Z,200,116,ms,agent-1,ap-south-1
svc-notify,notify-worker,2025-04-19T13:15:00Z,200,114,ms,agent-1,ap-south-1
svc-payments,payments-api,2025-04-18T05:45:00Z,200,287,ms,agent-1,ap-south-1
svc-notify,notify-worker,2025-04-21T20:00:00Z,200,76,ms,agent-1,ap-south-1
svc-search,search-api,2025-04-19T05:00:00Z,200,0.56,s,agent-1,ap-south-1
svc-auth,auth-api,2025-04-14T07:30:00Z,200,172,ms,agent-1,ap-south-1
svc-search,search-api,2025-04-18T04:45:00Z,200,0.511,s,agent-1,ap-south-1
svc-payments,payments-api,2025-04-14T10:15:00Z,200,269,ms,agent-1,ap-south-1
svc-notify,notify-worker,2025-04-18T06:45:00Z,200,108,ms,agent-1,ap-south-1
svc-search,search-api,2025-04-20T15:30:00Z,200,0.575,s,agent-1,ap-south-1
svc-auth,auth-api,2025-04-11T08:00:00Z,200,151,ms,agent-1,ap-south-1
svc-reports,reports-api,2025-04-20T18:30:00Z,200,507,ms,agent-1,ap-south-1
svc-search,search-api,2025-04-20T07:30:00Z,200,0.55,s,agent-1,ap-south-1
svc-auth,auth-api,2025-04-17T08:45:00Z,200,189,ms,agent-1,ap-south-1
svc-reports,reports-api,2025-04-18T13:00:00Z,200,640,ms,agent-1,ap-south-1
svc-auth,auth-api,2025-04-20T02:15:00Z,200,149,ms,agent-1,ap-south-1
svc-auth,auth-api,2025-04-13T11:00:00Z,200,181,ms,agent-1,ap-south-1
svc-search,search-api,2025-04-21T11:15:00Z,200,0.494,s,agent-1,ap-south-1
svc-search,search-api,2025-04-16T07:15:00Z,200,0.484,s,agent-1,ap-south-1
svc-auth,auth-api,2025-04-13T10:45:00Z,200,120,ms,agent-1,ap-south-1
svc-auth,auth-api,2025-04-20T22:30:00Z,200,151,ms,agent-1,ap-south-1
svc-auth,auth-api,2025-04-16T15:30:00Z,200,190,ms,agent-1,ap-south-1
svc-notify,notify-worker,2025-04-15T17:00:00Z,200,107,ms,agent-1,ap-south-1
svc-payments,payments-api,2025-04-17T12:45:00Z,200,375,ms,agent-1,ap-south-1
svc-payments,payments-api,2025-04-12T04:15:00Z,200,289,ms,agent-1,ap-south-1
svc-search,search-api,2025-04-21T19:00:00Z,200,0.375,s,agent-1,ap-south-1
svc-notify,notify-worker,2025-04-18T12:00:00Z,200,115,ms,agent-1,ap-south-1
svc-reports,reports-api,2025-04-21T04:30:00Z,200,838,ms,agent-1,ap-south-1
svc-payments,payments-api,2025-04-13T17:15:00Z,200,479,ms,agent-1,ap-south-1
svc-search,search-api,2025-04-19T21:00:00Z,200,0.561,s,agent-1,ap-south-1
svc-search,search-api,2025-04-21T06:45:00Z,200,0.444,s,agent-1,ap-south-1
svc-auth,auth-api,1745064900,200,185,ms,agent-1,ap-south-1
svc-payments,payments-api,2025-04-16T22:30:00Z,200,436,ms,agent-1,ap-south-1
svc-auth,auth-api,2025-04-12T15:45:00Z,200,108,ms,agent-1,ap-south-1
svc-reports,reports-api,2025-04-19T14:00:00Z,200,613,ms,agent-1,ap-south-1
svc-reports,reports-api,2025-04-16T01:00:00Z,200,587,ms,agent-1,ap-south-1
svc-search,search-api,2025-04-18T04:15:00Z,200,0.625,s,agent-1,ap-south-1
svc-payments,payments-api,2025-04-18T09:30:00Z,200,355,ms,agent-1,ap-south-1
svc-notify,notify-worker,2025-04-10T22:45:00Z,200,116,ms,agent-1,ap-south-1
svc-notify,notify-worker,2025-04-13T22:45:00Z,200,137,ms,agent-1,ap-south-1
svc-payments,payments-api,2025-04-10T02:30:00Z,200,432,ms,agent-1,ap-south-1
svc-notify,notify-worker,2025-04-21T17:30:00Z,200,135,ms,agent-1,ap-south-1
svc-auth,auth-api,2025-04-21T12:45:00Z,200,137,ms,agent-2,ap-south-1
svc-notify,notify-worker,2025-04-21T19:30:00Z,200,143,ms,agent-1,ap-south-1
svc-notify,notify-worker,2025-04-11T15:45:00Z,200,97,ms,agent-1,ap-south-1
svc-auth,auth-api,2025-04-14T16:00:00Z,200,134,ms,agent-1,ap-south-1
svc-search,search-api,2025-04-13T09:45:00Z,200,0.701,s,agent-1,ap-south-1
svc-auth,auth-api,2025-04-14T11:15:00Z,200,155,ms,agent-1,ap-south-1
svc-reports,reports-api,2025-04-18T23:00:00Z,200,657,ms,agent-1,ap-south-1
svc-payments,payments-api,2025-04-13T00:45:00Z,200,281,ms,agent-1,ap-south-1
svc-payments,payments-api,2025-04-21T06:45:00Z,200,262,ms,agent-1,ap-south-1
svc-notify,notify-worker,2025-04-12T23:45:00Z,200,112,ms,agent-1,ap-south-1
svc-auth,auth-api,2025-04-21T02:45:00Z,200,99,ms,agent-1,ap-south-1
svc-notify,notify-worker,2025-04-12T20:30:00Z,200,151,ms,agent-1,ap-south-1
svc-payments,payments-api,2025-04-21T16:45:00Z,200,435,ms,agent-1,ap-south-1
svc-payments,payments-api,2025-04-17T19:30:00Z,200,337,ms,agent-2,ap-south-1
svc-payments,payments-api,2025-04-13T06:00:00Z,200,479,ms,agent-1,ap-south-1
svc-payments,payments-api,2025-04-20T16:15:00Z,200,262,ms,agent-1,ap-south-1
svc-payments,payments-api,2025-04-14T20:45:00Z,200,321,ms,agent-1,ap-south-1
svc-notify,notify-worker,2025-04-15T20:00:00Z,200,119,ms,agent-1,ap-south-1
svc-payments,payments-api,1744467300,200,466,ms,agent-1,ap-south-1
svc-notify,notify-worker,2025-04-13T14:15:00Z,200,87,ms,agent-1,ap-south-1
svc-notify,notify-worker,2025-04-17T14:00:00Z,200,138,ms,agent-1,ap-south-1
svc-reports,reports-api,2025-04-12T05:30:00Z,200,436,ms,agent-1,ap-south-1
svc-notify,notify-worker,2025-04-13T23:00:00Z,200,136,ms,agent-2,ap-south-1
svc-reports,reports-api,2025-04-20T21:15:00Z,200,478,ms,agent-1,ap-south-1
svc-auth,auth-api,2025-04-17T00:30:00Z,200,154,ms,agent-1,ap-south-1
svc-payments,payments-api,2025-04-13T05:30:00Z,200,481,ms,agent-2,ap-south-1
svc-search,search-api,2025-04-17T23:00:00Z,200,0.637,s,agent-1,ap-south-1
svc-auth,auth-api,2025-04-15T14:45:00Z,200,174,ms,agent-2,ap-south-1
svc-search,search-api,2025-04-13T13:00:00Z,200,0.476,s,agent-1,ap-south-1
svc-notify,notify-worker,2025-04-15T16:15:00Z,200,107,ms,agent-1,ap-south-1
svc-payments,payments-api,2025-04-14T15:15:00Z,200,447,ms,agent-1,ap-south-1
svc-auth,auth-api,2025-04-16T04:30:00Z,200,190,ms,agent-1,ap-south-1
svc-reports,reports-api,2025-04-20T12:00:00Z,200,609,ms,agent-1,ap-south-1
svc-search,search-api,2025-04-20T12:30:00Z,200,0.409,s,agent-1,ap-south-1
svc-auth,auth-api,2025-04-10T01:00:00Z,200,139,ms,agent-1,ap-south-1
svc-search,search-api,2025-04-20T13:45:00Z,200,0.452,s,agent-1,ap-south-1
svc-payments,payments-api,2025-04-15T15:30:00Z,200,426,ms,agent-1,ap-south-1
svc-notify,notify-worker,2025-04-19T14:30:00Z,200,87,ms,agent-1,ap-south-1
svc-auth,auth-api,2025-04-16T01:00:00Z,200,190,ms,agent-1,ap-south-1
svc-auth,auth-api,2025-04-17T08:00:00Z,200,119,ms,agent-1,ap-south-1
svc-reports,reports-api,2025-04-18T23:15:00Z,200,862,ms,agent-1,ap-south-1
svc-notify,notify-worker,2025-04-21T07:00:00Z,200,114,ms,agent-1,ap-south-1
svc-auth,auth-api,2025-04-15T07:30:00Z,200,108,ms,agent-1,ap-south-1
svc-payments,payments-api,2025-04-12T20:00:00Z,200,414,ms,agent-1,ap-south-1
svc-auth,auth-api,2025-04-10T02:15:00Z,200,165,ms,agent-1,ap-south-1
svc-search,search-api,2025-04-20T14:30:00Z,200,0.552,s,agent-1,ap-south-1
svc-search,search-api,2025-04-21T02:30:00Z,200,0.565,s,agent-1,ap-south-1
svc-notify,notify-worker,2025-04-11T01:30:00Z,200,142,ms,agent-1,ap-south-1
svc-auth,auth-api,1745147700,200,172,ms,agent-1,ap-south-1
svc-auth,auth-api,2025-04-16T22:00:00Z,200,176,ms,agent-1,ap-south-1
svc-search,search-api,2025-04-21T08:00:00Z,200,0.546,s,agent-1,ap-south-1
svc-auth,auth-api,2025-04-12T18:00:00Z,200,155,ms,agent-1,ap-south-1
svc-auth,auth-api,2025-04-14T00:30:00Z,200,145,ms,agent-1,ap-south-1
svc-search,search-api,2025-04-18T02:45:00Z,200,0.69,s,agent-1,ap-south-1
svc-payments,payments-api,2025-04-21T00:00:00Z,200,470,ms,agent-1,ap-south-1
svc-notify,notify-worker,2025-04-20T21:15:00Z,200,139,ms,agent-1,ap-south-1
svc-reports,reports-api,2025-04-21T11:30:00Z,200,844,ms,agent-1,ap-south-1
svc-payments,payments-api,2025-04-15T19:00:00Z,200,289,ms,agent-1,ap-south-1
svc-search,search-api,2025-04-21T00:45:00Z,200,0.404,s,agent-2,ap-south-1
svc-payments,payments-api,2025-04-14T07:45:00Z,200,450,ms,agent-1,ap-south-1
svc-payments,payments-api,2025-04-19T22:30:00Z,200,349,ms,agent-1,ap-south-1
svc-notify,notify-worker,2025-04-11T13:45:00Z,200,76,ms,agent-1,ap-south-1
svc-reports,reports-api,2025-04-19T20:15:00Z,200,507,ms,agent-1,ap-south-1
svc-payments,payments-api,2025-04-17T14:30:00Z,200,301,ms,agent-2,ap-south-1
svc-notify,notify-worker,2025-04-21T03:00:00Z,200,111,ms,agent-1,ap-south-1
svc-payments,payments-api,2025-04-12T02:15:00Z,200,436,ms,agent-1,ap-south-1
svc-reports,reports-api,2025-04-10T21:00:00Z,200,487,ms,agent-1,ap-south-1
svc-reports,reports-api,1744989300,200,558,ms,agent-1,ap-south-1
svc-auth,auth-api,2025-04-11T16:00:00Z,200,122,ms,agent-1,ap-south-1
svc-payments,payments-api,2025-04-18T13:15:00Z,200,446,ms,agent-1,ap-south-1
svc-search,search-api,2025-04-12T17:00:00Z,200,0.605,s,agent-1,ap-south-1
svc-notify,notify-worker,2025-04-11T06:30:00Z,200,107,ms,agent-1,ap-south-1
svc-notify,notify-worker,2025-04-12T13:30:00Z,200,148,ms,agent-1,ap-south-1
svc-reports,reports-api,2025-04-19T02:30:00Z,200,759,ms,agent-1,ap-south-1
svc-auth,auth-api,2025-04-11T17:30:00Z,200,98,ms,agent-1,ap-south-1
svc-auth,auth-api,2025-04-16T03:45:00Z,200,129,ms,agent-1,ap-south-1
svc-search,search-api,2025-04-11T01:30:00Z,200,0.576,s,agent-2,ap-south-1
svc-notify,notify-worker,2025-04-14T11:15:00Z,200,145,ms,agent-1,ap-south-1
svc-auth,auth-api,2025-04-16T16:00:00Z,200,190,ms,agent-1,ap-south-1
svc-reports,reports-api,2025-04-12T00:45:00Z,200,469,ms,agent-1,ap-south-1
svc-payments,payments-api,2025-04-20T01:15:00Z,200,328,ms,agent-1,ap-south-1
svc-search,search-api,2025-04-16T13:15:00Z,200,0.435,s,agent-1,ap-south-1
svc-reports,reports-api,2025-04-15T21:15:00Z,200,456,ms,agent-1,ap-south-1
svc-reports,reports-api,2025-04-16T14:45:00Z,200,556,ms,agent-1,ap-south-1
svc-search,search-api,1744513200,200,0.692,s,agent-1,ap-south-1
svc-search,search-api,2025-04-10T21:30:00Z,200,0.42,s,agent-2,ap-south-1
svc-payments,payments-api,2025-04-12T01:30:00Z,200,479,ms,agent-1,ap-south-1
svc-payments,payments-api,2025-04-11T07:00:00Z,200,257,ms,agent-1,ap-south-1
svc-notify,notify-worker,2025-04-14T06:00:00Z,200,95,ms,agent-1,ap-south-1
svc-notify,notify-worker,2025-04-10T21:30:00Z,200,127,ms,agent-1,ap-south-1
svc-notify,notify-worker,2025-04-17T17:15:00Z,200,81,ms,agent-1,ap-south-1
svc-auth,auth-api,2025-04-15T22:30:00Z,200,117,ms,agent-1,ap-south-1
svc-search,search-api,2025-04-10T22:00:00Z,200,0.51,s,agent-1,ap-south-1
svc-reports,reports-api,2025-04-12T06:30:00Z,200,862,ms,agent-1,ap-south-1
svc-notify,notify-worker,2025-04-21T23:15:00Z,200,120,ms,agent-1,ap-south-1
svc-notify,notify-worker,2025-04-18T09:00:00Z,200,118,ms,agent-1,ap-south-1
svc-search,search-api,2025-04-20T03:45:00Z,200,0.599,s,agent-1,ap-south-1
svc-notify,notify-worker,2025-04-16T16:45:00Z,200,143,ms,agent-1,ap-south-1
svc-auth,auth-api,2025-04-16T18:00:00Z,200,152,ms,agent-1,ap-south-1
svc-auth,auth-api,2025-04-12T21:00:00Z,200,142,ms,agent-1,ap-south-1
svc-search,search-api,2025-04-13T12:45:00Z,200,0.478,s,agent-2,ap-south-1
svc-auth,auth-api,2025-04-17T19:45:00Z,200,137,ms,agent-1,ap-south-1
svc-payments,payments-api,2025-04-14T07:30:00Z,200,461,ms,agent-1,ap-south-1
svc-payments,payments-api,2025-04-14T21:45:00Z,200,473,ms,agent-1,ap-south-1
svc-notify,notify-worker,2025-04-10T12:00:00Z,200,86,ms,agent-1,ap-south-1
svc-payments,payments-api,2025-04-14T23:15:00Z,200,448,ms,agent-1,ap-south-1
svc-payments,payments-api,1745133300,200,343,ms,agent-1,ap-south-1
svc-reports,reports-api,2025-04-14T19:30:00Z,200,730,ms,agent-1,ap-south-1
svc-notify,notify-worker,2025-04-18T17:15:00Z,200,98,ms,agent-1,ap-south-1
svc-reports,reports-api,2025-04-10T21:30:00Z,200,759,ms,agent-1,ap-south-1
svc-payments,payments-api,2025-04-21T16:15:00Z,200,285,ms,agent-1,ap-south-1
svc-auth,auth-api,2025-04-11T11:15:00Z,200,129,ms,agent-2,ap-south-1
svc-payments,payments-api,2025-04-17T03:15:00Z,200,313,ms,agent-2,ap-south-1
svc-notify,notify-worker,2025-04-14T21:15:00Z,200,134,ms,agent-1,ap-south-1
svc-payments,payments-api,2025-04-10T19:45:00Z,200,349,ms,agent-1,ap-south-1
svc-reports,reports-api,2025-04-18T14:15:00Z,200,861,ms,agent-1,ap-south-1
svc-reports,reports-api,2025-04-12T12:00:00Z,200,815,ms,agent-1,ap-south-1
svc-reports,reports-api,2025-04-10T23:00:00Z,200,768,ms,agent-1,ap-south-1
svc-reports,reports-api,2025-04-20T01:00:00Z,200,531,ms,agent-1,ap-south-1
svc-search,search-api,2025-04-10T13:15:00Z,200,0.51,s,agent-2,ap-south-1
svc-auth,auth-api,2025-04-10T23:15:00Z,200,166,ms,agent-1,ap-south-1
svc-notify,notify-worker,2025-04-13T08:30:00Z,200,82,ms,agent-1,ap-south-1
svc-payments,payments-api,2025-04-13T01:15:00Z,200,397,ms,agent-1,ap-south-1
svc-search,search-api,1744352100,200,0.636,s,agent-1,ap-south-1
svc-payments,payments-api,2025-04-11T08:00:00Z,502,304,ms,agent-1,ap-south-1
svc-reports,reports-api,2025-04-14T06:15:00Z,200,577,ms,agent-1,ap-south-1
svc-reports,reports-api,2025-04-11T17:00:00Z,200,522,ms,agent-1,ap-south-1
svc-reports,reports-api,2025-04-16T03:00:00Z,200,467,ms,agent-1,ap-south-1
svc-payments,payments-api,2025-04-17T02:15:00Z,200,341,ms,agent-1,ap-south-1
svc-notify,notify-worker,2025-04-18T18:45:00Z,200,98,ms,agent-1,ap-south-1
svc-payments,payments-api,2025-04-20T04:15:00Z,200,357,ms,agent-1,ap-south-1
svc-notify,notify-worker,1744920900,200,116,ms,agent-1,ap-south-1
svc-reports,reports-api,2025-04-20T17:30:00Z,200,524,ms,agent-1,ap-south-1
svc-auth,auth-api,2025-04-10T16:15:00Z,200,159,ms,agent-1,ap-south-1
svc-payments,payments-api,2025-04-11T23:45:00Z,200,366,ms,agent-1,ap-south-1
svc-search,search-api,2025-04-12T22:30:00Z,200,0.486,s,agent-1,ap-south-1
svc-auth,auth-api,2025-04-10T18:15:00Z,200,133,ms,agent-1,ap-south-1
svc-search,search-api,2025-04-12T07:00:00Z,200,0.717,s,agent-1,ap-south-1
svc-search,search-api,2025-04-16T20:00:00Z,200,0.634,s,agent-1,ap-south-1
svc-auth,auth-api,2025-04-13T17:30:00Z,200,165,ms,agent-1,ap-south-1
svc-reports,reports-api,2025-04-20T10:30:00Z,200,795,ms,agent-1,ap-south-1
svc-search,search-api,2025-04-11T17:00:00Z,200,0.599,s,agent-1,ap-south-1
svc-reports,reports-api,2025-04-16T02:30:00Z,200,564,ms,agent-1,ap-south-1
svc-search,search-api,2025-04-16T12:00:00Z,200,0.518,s,agent-1,ap-south-1
svc-notify,notify-worker,2025-04-12T18:00:00Z,200,89,ms,agent-1,ap-south-1
svc-reports,reports-api,2025-04-18T14:00:00Z,200,510,ms,agent-1,ap-south-1
svc-search,search-api,2025-04-18T00:00:00Z,200,0.677,s,agent-1,ap-south-1
svc-reports,reports-api,2025-04-15T06:45:00Z,200,441,ms,agent-1,ap-south-1
svc-auth,auth-api,2025-04-17T21:15:00Z,200,147,ms,agent-1,ap-south-1
svc-payments,payments-api,2025-04-16T09:45:00Z,200,312,ms,agent-1,ap-south-1
svc-payments,payments-api,1745012700,200,432,ms,agent-1,ap-south-1
svc-reports,reports-api,2025-04-14T01:30:00Z,200,746,ms,agent-1,ap-south-1
svc-payments,payments-api,2025-04-14T18:30:00Z,200,363,ms,agent-1,ap-south-1
svc-notify,notify-worker,2025-04-16T15:30:00Z,200,85,ms,agent-1,ap-south-1
svc-reports,reports-api,2025-04-19T19:15:00Z,200,852,ms,agent-1,ap-south-1
svc-auth,auth-api,2025-04-14T08:45:00Z,200,143,ms,agent-1,ap-south-1
svc-notify,notify-worker,2025-04-13T10:30:00Z,200,104,ms,agent-1,ap-south-1
svc-search,search-api,2025-04-21T03:45:00Z,200,0.553,s,agent-1,ap-south-1
svc-reports,reports-api,2025-04-10T14:00:00Z,200,588,ms,agent-1,ap-south-1
svc-reports,reports-api,2025-04-12T23:15:00Z,200,841,ms,agent-1,ap-south-1
svc-search,search-api,2025-04-17T03:30:00Z,200,0.627,s,agent-1,ap-south-1
svc-auth,auth-api,2025-04-20T20:45:00Z,200,135,ms,agent-1,ap-south-1
svc-payments,payments-api,2025-04-14T02:30:00Z,200,,ms,agent-1,ap-south-1
svc-auth,auth-api,2025-04-18T07:00:00Z,200,111,ms,agent-1,ap-south-1
svc-notify,notify-worker,1744742700,200,136,ms,agent-1,ap-south-1
svc-notify,notify-worker,2025-04-10T05:30:00Z,200,92,ms,agent-1,ap-south-1
svc-notify,notify-worker,2025-04-20T16:15:00Z,200,146,ms,agent-1,ap-south-1
svc-reports,reports-api,2025-04-13T06:00:00Z,200,529,ms,agent-1,ap-south-1
svc-auth,auth-api,2025-04-10T13:00:00Z,200,171,ms,agent-1,ap-south-1
svc-search,search-api,2025-04-18T05:15:00Z,200,0.37,s,agent-1,ap-south-1
svc-search,search-api,2025-04-20T12:45:00Z,200,0.479,s,agent-1,ap-south-1
svc-search,search-api,2025-04-14T16:30:00Z,502,1.543,s,agent-1,ap-south-1
svc-auth,auth-api,2025-04-19T07:30:00Z,200,181,ms,agent-1,ap-south-1
svc-notify,notify-worker,2025-04-11T08:15:00Z,200,135,ms,agent-1,ap-south-1
svc-notify,notify-worker,2025-04-12T02:00:00Z,200,109,ms,agent-1,ap-south-1
svc-payments,payments-api,2025-04-18T12:45:00Z,200,463,ms,agent-2,ap-south-1
svc-reports,reports-api,2025-04-10T11:00:00Z,200,576,ms,agent-1,ap-south-1
svc-auth,auth-api,2025-04-11T12:00:00Z,200,135,ms,agent-1,ap-south-1
svc-notify,notify-worker,2025-04-17T23:30:00Z,200,126,ms,agent-1,ap-south-1
svc-auth,auth-api,2025-04-20T17:15:00Z,200,156,ms,agent-1,ap-south-1
svc-reports,reports-api,2025-04-21T12:00:00Z,200,663,ms,agent-1,ap-south-1
svc-payments,payments-api,2025-04-10T18:15:00Z,200,269,ms,agent-1,ap-south-1
svc-notify,notify-worker,2025-04-19T01:45:00Z,200,150,ms,agent-1,ap-south-1
svc-search,search-api,2025-04-20T18:45:00Z,200,0.672,s,agent-1,ap-south-1
svc-notify,notify-worker,2025-04-20T01:45:00Z,200,99,ms,agent-1,ap-south-1
svc-auth,auth-api,2025-04-21T02:30:00Z,200,97,ms,agent-1,ap-south-1
svc-payments,payments-api,2025-04-19T11:30:00Z,200,466,ms,agent-1,ap-south-1
svc-search,search-api,2025-04-16T23:45:00Z,200,0.711,s,agent-1,ap-south-1
svc-search,search-api,2025-04-20T20:00:00Z,200,0.444,s,agent-2,ap-south-1
svc-payments,payments-api,2025-04-11T15:15:00Z,200,360,ms,agent-2,ap-south-1
svc-search,search-api,2025-04-19T14:15:00Z,200,0.436,s,agent-1,ap-south-1
svc-search,search-api,2025-04-13T10:45:00+05:30,200,0.524,s,agent-1,ap-south-1
svc-auth,auth-api,2025-04-21T15:15:00Z,200,112,ms,agent-1,ap-south-1
svc-search,search-api,2025-04-11T16:30:00Z,200,0.619,s,agent-1,ap-south-1
svc-auth,auth-api,2025-04-10T11:15:00Z,200,149,ms,agent-1,ap-south-1
svc-auth,auth-api,2025-04-19T19:00:00Z,200,141,ms,agent-2,ap-south-1
svc-auth,auth-api,2025-04-17T18:15:00Z,200,125,ms,agent-2,ap-south-1
svc-auth,auth-api,2025-04-21T04:30:00Z,200,176,ms,agent-1,ap-south-1
svc-notify,notify-worker,2025-04-16T12:45:00Z,200,146,ms,agent-1,ap-south-1
svc-notify,notify-worker,2025-04-14T11:30:00Z,200,102,ms,agent-1,ap-south-1
svc-notify,notify-worker,2025-04-17T04:30:00Z,200,148,ms,agent-1,ap-south-1
svc-payments,payments-api,2025-04-21T14:00:00Z,200,395,ms,agent-1,ap-south-1
svc-payments,payments-api,2025-04-19T16:30:00Z,200,292,ms,agent-1,ap-south-1
svc-auth,auth-api,2025-04-15T08:00:00Z,200,126,ms,agent-1,ap-south-1
svc-auth,auth-api,2025-04-18T10:00:00Z,200,139,ms,agent-1,ap-south-1
svc-reports,reports-api,2025-04-21T20:45:00Z,200,432,ms,agent-1,ap-south-1
svc-auth,auth-api,2025-04-20T08:15:00Z,200,169,ms,agent-1,ap-south-1
svc-auth,auth-api,2025-04-10T07:30:00Z,200,163,ms,agent-1,ap-south-1
svc-auth,auth-api,2025-04-17T09:30:00Z,200,148,ms,agent-1,ap-south-1
svc-auth,auth-api,2025-04-21T16:30:00Z,200,135,ms,agent-1,ap-south-1
svc-reports,reports-api,2025-04-16T14:00:00Z,200,500,ms,agent-1,ap-south-1
svc-reports,reports-api,2025-04-19T09:30:00Z,200,722,ms,agent-1,ap-south-1
svc-payments,payments-api,2025-04-17T17:45:00Z,200,326,ms,agent-1,ap-south-1
svc-reports,reports-api,2025-04-17T21:15:00Z,200,547,ms,agent-1,ap-south-1
svc-payments,payments-api,2025-04-10T14:00:00Z,200,489,ms,agent-1,ap-south-1
svc-notify,notify-worker,2025-04-15T16:00:00Z,200,109,ms,agent-1,ap-south-1
svc-notify,notify-worker,2025-04-13T19:30:00Z,200,107,ms,agent-1,ap-south-1
svc-reports,reports-api,2025-04-17T06:30:00Z,200,732,ms,agent-1,ap-south-1
svc-notify,notify-worker,2025-04-14T05:30:00Z,200,104,ms,agent-1,ap-south-1
svc-search,search-api,2025-04-13T01:00:00Z,200,0.531,s,agent-2,ap-south-1
svc-notify,notify-worker,2025-04-18T08:45:00Z,200,92,ms,agent-1,ap-south-1
svc-auth,auth-api,2025-04-12T21:45:00Z,200,122,ms,agent-1,ap-south-1
svc-payments,payments-api,2025-04-11T13:00:00Z,200,267,ms,agent-1,ap-south-1
svc-reports,reports-api,2025-04-10T16:30:00Z,200,668,ms,agent-1,ap-south-1
svc-notify,notify-worker,2025-04-11T14:00:00Z,200,124,ms,agent-1,ap-south-1
svc-auth,auth-api,2025-04-19T17:00:00Z,200,179,ms,agent-1,ap-south-1
svc-reports,reports-api,2025-04-11T11:00:00Z,200,493,ms,agent-1,ap-south-1
svc-search,search-api,2025-04-11T08:15:00Z,200,0.433,s,agent-1,ap-south-1
svc-search,search-api,2025-04-21T17:00:00Z,200,0.625,s,agent-1,ap-south-1
svc-auth,auth-api,2025-04-16T22:15:00Z,200,129,ms,agent-1,ap-south-1
svc-reports,reports-api,2025-04-16T11:45:00Z,200,437,ms,agent-2,ap-south-1
svc-payments,payments-api,2025-04-20T08:00:00Z,200,283,ms,agent-1,ap-south-1
svc-search,search-api,2025-04-10T00:45:00Z,200,0.66,s,agent-1,ap-south-1
svc-auth,auth-api,2025-04-13T03:30:00Z,200,157,ms,agent-1,ap-south-1
svc-payments,payments-api,2025-04-10T10:15:00Z,200,454,ms,agent-1,ap-south-1
svc-reports,reports-api,2025-04-11T01:45:00Z,200,438,ms,agent-1,ap-south-1
svc-notify,notify-worker,2025-04-20T23:30:00Z,200,77,ms,agent-1,ap-south-1
svc-reports,reports-api,2025-04-11T19:15:00Z,200,548,ms,agent-1,ap-south-1
svc-search,search-api,2025-04-15T05:00:00Z,200,0.407,s,agent-1,ap-south-1
svc-payments,payments-api,2025-04-14T18:00:00Z,200,484,ms,agent-1,ap-south-1
svc-auth,auth-api,2025-04-18T16:00:00Z,200,176,ms,agent-1,ap-south-1
svc-reports,reports-api,2025-04-10T01:30:00Z,200,538,ms,agent-1,ap-south-1
svc-reports,reports-api,2025-04-18T05:00:00Z,200,766,ms,agent-1,ap-south-1
svc-search,search-api,2025-04-19T21:45:00Z,200,0.622,s,agent-1,ap-south-1
svc-reports,reports-api,1744243200,200,751,ms,agent-1,ap-south-1
svc-payments,payments-api,2025-04-16T16:30:00Z,200,258,ms,agent-1,ap-south-1
svc-notify,notify-worker,2025-04-15T12:45:00Z,200,88,ms,agent-1,ap-south-1
svc-notify,notify-worker,2025-04-12T21:15:00Z,200,99,ms,agent-1,ap-south-1
svc-payments,payments-api,2025-04-21T02:00:00Z,200,293,ms,agent-1,ap-south-1
svc-payments,payments-api,2025-04-12T14:45:00Z,200,452,ms,agent-1,ap-south-1
svc-payments,payments-api,2025-04-14T21:00:00Z,200,498,ms,agent-2,ap-south-1
svc-reports,reports-api,2025-04-15T09:15:00Z,200,557,ms,agent-2,ap-south-1
svc-reports,reports-api,2025-04-17T20:30:00Z,200,692,ms,agent-1,ap-south-1
svc-search,search-api,2025-04-12T02:30:00Z,200,0.431,s,agent-1,ap-south-1
svc-auth,auth-api,2025-04-18T06:30:00Z,200,185,ms,agent-1,ap-south-1
svc-reports,reports-api,2025-04-11T02:45:00Z,200,755,ms,agent-1,ap-south-1
svc-reports,reports-api,2025-04-14T04:00:00Z,200,760,ms,agent-1,ap-south-1
svc-auth,auth-api,2025-04-11T02:00:00Z,200,102,ms,agent-2,ap-south-1
svc-reports,reports-api,2025-04-11T22:45:00Z,200,683,ms,agent-1,ap-south-1
svc-notify,notify-worker,2025-04-10T08:45:00Z,200,138,ms,agent-1,ap-south-1
svc-payments,payments-api,2025-04-16T03:30:00Z,200,371,ms,agent-1,ap-south-1
svc-reports,reports-api,2025-04-20T23:30:00Z,200,,ms,agent-1,ap-south-1
svc-payments,payments-api,2025-04-17T23:30:00Z,200,378,ms,agent-1,ap-south-1
svc-search,search-api,2025-04-13T04:15:00Z,200,0.468,s,agent-1,ap-south-1
svc-auth,auth-api,2025-04-14T15:30:00Z,200,109,ms,agent-1,ap-south-1
svc-auth,auth-api,2025-04-16T13:45:00Z,200,173,ms,agent-2,ap-south-1
svc-search,search-api,2025-04-14T03:15:00Z,200,0.454,s,agent-1,ap-south-1
svc-notify,notify-worker,2025-04-13T07:45:00Z,200,83,ms,agent-1,ap-south-1
svc-search,search-api,2025-04-14T07:45:00Z,200,0.492,s,agent-1,ap-south-1
svc-auth,auth-api,2025-04-18T20:45:00Z,200,182,ms,agent-1,ap-south-1
svc-auth,auth-api,2025-04-15T12:00:00Z,200,139,ms,agent-1,ap-south-1
svc-auth,auth-api,2025-04-14T07:45:00Z,200,126,ms,agent-1,ap-south-1
svc-search,search-api,2025-04-15T22:15:00Z,200,0.367,s,agent-1,ap-south-1
svc-notify,notify-worker,2025-04-10T09:15:00Z,200,106,ms,agent-1,ap-south-1
svc-auth,auth-api,2025-04-15T19:45:00Z,200,186,ms,agent-2,ap-south-1
svc-notify,notify-worker,2025-04-13T08:45:00Z,200,123,ms,agent-1,ap-south-1
svc-payments,payments-api,2025-04-20T07:00:00Z,200,272,ms,agent-1,ap-south-1
svc-notify,notify-worker,2025-04-14T20:45:00Z,200,95,ms,agent-1,ap-south-1
svc-search,search-api,2025-04-18T06:15:00Z,200,0.469,s,agent-1,ap-south-1
svc-reports,reports-api,2025-04-12T17:00:00Z,502,677,ms,agent-1,ap-south-1
svc-search,search-api,2025-04-11T16:00:00Z,200,0.51,s,agent-1,ap-south-1
svc-search,search-api,2025-04-17T15:00:00Z,200,0.571,s,agent-1,ap-south-1
svc-search,search-api,2025-04-17T19:00:00Z,200,0.394,s,agent-1,ap-south-1
svc-notify,notify-worker,2025-04-10T08:00:00Z,200,130,ms,agent-1,ap-south-1
svc-payments,payments-api,2025-04-10T22:30:00Z,200,328,ms,agent-2,ap-south-1
svc-payments,payments-api,2025-04-19T20:30:00Z,200,379,ms,agent-1,ap-south-1
svc-search,search-api,2025-04-10T08:45:00Z,200,0.367,s,agent-1,ap-south-1
svc-payments,payments-api,2025-04-11T19:30:00Z,500,439,ms,agent-1,ap-south-1
svc-auth,auth-api,2025-04-21T22:15:00Z,200,132,ms,agent-1,ap-south-1
svc-auth,auth-api,2025-04-20T21:30:00Z,200,158,ms,agent-1,ap-south-1
svc-reports,reports-api,2025-04-14T06:45:00Z,200,500,ms,agent-1,ap-south-1
svc-notify,notify-worker,2025-04-20T20:00:00Z,200,115,ms,agent-1,ap-south-1
svc-reports,reports-api,2025-04-14T02:00:00Z,200,797,ms,agent-1,ap-south-1
svc-reports,reports-api,2025-04-13T20:45:00Z,200,503,ms,agent-1,ap-south-1
svc-search,search-api,2025-04-19T08:15:00Z,503,0.648,s,agent-1,ap-south-1
svc-reports,reports-api,2025-04-10T19:45:00Z,200,555,ms,agent-1,ap-south-1
svc-notify,notify-worker,2025-04-17T18:45:00Z,200,125,ms,agent-1,ap-south-1
svc-reports,reports-api,2025-04-18T18:30:00Z,500,435,ms,agent-1,ap-south-1
svc-payments,payments-api,2025-04-18T21:15:00Z,200,343,ms,agent-1,ap-south-1
svc-auth,auth-api,2025-04-17T23:30:00Z,200,,ms,agent-1,ap-south-1
svc-search,search-api,2025-04-20T16:15:00Z,200,0.36,s,agent-1,ap-south-1
svc-notify,notify-worker,2025-04-21T02:15:00Z,200,103,ms,agent-1,ap-south-1
svc-payments,payments-api,2025-04-13T06:15:00Z,502,256,ms,agent-1,ap-south-1
svc-auth,auth-api,2025-04-16T02:45:00Z,200,99,ms,agent-1,ap-south-1
svc-notify,notify-worker,2025-04-18T02:15:00Z,200,92,ms,agent-1,ap-south-1
svc-notify,notify-worker,2025-04-15T07:00:00Z,200,100,ms,agent-1,ap-south-1
svc-reports,reports-api,2025-04-15T14:45:00Z,200,824,ms,agent-1,ap-south-1
svc-search,search-api,2025-04-17T03:45:00Z,200,0.47,s,agent-1,ap-south-1
svc-search,search-api,2025-04-17T20:45:00Z,500,0.55,s,agent-1,ap-south-1
svc-search,search-api,2025-04-18T01:45:00Z,200,0.612,s,agent-1,ap-south-1
svc-payments,payments-api,2025-04-13T03:15:00Z,200,412,ms,agent-1,ap-south-1
svc-search,search-api,2025-04-11T07:30:00Z,200,0.448,s,agent-1,ap-south-1
svc-payments,payments-api,2025-04-12T06:30:00Z,200,322,ms,agent-1,ap-south-1
svc-payments,payments-api,2025-04-18T03:45:00Z,200,428,ms,agent-1,ap-south-1
svc-reports,reports-api,2025-04-13T15:00:00Z,200,567,ms,agent-1,ap-south-1
svc-payments,payments-api,2025-04-11T15:00:00Z,200,466,ms,agent-1,ap-south-1
svc-reports,reports-api,2025-04-20T02:30:00Z,200,555,ms,agent-1,ap-south-1
svc-payments,payments-api,2025-04-16T08:00:00Z,200,298,ms,agent-1,ap-south-1
svc-search,search-api,2025-04-13T13:15:00Z,200,0.509,s,agent-1,ap-south-1
svc-auth,auth-api,2025-04-16T02:00:00Z,200,112,ms,agent-1,ap-south-1
svc-reports,reports-api,2025-04-21T02:00:00Z,200,436,ms,agent-2,ap-south-1
svc-notify,notify-worker,2025-04-10T16:45:00Z,200,141,ms,agent-1,ap-south-1
svc-reports,reports-api,2025-04-19T18:00:00Z,200,597,ms,agent-1,ap-south-1
svc-search,search-api,2025-04-18T12:45:00Z,200,2.009,s,agent-1,ap-south-1
svc-search,search-api,2025-04-14T11:00:00Z,200,0.436,s,agent-1,ap-south-1
svc-notify,notify-worker,2025-04-16T09:15:00Z,200,101,ms,agent-2,ap-south-1
svc-search,search-api,2025-04-14T16:45:00Z,500,1.622,s,agent-1,ap-south-1
svc-reports,reports-api,2025-04-15T03:45:00Z,200,704,ms,agent-1,ap-south-1
svc-auth,auth-api,2025-04-13T12:00:00Z,200,155,ms,agent-1,ap-south-1
svc-auth,auth-api,2025-04-12T06:00:00Z,200,109,ms,agent-1,ap-south-1
svc-notify,notify-worker,2025-04-13T01:30:00Z,200,110,ms,agent-1,ap-south-1
svc-auth,auth-api,2025-04-18T02:30:00Z,200,136,ms,agent-2,ap-south-1
svc-auth,auth-api,2025-04-17T19:15:00Z,200,126,ms,agent-1,ap-south-1
svc-search,search-api,2025-04-15T06:15:00Z,200,0.493,s,agent-2,ap-south-1
svc-payments,payments-api,2025-04-18T04:45:00Z,200,352,ms,agent-1,ap-south-1
svc-notify,notify-worker,2025-04-14T18:45:00Z,200,113,ms,agent-1,ap-south-1
svc-reports,reports-api,2025-04-14T00:30:00Z,200,454,ms,agent-1,ap-south-1
svc-auth,auth-api,2025-04-16T21:00:00Z,200,158,ms,agent-1,ap-south-1
svc-notify,notify-worker,2025-04-15T16:30:00Z,200,139,ms,agent-1,ap-south-1
svc-auth,auth-api,2025-04-13T13:00:00Z,200,106,ms,agent-1,ap-south-1
svc-notify,notify-worker,2025-04-10T13:30:00Z,200,126,ms,agent-1,ap-south-1
svc-search,search-api,2025-04-12T02:15:00Z,200,0.693,s,agent-1,ap-south-1
svc-reports,reports-api,2025-04-13T04:00:00Z,200,544,ms,agent-1,ap-south-1
svc-notify,notify-worker,2025-04-16T11:45:00Z,200,88,ms,agent-2,ap-south-1
svc-payments,payments-api,2025-04-20T14:00:00Z,200,437,ms,agent-1,ap-south-1
svc-search,search-api,2025-04-15T20:30:00Z,200,0.64,s,agent-1,ap-south-1
svc-notify,notify-worker,2025-04-15T20:45:00Z,200,109,ms,agent-1,ap-south-1
svc-payments,payments-api,2025-04-16T02:15:00Z,200,343,ms,agent-1,ap-south-1
svc-search,search-api,2025-04-13T01:30:00Z,200,0.458,s,agent-1,ap-south-1
svc-notify,notify-worker,2025-04-17T20:00:00Z,200,80,ms,agent-1,ap-south-1
svc-auth,auth-api,2025-04-10T14:15:00Z,200,111,ms,agent-1,ap-south-1
svc-reports,reports-api,2025-04-21T09:30:00Z,200,623,ms,agent-1,ap-south-1
svc-notify,notify-worker,2025-04-21T23:00:00Z,200,113,ms,agent-1,ap-south-1
svc-search,search-api,2025-04-10T08:30:00Z,200,0.587,s,agent-1,ap-south-1
svc-notify,notify-worker,2025-04-11T01:15:00Z,200,90,ms,agent-1,ap-south-1
svc-search,search-api,2025-04-21T12:00:00Z,200,0.715,s,agent-2,ap-south-1
svc-notify,notify-worker,2025-04-13T22:15:00Z,200,102,ms,agent-1,ap-south-1
svc-payments,payments-api,2025-04-18T19:45:00Z,200,349,ms,agent-1,ap-south-1
svc-search,search-api,2025-04-20T05:30:00Z,200,0.528,s,agent-1,ap-south-1
svc-payments,payments-api,2025-04-20T22:15:00Z,200,399,ms,agent-1,ap-south-1
svc-reports,reports-api,2025-04-15T02:00:00Z,200,571,ms,agent-1,ap-south-1
svc-auth,auth-api,2025-04-20T07:30:00Z,200,127,ms,agent-1,ap-south-1
svc-payments,payments-api,2025-04-11T16:00:00Z,200,493,ms,agent-1,ap-south-1
svc-payments,payments-api,2025-04-19T01:30:00Z,200,252,ms,agent-1,ap-south-1
svc-notify,notify-worker,2025-04-19T09:00:00Z,200,130,ms,agent-1,ap-south-1
svc-auth,auth-api,2025-04-10T15:00:00Z,200,110,ms,agent-1,ap-south-1
svc-search,search-api,2025-04-11T02:45:00Z,200,0.704,s,agent-1,ap-south-1
svc-auth,auth-api,2025-04-14T14:00:00Z,200,118,ms,agent-1,ap-south-1
svc-notify,notify-worker,2025-04-21T12:45:00Z,200,131,ms,agent-1,ap-south-1
svc-payments,payments-api,2025-04-15T11:30:00Z,200,303,ms,agent-1,ap-south-1
svc-notify,notify-worker,2025-04-14T05:00:00Z,200,151,ms,agent-1,ap-south-1
svc-search,search-api,2025-04-19T19:00:00Z,200,0.602,s,agent-1,ap-south-1
svc-payments,payments-api,2025-04-20T21:15:00Z,200,398,ms,agent-1,ap-south-1
svc-reports,reports-api,2025-04-15T18:00:00Z,200,446,ms,agent-1,ap-south-1
svc-notify,notify-worker,2025-04-21T00:45:00Z,200,78,ms,agent-1,ap-south-1
svc-notify,notify-worker,2025-04-12T05:00:00Z,200,136,ms,agent-1,ap-south-1
svc-auth,auth-api,2025-04-17T14:45:00Z,200,120,ms,agent-1,ap-south-1
svc-notify,notify-worker,2025-04-12T12:30:00Z,200,115,ms,agent-1,ap-south-1
svc-search,search-api,2025-04-16T18:45:00Z,200,0.707,s,agent-1,ap-south-1
svc-reports,reports-api,2025-04-20T18:00:00Z,200,858,ms,agent-1,ap-south-1
svc-auth,auth-api,2025-04-16T14:45:00Z,200,125,ms,agent-1,ap-south-1
svc-search,search-api,2025-04-17T07:15:00Z,200,0.452,s,agent-1,ap-south-1
svc-auth,auth-api,2025-04-10T12:15:00Z,200,119,ms,agent-1,ap-south-1
svc-search,search-api,2025-04-20T19:45:00Z,200,0.53,s,agent-1,ap-south-1
svc-reports,reports-api,2025-04-15T18:45:00Z,200,512,ms,agent-1,ap-south-1
svc-auth,auth-api,2025-04-21T12:45:00Z,200,130,ms,agent-1,ap-south-1
svc-notify,notify-worker,2025-04-12T21:00:00Z,200,148,ms,agent-1,ap-south-1
svc-auth,auth-api,2025-04-17T09:15:00Z,200,151,ms,agent-1,ap-south-1
svc-reports,reports-api,2025-04-19T13:00:00Z,200,826,ms,agent-1,ap-south-1
svc-reports,reports-api,2025-04-19T16:15:00Z,200,472,ms,agent-1,ap-south-1
svc-notify,notify-worker,2025-04-19T10:45:00Z,200,83,ms,agent-1,ap-south-1
svc-auth,auth-api,2025-04-16T05:30:00Z,200,181,ms,agent-1,ap-south-1
svc-search,search-api,2025-04-16T04:45:00Z,200,0.582,s,agent-1,ap-south-1
svc-notify,notify-worker,2025-04-21T15:45:00Z,200,,ms,agent-1,ap-south-1
svc-payments,payments-api,2025-04-11T23:00:00Z,200,440,ms,agent-1,ap-south-1
svc-notify,notify-worker,2025-04-20T04:00:00Z,200,112,ms,agent-1,ap-south-1
svc-reports,reports-api,2025-04-10T16:15:00Z,200,666,ms,agent-1,ap-south-1
svc-payments,payments-api,2025-04-16T05:15:00Z,200,304,ms,agent-1,ap-south-1
svc-auth,auth-api,2025-04-21T14:30:00Z,200,175,ms,agent-1,ap-south-1
svc-reports,reports-api,2025-04-10T11:45:00Z,502,521,ms,agent-1,ap-south-1
svc-auth,auth-api,2025-04-20T06:45:00Z,200,141,ms,agent-1,ap-south-1
svc-auth,auth-api,2025-04-17T01:45:00Z,200,166,ms,agent-1,ap-south-1
svc-auth,auth-api,2025-04-14T19:30:00Z,200,134,ms,agent-1,ap-south-1
svc-reports,reports-api,2025-04-15T14:30:00Z,200,448,ms,agent-1,ap-south-1
svc-payments,payments-api,2025-04-14T12:45:00Z,200,419,ms,agent-1,ap-south-1
svc-search,search-api,2025-04-13T11:00:00Z,200,0.69,s,agent-1,ap-south-1
svc-notify,notify-worker,2025-04-16T15:15:00Z,200,141,ms,agent-1,ap-south-1
svc-reports,reports-api,1745088300,200,709,ms,agent-1,ap-south-1
svc-reports,reports-api,2025-04-10T13:30:00Z,200,588,ms,agent-1,ap-south-1
svc-reports,reports-api,2025-04-16T05:15:00Z,200,830,ms,agent-1,ap-south-1
svc-auth,auth-api,2025-04-11T02:45:00Z,200,115,ms,agent-1,ap-south-1
svc-notify,notify-worker,2025-04-19T04:15:00Z,200,131,ms,agent-1,ap-south-1
svc-search,search-api,2025-04-21T05:45:00Z,200,0.462,s,agent-1,ap-south-1
svc-auth,auth-api,2025-04-13T12:45:00Z,200,174,ms,agent-1,ap-south-1
svc-notify,notify-worker,2025-04-17T04:15:00Z,200,151,ms,agent-1,ap-south-1
svc-notify,notify-worker,2025-04-12T13:00:00Z,200,110,ms,agent-1,ap-south-1
svc-notify,notify-worker,2025-04-20T12:15:00Z,200,122,ms,agent-1,ap-south-1
svc-search,search-api,2025-04-12T23:45:00Z,200,0.557,s,agent-1,ap-south-1
svc-reports,reports-api,2025-04-17T20:15:00Z,200,772,ms,agent-1,ap-south-1
svc-reports,reports-api,2025-04-14T01:00:00Z,200,780,ms,agent-1,ap-south-1
svc-search,search-api,2025-04-13T10:30:00Z,200,0.394,s,agent-1,ap-south-1
svc-notify,notify-worker,2025-04-18T15:15:00Z,200,143,ms,agent-1,ap-south-1
svc-payments,payments-api,2025-04-20T11:00:00Z,200,265,ms,agent-1,ap-south-1
svc-search,search-api,2025-04-10T18:30:00Z,200,0.554,s,agent-1,ap-south-1
svc-notify,notify-worker,2025-04-18T08:15:00+05:30,200,95,ms,agent-1,ap-south-1
svc-search,search-api,2025-04-14T15:45:00Z,502,1.975,s,agent-1,ap-south-1
svc-payments,payments-api,2025-04-12T11:00:00Z,200,249,ms,agent-1,ap-south-1
svc-notify,notify-worker,2025-04-16T11:30:00Z,200,148,ms,agent-1,ap-south-1
svc-reports,reports-api,2025-04-21T08:30:00Z,503,833,ms,agent-1,ap-south-1
svc-reports,reports-api,2025-04-14T07:45:00Z,200,558,ms,agent-1,ap-south-1
svc-reports,reports-api,2025-04-21T22:45:00Z,200,503,ms,agent-1,ap-south-1
svc-search,search-api,2025-04-14T20:45:00Z,200,0.649,s,agent-1,ap-south-1
svc-notify,notify-worker,2025-04-21T01:15:00Z,200,99,ms,agent-1,ap-south-1
svc-auth,auth-api,2025-04-15T15:45:00Z,200,170,ms,agent-1,ap-south-1
svc-search,search-api,2025-04-21T03:15:00Z,200,0.714,s,agent-1,ap-south-1
svc-reports,reports-api,2025-04-19T13:30:00Z,200,458,ms,agent-1,ap-south-1
svc-notify,notify-worker,2025-04-14T09:15:00Z,200,112,ms,agent-1,ap-south-1
svc-notify,notify-worker,2025-04-12T04:45:00Z,200,103,ms,agent-1,ap-south-1
svc-auth,auth-api,2025-04-12T16:00:00Z,200,117,ms,agent-1,ap-south-1
svc-notify,notify-worker,2025-04-14T09:45:00Z,200,103,ms,agent-1,ap-south-1
svc-payments,payments-api,2025-04-19T23:30:00Z,200,303,ms,agent-2,ap-south-1
svc-payments,payments-api,2025-04-10T19:00:00Z,200,490,ms,agent-1,ap-south-1
svc-payments,payments-api,2025-04-10T21:15:00Z,200,441,ms,agent-1,ap-south-1
svc-notify,notify-worker,2025-04-10T20:30:00Z,200,121,ms,agent-1,ap-south-1
svc-auth,auth-api,2025-04-12T09:15:00Z,200,163,ms,agent-1,ap-south-1
svc-notify,notify-worker,2025-04-21T05:00:00Z,200,150,ms,agent-1,ap-south-1
svc-notify,notify-worker,2025-04-20T18:00:00Z,200,73,ms,agent-2,ap-south-1
svc-notify,notify-worker,2025-04-17T10:30:00Z,200,116,ms,agent-1,ap-south-1
svc-search,search-api,2025-04-14T03:00:00Z,200,0.5,s,agent-2,ap-south-1
svc-auth,auth-api,2025-04-18T01:00:00Z,200,177,ms,agent-1,ap-south-1
svc-payments,payments-api,2025-04-16T10:30:00Z,200,489,ms,agent-2,ap-south-1
svc-reports,reports-api,2025-04-10T15:15:00Z,200,862,ms,agent-1,ap-south-1
svc-reports,reports-api,2025-04-19T02:00:00Z,200,863,ms,agent-1,ap-south-1
svc-search,search-api,2025-04-17T06:45:00Z,200,0.446,s,agent-1,ap-south-1
svc-reports,reports-api,2025-04-21T19:30:00Z,200,499,ms,agent-1,ap-south-1
svc-auth,auth-api,2025-04-18T12:45:00Z,200,178,ms,agent-1,ap-south-1
svc-reports,reports-api,2025-04-10T18:00:00Z,200,648,ms,agent-1,ap-south-1
svc-search,search-api,2025-04-15T15:15:00Z,200,0.594,s,agent-1,ap-south-1
svc-notify,notify-worker,2025-04-10T09:30:00Z,200,102,ms,agent-1,ap-south-1
svc-auth,auth-api,2025-04-15T23:30:00Z,200,153,ms,agent-1,ap-south-1
svc-payments,payments-api,2025-04-13T10:45:00Z,200,268,ms,agent-2,ap-south-1
svc-notify,notify-worker,2025-04-18T01:45:00Z,200,109,ms,agent-1,ap-south-1
svc-payments,payments-api,2025-04-13T18:00:00Z,200,414,ms,agent-1,ap-south-1
svc-search,search-api,2025-04-19T02:15:00Z,200,0.578,s,agent-1,ap-south-1
svc-notify,notify-worker,2025-04-16T11:00:00Z,200,83,ms,agent-1,ap-south-1
svc-payments,payments-api,2025-04-17T04:30:00Z,200,449,ms,agent-1,ap-south-1
svc-notify,notify-worker,2025-04-15T21:30:00Z,200,147,ms,agent-1,ap-south-1
svc-auth,auth-api,1744446600,200,177,ms,agent-1,ap-south-1
svc-search,search-api,2025-04-19T10:00:00Z,200,0.704,s,agent-1,ap-south-1
svc-search,search-api,2025-04-13T09:30:00Z,200,0.589,s,agent-2,ap-south-1
svc-auth,auth-api,2025-04-21T21:45:00Z,200,163,ms,agent-1,ap-south-1
svc-auth,auth-api,2025-04-15T06:45:00Z,200,164,ms,agent-1,ap-south-1
svc-reports,reports-api,2025-04-21T01:45:00Z,200,680,ms,agent-1,ap-south-1
svc-notify,notify-worker,2025-04-20T20:45:00Z,200,80,ms,agent-1,ap-south-1
svc-auth,auth-api,2025-04-13T01:15:00Z,200,120,ms,agent-1,ap-south-1
svc-auth,auth-api,2025-04-14T06:00:00Z,200,157,ms,agent-1,ap-south-1
svc-reports,reports-api,2025-04-16T12:30:00Z,200,666,ms,agent-1,ap-south-1
svc-reports,reports-api,2025-04-16T22:00:00Z,200,500,ms,agent-1,ap-south-1
svc-reports,reports-api,2025-04-18T22:00:00Z,200,517,ms,agent-1,ap-south-1
svc-search,search-api,2025-04-19T23:30:00Z,200,0.671,s,agent-1,ap-south-1
svc-reports,reports-api,2025-04-13T09:15:00Z,200,733,ms,agent-1,ap-south-1
svc-search,search-api,2025-04-15T21:30:00Z,200,0.664,s,agent-1,ap-south-1
svc-notify,notify-worker,2025-04-21T14:15:00Z,200,128,ms,agent-1,ap-south-1
svc-auth,auth-api,2025-04-16T18:45:00Z,200,166,ms,agent-1,ap-south-1
svc-auth,auth-api,2025-04-12T23:00:00+05:30,200,108,ms,agent-1,ap-south-1
svc-notify,notify-worker,2025-04-13T08:15:00Z,200,137,ms,agent-1,ap-south-1
svc-notify,notify-worker,1744552800,200,147,ms,agent-2,ap-south-1
svc-reports,reports-api,2025-04-15T21:45:00Z,200,709,ms,agent-1,ap-south-1
svc-payments,payments-api,1744869600,200,471,ms,agent-1,ap-south-1
svc-payments,payments-api,2025-04-16T04:30:00Z,200,364,ms,agent-1,ap-south-1
svc-reports,reports-api,2025-04-16T23:00:00Z,200,746,ms,agent-1,ap-south-1
svc-auth,auth-api,2025-04-11T01:30:00Z,200,134,ms,agent-1,ap-south-1
svc-search,search-api,2025-04-14T22:15:00Z,200,0.416,s,agent-1,ap-south-1
svc-payments,payments-api,2025-04-16T20:45:00Z,200,284,ms,agent-2,ap-south-1
svc-notify,notify-worker,2025-04-12T01:30:00Z,200,102,ms,agent-1,ap-south-1
svc-notify,notify-worker,2025-04-11T19:30:00Z,200,127,ms,agent-1,ap-south-1
svc-payments,payments-api,2025-04-18T18:15:00Z,200,489,ms,agent-1,ap-south-1
svc-reports,reports-api,2025-04-14T23:30:00Z,200,569,ms,agent-1,ap-south-1
svc-notify,notify-worker,2025-04-14T17:00:00Z,200,114,ms,agent-1,ap-south-1
svc-auth,auth-api,2025-04-13T20:15:00Z,200,112,ms,agent-1,ap-south-1
svc-notify,notify-worker,2025-04-18T12:15:00Z,200,144,ms,agent-2,ap-south-1
svc-notify,notify-worker,2025-04-17T03:15:00Z,200,141,ms,agent-1,ap-south-1
svc-search,search-api,2025-04-14T13:45:00Z,200,1.327,s,agent-1,ap-south-1
svc-search,search-api,2025-04-15T10:30:00Z,200,0.4,s,agent-1,ap-south-1
svc-reports,reports-api,2025-04-21T03:45:00Z,200,466,ms,agent-1,ap-south-1
svc-search,search-api,2025-04-20T22:30:00Z,200,0.665,s,agent-1,ap-south-1
svc-search,search-api,2025-04-17T02:30:00Z,200,0.586,s,agent-1,ap-south-1
svc-auth,auth-api,2025-04-17T03:45:00Z,200,156,ms,agent-1,ap-south-1
svc-notify,notify-worker,2025-04-11T11:15:00Z,200,150,ms,agent-1,ap-south-1
svc-reports,reports-api,2025-04-16T03:30:00Z,200,805,ms,agent-1,ap-south-1
svc-auth,auth-api,2025-04-18T16:45:00Z,200,178,ms,agent-1,ap-south-1
svc-notify,notify-worker,2025-04-21T18:45:00Z,200,115,ms,agent-1,ap-south-1
svc-reports,reports-api,2025-04-19T21:30:00Z,200,558,ms,agent-1,ap-south-1
svc-notify,notify-worker,2025-04-20T17:45:00Z,200,98,ms,agent-1,ap-south-1
svc-auth,auth-api,2025-04-15T03:45:00Z,200,162,ms,agent-1,ap-south-1
svc-search,search-api,2025-04-14T22:45:00Z,200,0.545,s,agent-1,ap-south-1
svc-reports,reports-api,2025-04-15T04:15:00Z,200,680,ms,agent-1,ap-south-1
svc-reports,reports-api,2025-04-17T01:30:00Z,200,464,ms,agent-1,ap-south-1
svc-payments,payments-api,2025-04-16T09:30:00Z,200,445,ms,agent-1,ap-south-1
svc-notify,notify-worker,2025-04-18T07:45:00Z,200,134,ms,agent-1,ap-south-1
svc-search,search-api,2025-04-19T08:45:00Z,200,0.492,s,agent-1,ap-south-1
svc-reports,reports-api,2025-04-15T22:30:00Z,200,513,ms,agent-1,ap-south-1
svc-payments,payments-api,2025-04-15T23:15:00Z,200,296,ms,agent-1,ap-south-1
svc-notify,notify-worker,2025-04-12T01:45:00Z,200,88,ms,agent-1,ap-south-1
svc-payments,payments-api,2025-04-21T06:15:00Z,200,474,ms,agent-1,ap-south-1
svc-reports,reports-api,2025-04-16T17:45:00Z,200,478,ms,agent-1,ap-south-1
svc-payments,payments-api,2025-04-15T13:30:00Z,200,426,ms,agent-1,ap-south-1
svc-auth,auth-api,2025-04-21T01:45:00Z,200,102,ms,agent-1,ap-south-1
svc-payments,payments-api,2025-04-17T09:00:00Z,200,448,ms,agent-1,ap-south-1
svc-search,search-api,2025-04-13T08:45:00Z,200,0.506,s,agent-1,ap-south-1
svc-notify,notify-worker,2025-04-12T06:15:00Z,200,93,ms,agent-1,ap-south-1
svc-notify,notify-worker,2025-04-21T04:00:00Z,200,100,ms,agent-1,ap-south-1
svc-reports,reports-api,2025-04-17T18:00:00Z,200,802,ms,agent-1,ap-south-1
svc-payments,payments-api,2025-04-17T01:00:00Z,200,319,ms,agent-2,ap-south-1
svc-search,search-api,2025-04-13T12:30:00Z,200,0.599,s,agent-1,ap-south-1
svc-notify,notify-worker,2025-04-12T18:45:00Z,200,124,ms,agent-1,ap-south-1
svc-search,search-api,2025-04-20T13:15:00Z,200,0.63,s,agent-1,ap-south-1
svc-auth,auth-api,2025-04-15T07:45:00Z,200,147,ms,agent-1,ap-south-1
svc-notify,notify-worker,2025-04-21T08:30:00Z,200,138,ms,agent-1,ap-south-1
svc-payments,payments-api,2025-04-14T18:45:00Z,200,429,ms,agent-1,ap-south-1
svc-auth,auth-api,2025-04-14T02:00:00Z,200,185,ms,agent-2,ap-south-1
svc-notify,notify-worker,1744696800,200,138,ms,agent-1,ap-south-1
svc-notify,notify-worker,2025-04-21T04:15:00Z,200,109,ms,agent-1,ap-south-1
svc-auth,auth-api,2025-04-11T10:30:00Z,200,164,ms,agent-1,ap-south-1
svc-reports,reports-api,2025-04-11T00:45:00Z,200,601,ms,agent-1,ap-south-1
svc-reports,reports-api,2025-04-18T03:15:00Z,200,697,ms,agent-1,ap-south-1
svc-notify,notify-worker,2025-04-14T12:30:00Z,200,83,ms,agent-1,ap-south-1
svc-reports,reports-api,2025-04-21T15:30:00Z,200,827,ms,agent-1,ap-south-1
svc-payments,payments-api,2025-04-18T16:30:00Z,200,318,ms,agent-1,ap-south-1
svc-auth,auth-api,2025-04-21T06:45:00Z,200,174,ms,agent-1,ap-south-1
svc-notify,notify-worker,2025-04-15T05:30:00Z,200,116,ms,agent-2,ap-south-1
svc-reports,reports-api,2025-04-14T16:00:00Z,200,515,ms,agent-1,ap-south-1
svc-notify,notify-worker,2025-04-11T12:45:00Z,200,100,ms,agent-1,ap-south-1
svc-payments,payments-api,2025-04-13T06:45:00Z,200,298,ms,agent-1,ap-south-1
svc-payments,payments-api,2025-04-21T12:00:00Z,200,380,ms,agent-1,ap-south-1
svc-notify,notify-worker,2025-04-14T16:00:00Z,200,78,ms,agent-1,ap-south-1
svc-reports,reports-api,2025-04-21T12:30:00Z,200,613,ms,agent-1,ap-south-1
svc-payments,payments-api,2025-04-12T21:15:00Z,200,448,ms,agent-1,ap-south-1
svc-notify,notify-worker,2025-04-19T03:00:00Z,200,88,ms,agent-1,ap-south-1
svc-search,search-api,2025-04-17T10:00:00Z,200,0.651,s,agent-1,ap-south-1
svc-search,search-api,2025-04-21T09:45:00Z,200,0.653,s,agent-1,ap-south-1
svc-payments,payments-api,2025-04-14T15:30:00Z,200,456,ms,agent-1,ap-south-1
svc-payments,payments-api,2025-04-19T20:00:00Z,200,252,ms,agent-1,ap-south-1
svc-reports,reports-api,2025-04-20T21:45:00Z,200,611,ms,agent-1,ap-south-1
svc-notify,notify-worker,2025-04-21T00:15:00Z,200,90,ms,agent-2,ap-south-1
svc-search,search-api,2025-04-14T23:45:00Z,200,0.49,s,agent-1,ap-south-1
svc-search,search-api,2025-04-19T14:00:00Z,200,0.609,s,agent-1,ap-south-1
svc-notify,notify-worker,2025-04-19T08:30:00Z,200,88,ms,agent-1,ap-south-1
svc-payments,payments-api,2025-04-19T09:15:00Z,200,394,ms,agent-1,ap-south-1
svc-auth,auth-api,2025-04-11T12:45:00Z,200,185,ms,agent-1,ap-south-1
svc-payments,payments-api,2025-04-12T12:30:00Z,200,483,ms,agent-1,ap-south-1
svc-auth,auth-api,2025-04-17T23:00:00Z,200,189,ms,agent-1,ap-south-1
svc-reports,reports-api,2025-04-17T07:00:00Z,200,540,ms,agent-1,ap-south-1
svc-reports,reports-api,2025-04-13T00:45:00Z,200,,ms,agent-1,ap-south-1
svc-payments,payments-api,2025-04-14T06:45:00Z,200,334,ms,agent-1,ap-south-1
svc-payments,payments-api,2025-04-20T00:30:00Z,200,484,ms,agent-1,ap-south-1
svc-reports,reports-api,2025-04-13T14:30:00Z,200,839,ms,agent-1,ap-south-1
svc-auth,auth-api,2025-04-11T06:15:00Z,200,146,ms,agent-1,ap-south-1
svc-notify,notify-worker,2025-04-14T19:45:00Z,200,86,ms,agent-1,ap-south-1
svc-notify,notify-worker,2025-04-14T09:30:00Z,200,146,ms,agent-1,ap-south-1
svc-notify,notify-worker,2025-04-16T12:00:00Z,200,125,ms,agent-1,ap-south-1
svc-notify,notify-worker,2025-04-19T10:00:00Z,200,132,ms,agent-1,ap-south-1
svc-payments,payments-api,2025-04-16T20:15:00Z,200,271,ms,agent-1,ap-south-1
svc-reports,reports-api,2025-04-10T20:30:00Z,200,806,ms,agent-1,ap-south-1
svc-reports,reports-api,2025-04-10T10:00:00Z,200,846,ms,agent-1,ap-south-1
svc-auth,auth-api,2025-04-12T09:30:00Z,200,168,ms,agent-1,ap-south-1
svc-search,search-api,2025-04-21T05:30:00Z,200,0.612,s,agent-1,ap-south-1
svc-auth,auth-api,2025-04-16T16:30:00Z,200,173,ms,agent-1,ap-south-1
svc-search,search-api,2025-04-11T09:30:00Z,200,0.606,s,agent-2,ap-south-1
svc-search,search-api,2025-04-13T15:15:00Z,200,0.705,s,agent-1,ap-south-1
svc-notify,notify-worker,2025-04-20T14:45:00Z,200,134,ms,agent-1,ap-south-1
svc-reports,reports-api,2025-04-12T06:00:00Z,200,462,ms,agent-1,ap-south-1
svc-reports,reports-api,2025-04-16T00:15:00Z,200,456,ms,agent-1,ap-south-1
svc-payments,payments-api,2025-04-16T13:00:00Z,200,314,ms,agent-1,ap-south-1
svc-reports,reports-api,2025-04-18T03:45:00Z,200,561,ms,agent-1,ap-south-1
svc-notify,notify-worker,2025-04-15T22:30:00Z,200,112,ms,agent-1,ap-south-1
svc-payments,payments-api,2025-04-10T06:15:00Z,200,438,ms,agent-1,ap-south-1
svc-payments,payments-api,2025-04-21T13:45:00Z,200,254,ms,agent-1,ap-south-1
svc-notify,notify-worker,2025-04-21T14:00:00Z,200,97,ms,agent-1,ap-south-1
svc-reports,reports-api,2025-04-15T08:00:00Z,200,573,ms,agent-1,ap-south-1
svc-reports,reports-api,2025-04-13T20:00:00Z,200,803,ms,agent-1,ap-south-1
svc-notify,notify-worker,2025-04-16T06:15:00Z,200,100,ms,agent-1,ap-south-1
svc-auth,auth-api,2025-04-21T09:15:00Z,200,99,ms,agent-1,ap-south-1
svc-notify,notify-worker,2025-04-18T17:45:00Z,200,80,ms,agent-1,ap-south-1
svc-notify,notify-worker,2025-04-13T17:15:00Z,500,121,ms,agent-1,ap-south-1
svc-payments,payments-api,2025-04-10T07:30:00Z,200,479,ms,agent-1,ap-south-1
svc-payments,payments-api,2025-04-14T06:00:00Z,200,295,ms,agent-1,ap-south-1
svc-reports,reports-api,2025-04-19T17:00:00Z,200,636,ms,agent-1,ap-south-1
svc-search,search-api,2025-04-13T22:15:00+05:30,200,0.673,s,agent-1,ap-south-1
svc-search,search-api,2025-04-19T20:00:00Z,200,0.433,s,agent-1,ap-south-1
svc-reports,reports-api,2025-04-21T16:00:00Z,200,591,ms,agent-1,ap-south-1
svc-auth,auth-api,2025-04-13T10:30:00Z,200,118,ms,agent-2,ap-south-1
svc-auth,auth-api,2025-04-11T00:45:00Z,200,147,ms,agent-1,ap-south-1
svc-search,search-api,2025-04-16T16:15:00Z,200,0.717,s,agent-1,ap-south-1
svc-reports,reports-api,2025-04-21T18:15:00Z,200,477,ms,agent-1,ap-south-1
svc-search,search-api,2025-04-19T16:00:00Z,200,0.442,s,agent-1,ap-south-1
svc-reports,reports-api,2025-04-20T22:45:00Z,200,668,ms,agent-1,ap-south-1
svc-notify,notify-worker,1744601400,200,77,ms,agent-1,ap-south-1
svc-payments,payments-api,2025-04-10T13:15:00Z,200,417,ms,agent-1,ap-south-1
svc-payments,payments-api,2025-04-21T15:30:00Z,200,419,ms,agent-1,ap-south-1
svc-payments,payments-api,1744630200,200,429,ms,agent-1,ap-south-1
svc-payments,payments-api,2025-04-18T03:15:00Z,200,468,ms,agent-1,ap-south-1
svc-reports,reports-api,2025-04-14T03:30:00Z,200,576,ms,agent-1,ap-south-1
svc-payments,payments-api,2025-04-16T17:30:00Z,200,,ms,agent-1,ap-south-1
svc-auth,auth-api,2025-04-10T19:45:00Z,200,119,ms,agent-1,ap-south-1
svc-auth,auth-api,2025-04-12T18:45:00Z,200,169,ms,agent-1,ap-south-1
svc-notify,notify-worker,2025-04-14T02:00:00Z,200,108,ms,agent-1,ap-south-1
svc-notify,notify-worker,2025-04-12T11:00:00Z,200,107,ms,agent-1,ap-south-1
svc-notify,notify-worker,2025-04-13T16:00:00Z,200,129,ms,agent-1,ap-south-1
svc-search,search-api,2025-04-12T16:15:00Z,200,0.473,s,agent-1,ap-south-1
svc-auth,auth-api,2025-04-17T09:00:00Z,200,113,ms,agent-1,ap-south-1
svc-reports,reports-api,2025-04-10T20:15:00Z,200,562,ms,agent-1,ap-south-1
svc-payments,payments-api,2025-04-19T13:30:00Z,200,439,ms,agent-1,ap-south-1
svc-search,search-api,2025-04-18T17:30:00Z,200,0.691,s,agent-1,ap-south-1
svc-auth,auth-api,2025-04-21T08:30:00Z,200,178,ms,agent-1,ap-south-1
svc-auth,auth-api,2025-04-10T03:45:00Z,200,179,ms,agent-1,ap-south-1
svc-notify,notify-worker,2025-04-18T09:30:00Z,200,76,ms,agent-1,ap-south-1
svc-reports,reports-api,2025-04-11T07:30:00Z,500,567,ms,agent-1,ap-south-1
svc-auth,auth-api,2025-04-13T11:15:00Z,200,141,ms,agent-1,ap-south-1
svc-reports,reports-api,2025-04-19T20:00:00Z,200,532,ms,agent-1,ap-south-1
svc-reports,reports-api,2025-04-10T19:15:00Z,200,701,ms,agent-1,ap-south-1
svc-reports,reports-api,2025-04-18T11:15:00Z,200,567,ms,agent-1,ap-south-1
svc-payments,payments-api,2025-04-13T23:45:00Z,200,250,ms,agent-1,ap-south-1
svc-payments,payments-api,2025-04-13T00:15:00Z,200,388,ms,agent-1,ap-south-1
svc-payments,payments-api,2025-04-18T13:00:00Z,200,368,ms,agent-1,ap-south-1
svc-reports,reports-api,2025-04-17T09:15:00Z,200,462,ms,agent-1,ap-south-1
svc-auth,auth-api,2025-04-10T07:00:00Z,200,147,ms,agent-1,ap-south-1
svc-auth,auth-api,2025-04-15T00:15:00Z,200,177,ms,agent-1,ap-south-1
svc-search,search-api,2025-04-20T14:00:00Z,200,0.636,s,agent-1,ap-south-1
svc-reports,reports-api,2025-04-18T16:30:00Z,200,449,ms,agent-1,ap-south-1
svc-search,search-api,2025-04-15T07:00:00Z,200,0.53,s,agent-1,ap-south-1
svc-auth,auth-api,2025-04-14T13:00:00Z,200,171,ms,agent-1,ap-south-1
svc-reports,reports-api,2025-04-13T21:15:00Z,200,797,ms,agent-1,ap-south-1
svc-notify,notify-worker,2025-04-21T04:45:00Z,200,110,ms,agent-1,ap-south-1
svc-auth,auth-api,2025-04-10T09:15:00Z,200,100,ms,agent-1,ap-south-1
svc-reports,reports-api,2025-04-13T05:00:00Z,200,753,ms,agent-1,ap-south-1
svc-payments,payments-api,2025-04-19T19:00:00Z,200,388,ms,agent-1,ap-south-1
svc-reports,reports-api,2025-04-21T12:30:00Z,200,606,ms,agent-2,ap-south-1
svc-auth,auth-api,2025-04-17T17:15:00Z,200,105,ms,agent-1,ap-south-1
svc-notify,notify-worker,2025-04-18T00:30:00Z,200,141,ms,agent-1,ap-south-1
svc-payments,payments-api,2025-04-10T23:15:00Z,200,365,ms,agent-1,ap-south-1
svc-payments,payments-api,2025-04-21T21:15:00Z,200,388,ms,agent-1,ap-south-1
svc-auth,auth-api,2025-04-17T04:15:00Z,200,174,ms,agent-1,ap-south-1
svc-search,search-api,2025-04-14T11:45:00Z,200,0.713,s,agent-1,ap-south-1
svc-auth,auth-api,2025-04-11T06:00:00Z,200,140,ms,agent-1,ap-south-1
svc-reports,reports-api,2025-04-12T13:00:00Z,200,753,ms,agent-1,ap-south-1
svc-auth,auth-api,2025-04-10T10:45:00Z,200,141,ms,agent-1,ap-south-1
svc-payments,payments-api,2025-04-21T22:15:00Z,200,266,ms,agent-1,ap-south-1
svc-payments,payments-api,2025-04-17T05:45:00Z,200,447,ms,agent-1,ap-south-1
svc-reports,reports-api,2025-04-20T09:15:00Z,200,816,ms,agent-1,ap-south-1
svc-reports,reports-api,2025-04-16T20:30:00Z,200,817,ms,agent-1,ap-south-1
svc-search,search-api,2025-04-12T17:45:00Z,200,0.671,s,agent-1,ap-south-1
svc-auth,auth-api,2025-04-18T12:30:00Z,200,172,ms,agent-1,ap-south-1
svc-notify,notify-worker,2025-04-21T19:00:00+05:30,200,92,ms,agent-1,ap-south-1
svc-payments,payments-api,2025-04-20T01:00:00Z,200,328,ms,agent-1,ap-south-1
svc-payments,payments-api,2025-04-20T16:45:00Z,200,370,ms,agent-1,ap-south-1
svc-auth,auth-api,2025-04-11T10:00:00Z,200,113,ms,agent-1,ap-south-1
svc-reports,reports-api,2025-04-11T03:45:00Z,200,579,ms,agent-1,ap-south-1
svc-search,search-api,2025-04-10T16:30:00Z,200,0.679,s,agent-1,ap-south-1
svc-payments,payments-api,2025-04-12T11:45:00Z,200,486,ms,agent-1,ap-south-1
svc-auth,auth-api,2025-04-17T12:45:00Z,200,190,ms,agent-1,ap-south-1
svc-notify,notify-worker,2025-04-17T09:15:00Z,200,150,ms,agent-1,ap-south-1
svc-reports,reports-api,2025-04-15T05:15:00Z,200,445,ms,agent-1,ap-south-1
svc-notify,notify-worker,2025-04-12T05:15:00Z,200,141,ms,agent-1,ap-south-1
svc-search,search-api,2025-04-11T00:30:00Z,200,0.406,s,agent-1,ap-south-1
svc-payments,payments-api,2025-04-17T18:30:00Z,200,391,ms,agent-1,ap-south-1
svc-reports,reports-api,2025-04-19T20:30:00Z,200,485,ms,agent-1,ap-south-1
svc-search,search-api,2025-04-16T16:30:00Z,200,0.444,s,agent-1,ap-south-1
svc-payments,payments-api,2025-04-13T09:45:00Z,200,275,ms,agent-1,ap-south-1
svc-notify,notify-worker,2025-04-11T03:15:00Z,200,105,ms,agent-1,ap-south-1
svc-reports,reports-api,2025-04-21T21:00:00Z,200,703,ms,agent-1,ap-south-1
svc-notify,notify-worker,2025-04-19T20:45:00Z,200,98,ms,agent-1,ap-south-1
svc-notify,notify-worker,2025-04-18T21:30:00Z,200,99,ms,agent-1,ap-south-1
svc-auth,auth-api,2025-04-12T11:30:00Z,200,109,ms,agent-1,ap-south-1
svc-payments,payments-api,2025-04-16T19:00:00Z,200,,ms,agent-1,ap-south-1
svc-reports,reports-api,2025-04-12T22:15:00Z,200,648,ms,agent-1,ap-south-1
svc-auth,auth-api,2025-04-11T09:30:00Z,200,168,ms,agent-1,ap-south-1
svc-reports,reports-api,2025-04-11T04:30:00Z,200,470,ms,agent-1,ap-south-1
svc-notify,notify-worker,2025-04-10T14:00:00Z,200,140,ms,agent-1,ap-south-1
svc-search,search-api,2025-04-16T10:30:00Z,200,0.644,s,agent-1,ap-south-1
svc-search,search-api,2025-04-13T11:45:00Z,200,0.485,s,agent-1,ap-south-1
svc-payments,payments-api,2025-04-19T09:15:00Z,200,379,ms,agent-2,ap-south-1
svc-auth,auth-api,2025-04-16T07:00:00Z,200,128,ms,agent-2,ap-south-1
svc-search,search-api,2025-04-21T10:30:00Z,200,0.6,s,agent-1,ap-south-1
svc-payments,payments-api,2025-04-20T00:15:00Z,200,383,ms,agent-1,ap-south-1
svc-notify,notify-worker,2025-04-11T10:15:00Z,200,103,ms,agent-1,ap-south-1
svc-payments,payments-api,2025-04-13T15:00:00Z,200,397,ms,agent-1,ap-south-1
svc-payments,payments-api,2025-04-16T00:45:00Z,200,453,ms,agent-1,ap-south-1
svc-payments,payments-api,2025-04-19T04:00:00Z,200,414,ms,agent-1,ap-south-1
svc-notify,notify-worker,2025-04-11T10:15:00Z,200,104,ms,agent-2,ap-south-1
svc-notify,notify-worker,2025-04-21T14:45:00Z,200,105,ms,agent-1,ap-south-1
svc-payments,payments-api,2025-04-17T05:30:00Z,200,473,ms,agent-1,ap-south-1
svc-search,search-api,2025-04-20T05:00:00Z,200,0.517,s,agent-1,ap-south-1
svc-search,search-api,2025-04-20T17:45:00Z,200,0.46,s,agent-1,ap-south-1
svc-reports,reports-api,2025-04-13T01:15:00Z,200,459,ms,agent-1,ap-south-1
svc-search,search-api,2025-04-12T18:15:00Z,200,0.556,s,agent-2,ap-south-1
svc-auth,auth-api,2025-04-13T22:15:00Z,200,169,ms,agent-1,ap-south-1
svc-auth,auth-api,2025-04-21T10:30:00Z,200,132,ms,agent-1,ap-south-1
svc-payments,payments-api,2025-04-19T07:00:00Z,200,422,ms,agent-1,ap-south-1
svc-auth,auth-api,2025-04-20T15:15:00Z,200,133,ms,agent-1,ap-south-1
svc-search,search-api,2025-04-14T00:30:00Z,200,0.629,s,agent-1,ap-south-1
svc-notify,notify-worker,2025-04-17T10:00:00Z,200,147,ms,agent-1,ap-south-1
svc-payments,payments-api,2025-04-21T03:00:00Z,200,381,ms,agent-1,ap-south-1
svc-auth,auth-api,2025-04-16T17:30:00Z,200,178,ms,agent-1,ap-south-1
svc-reports,reports-api,2025-04-15T10:45:00Z,200,541,ms,agent-1,ap-south-1
svc-reports,reports-api,2025-04-15T03:15:00Z,200,518,ms,agent-1,ap-south-1
svc-payments,payments-api,2025-04-21T05:30:00Z,200,447,ms,agent-1,ap-south-1
svc-payments,payments-api,2025-04-21T11:30:00Z,200,460,ms,agent-1,ap-south-1
svc-payments,payments-api,2025-04-18T17:15:00Z,200,423,ms,agent-1,ap-south-1
svc-notify,notify-worker,2025-04-19T05:30:00Z,200,115,ms,agent-1,ap-south-1
svc-reports,reports-api,2025-04-13T17:00:00Z,200,537,ms,agent-2,ap-south-1
svc-auth,auth-api,2025-04-18T20:00:00Z,200,139,ms,agent-1,ap-south-1
svc-reports,reports-api,2025-04-21T00:00:00Z,200,588,ms,agent-1,ap-south-1
svc-notify,notify-worker,2025-04-10T02:45:00Z,200,146,ms,agent-1,ap-south-1
svc-payments,payments-api,2025-04-14T07:15:00Z,200,,ms,agent-1,ap-south-1
svc-notify,notify-worker,2025-04-11T09:30:00Z,200,133,ms,agent-1,ap-south-1
svc-notify,notify-worker,2025-04-16T13:30:00Z,200,140,ms,agent-1,ap-south-1
svc-notify,notify-worker,2025-04-16T23:45:00Z,200,144,ms,agent-1,ap-south-1
svc-auth,auth-api,2025-04-17T20:00:00Z,200,128,ms,agent-1,ap-south-1
svc-search,search-api,2025-04-13T22:15:00Z,200,0.564,s,agent-1,ap-south-1
svc-search,search-api,2025-04-18T06:30:00Z,200,0.361,s,agent-1,ap-south-1
svc-payments,payments-api,2025-04-14T05:00:00Z,200,369,ms,agent-1,ap-south-1
svc-payments,payments-api,2025-04-16T15:45:00Z,200,355,ms,agent-1,ap-south-1
svc-payments,payments-api,2025-04-21T22:45:00Z,200,469,ms,agent-1,ap-south-1
svc-notify,notify-worker,2025-04-11T13:15:00Z,200,123,ms,agent-1,ap-south-1
svc-notify,notify-worker,2025-04-18T22:30:00Z,200,114,ms,agent-1,ap-south-1
svc-notify,notify-worker,2025-04-17T08:15:00Z,200,,ms,agent-1,ap-south-1
svc-search,search-api,2025-04-14T11:30:00Z,200,0.426,s,agent-1,ap-south-1
svc-search,search-api,2025-04-16T09:15:00Z,200,0.647,s,agent-1,ap-south-1
svc-payments,payments-api,2025-04-10T15:00:00Z,200,451,ms,agent-1,ap-south-1
svc-search,search-api,2025-04-21T13:30:00Z,200,0.486,s,agent-1,ap-south-1
svc-reports,reports-api,2025-04-11T14:00:00Z,200,560,ms,agent-1,ap-south-1
svc-search,search-api,2025-04-19T06:45:00Z,200,0.72,s,agent-1,ap-south-1
svc-auth,auth-api,2025-04-15T13:45:00Z,200,100,ms,agent-1,ap-south-1
svc-search,search-api,2025-04-17T16:15:00Z,200,0.512,s,agent-1,ap-south-1
svc-reports,reports-api,2025-04-15T16:45:00Z,200,840,ms,agent-1,ap-south-1
svc-search,search-api,2025-04-13T12:00:00Z,200,0.464,s,agent-1,ap-south-1
svc-payments,payments-api,2025-04-11T15:30:00Z,200,468,ms,agent-1,ap-south-1
svc-payments,payments-api,2025-04-13T12:30:00Z,200,389,ms,agent-1,ap-south-1
svc-notify,notify-worker,2025-04-21T20:15:00Z,200,76,ms,agent-1,ap-south-1
svc-reports,reports-api,2025-04-14T17:00:00Z,200,668,ms,agent-1,ap-south-1
svc-reports,reports-api,2025-04-16T00:00:00Z,200,773,ms,agent-1,ap-south-1
svc-notify,notify-worker,2025-04-11T20:30:00Z,200,150,ms,agent-1,ap-south-1
svc-payments,payments-api,2025-04-10T06:30:00Z,200,421,ms,agent-1,ap-south-1
svc-reports,reports-api,2025-04-12T03:30:00Z,200,820,ms,agent-1,ap-south-1
svc-reports,reports-api,2025-04-19T11:15:00Z,200,534,ms,agent-1,ap-south-1
svc-search,search-api,2025-04-14T12:15:00Z,200,1.73,s,agent-2,ap-south-1
svc-reports,reports-api,2025-04-12T07:30:00Z,200,619,ms,agent-1,ap-south-1
svc-auth,auth-api,2025-04-11T04:45:00Z,200,138,ms,agent-1,ap-south-1
svc-notify,notify-worker,2025-04-10T19:15:00Z,200,128,ms,agent-1,ap-south-1
svc-auth,auth-api,2025-04-10T18:30:00Z,200,189,ms,agent-1,ap-south-1
svc-search,search-api,2025-04-13T20:30:00Z,200,0.368,s,agent-1,ap-south-1
svc-reports,reports-api,2025-04-14T11:00:00Z,200,567,ms,agent-1,ap-south-1
svc-payments,payments-api,2025-04-13T18:15:00Z,200,446,ms,agent-1,ap-south-1
svc-notify,notify-worker,2025-04-17T09:45:00Z,200,85,ms,agent-1,ap-south-1
svc-reports,reports-api,2025-04-15T06:15:00Z,200,811,ms,agent-1,ap-south-1
svc-search,search-api,2025-04-17T00:15:00Z,200,0.638,s,agent-1,ap-south-1
svc-payments,payments-api,2025-04-20T14:45:00Z,200,339,ms,agent-1,ap-south-1
svc-reports,reports-api,2025-04-20T20:30:00Z,200,551,ms,agent-1,ap-south-1
svc-search,search-api,2025-04-21T22:45:00Z,200,0.624,s,agent-1,ap-south-1
svc-auth,auth-api,2025-04-14T15:15:00Z,200,153,ms,agent-1,ap-south-1
svc-reports,reports-api,2025-04-14T02:30:00Z,200,820,ms,agent-1,ap-south-1
svc-auth,auth-api,2025-04-19T16:00:00Z,200,155,ms,agent-1,ap-south-1
svc-reports,reports-api,2025-04-20T13:30:00Z,200,862,ms,agent-1,ap-south-1
svc-reports,reports-api,2025-04-16T20:00:00Z,200,646,ms,agent-1,ap-south-1
svc-payments,payments-api,2025-04-10T12:30:00Z,200,411,ms,agent-1,ap-south-1
svc-auth,auth-api,2025-04-10T13:45:00Z,200,130,ms,agent-1,ap-south-1
svc-search,search-api,2025-04-20T12:15:00Z,200,0.526,s,agent-1,ap-south-1
svc-reports,reports-api,2025-04-12T07:15:00Z,200,619,ms,agent-1,ap-south-1
svc-payments,payments-api,2025-04-14T16:30:00Z,200,494,ms,agent-1,ap-south-1
svc-notify,notify-worker,2025-04-10T20:00:00Z,200,137,ms,agent-1,ap-south-1
svc-search,search-api,2025-04-10T09:30:00Z,200,0.645,s,agent-1,ap-south-1
svc-notify,notify-worker,2025-04-14T22:00:00+05:30,200,107,ms,agent-1,ap-south-1
svc-notify,notify-worker,2025-04-18T16:30:00Z,200,142,ms,agent-1,ap-south-1
svc-auth,auth-api,2025-04-21T07:15:00Z,200,,ms,agent-1,ap-south-1
svc-auth,auth-api,2025-04-12T07:15:00Z,200,182,ms,agent-1,ap-south-1
svc-auth,auth-api,2025-04-15T20:45:00Z,200,163,ms,agent-1,ap-south-1
svc-reports,reports-api,2025-04-10T09:00:00Z,200,837,ms,agent-1,ap-south-1
svc-payments,payments-api,2025-04-11T01:45:00Z,200,373,ms,agent-1,ap-south-1
svc-payments,payments-api,2025-04-10T18:45:00Z,200,292,ms,agent-1,ap-south-1
svc-search,search-api,2025-04-10T07:15:00Z,200,0.647,s,agent-1,ap-south-1
svc-auth,auth-api,2025-04-13T19:00:00Z,200,134,ms,agent-1,ap-south-1
svc-reports,reports-api,2025-04-13T17:45:00Z,200,683,ms,agent-1,ap-south-1
svc-search,search-api,2025-04-11T00:15:00Z,200,0.507,s,agent-1,ap-south-1
svc-search,search-api,2025-04-14T15:15:00Z,200,2.21,s,agent-1,ap-south-1
svc-reports,reports-api,2025-04-17T19:15:00Z,200,508,ms,agent-1,ap-south-1
svc-search,search-api,2025-04-13T01:45:00Z,200,0.645,s,agent-1,ap-south-1
svc-reports,reports-api,2025-04-14T18:30:00Z,200,796,ms,agent-1,ap-south-1
svc-reports,reports-api,2025-04-13T20:15:00Z,200,819,ms,agent-1,ap-south-1
svc-notify,notify-worker,2025-04-16T08:45:00Z,200,90,ms,agent-1,ap-south-1
svc-auth,auth-api,2025-04-20T04:30:00Z,200,183,ms,agent-1,ap-south-1
svc-auth,auth-api,2025-04-17T08:15:00Z,200,116,ms,agent-2,ap-south-1
svc-notify,notify-worker,2025-04-17T18:15:00Z,200,114,ms,agent-1,ap-south-1
svc-search,search-api,2025-04-15T00:45:00Z,200,0.541,s,agent-1,ap-south-1
svc-notify,notify-worker,2025-04-13T00:30:00Z,200,116,ms,agent-1,ap-south-1
svc-notify,notify-worker,2025-04-18T21:00:00Z,200,127,ms,agent-2,ap-south-1
svc-search,search-api,2025-04-15T03:30:00Z,200,0.419,s,agent-1,ap-south-1
svc-search,search-api,2025-04-17T21:45:00Z,200,0.386,s,agent-1,ap-south-1
svc-notify,notify-worker,2025-04-17T23:00:00Z,200,142,ms,agent-1,ap-south-1
svc-auth,auth-api,2025-04-16T04:00:00Z,200,100,ms,agent-1,ap-south-1
svc-notify,notify-worker,2025-04-18T05:15:00Z,200,89,ms,agent-1,ap-south-1
svc-reports,reports-api,2025-04-14T12:30:00Z,200,729,ms,agent-1,ap-south-1
svc-search,search-api,2025-04-11T01:45:00Z,200,0.369,s,agent-1,ap-south-1
svc-notify,notify-worker,2025-04-21T11:15:00Z,200,99,ms,agent-1,ap-south-1
svc-search,search-api,2025-04-13T19:45:00Z,200,0.407,s,agent-1,ap-south-1
svc-notify,notify-worker,2025-04-15T10:30:00Z,200,148,ms,agent-1,ap-south-1
svc-reports,reports-api,1745181900,200,828,ms,agent-1,ap-south-1
svc-auth,auth-api,2025-04-20T18:30:00Z,200,150,ms,agent-1,ap-south-1
svc-reports,reports-api,2025-04-10T03:00:00Z,200,468,ms,agent-1,ap-south-1
svc-reports,reports-api,2025-04-19T11:45:00Z,200,776,ms,agent-1,ap-south-1
svc-payments,payments-api,2025-04-21T11:00:00Z,200,299,ms,agent-1,ap-south-1
svc-reports,reports-api,2025-04-12T05:00:00Z,200,609,ms,agent-1,ap-south-1
svc-search,search-api,2025-04-15T14:15:00Z,200,0.679,s,agent-1,ap-south-1
svc-reports,reports-api,2025-04-11T06:15:00Z,200,824,ms,agent-1,ap-south-1
svc-search,search-api,2025-04-16T14:15:00Z,200,0.608,s,agent-1,ap-south-1
svc-notify,notify-worker,2025-04-11T20:15:00Z,200,149,ms,agent-1,ap-south-1
svc-notify,notify-worker,2025-04-17T11:45:00Z,200,137,ms,agent-1,ap-south-1
svc-notify,notify-worker,2025-04-13T22:30:00Z,200,138,ms,agent-1,ap-south-1
svc-reports,reports-api,2025-04-18T17:30:00+05:30,200,764,ms,agent-1,ap-south-1
svc-reports,reports-api,2025-04-18T23:45:00Z,200,710,ms,agent-1,ap-south-1
svc-reports,reports-api,2025-04-14T16:15:00Z,200,506,ms,agent-1,ap-south-1
svc-reports,reports-api,2025-04-10T05:30:00Z,200,684,ms,agent-1,ap-south-1
svc-notify,notify-worker,2025-04-14T06:30:00Z,200,128,ms,agent-1,ap-south-1
svc-auth,auth-api,2025-04-17T11:30:00Z,200,179,ms,agent-1,ap-south-1
svc-auth,auth-api,2025-04-16T18:30:00Z,200,136,ms,agent-1,ap-south-1
svc-auth,auth-api,2025-04-15T09:45:00Z,200,182,ms,agent-1,ap-south-1
svc-auth,auth-api,2025-04-17T19:00:00Z,200,145,ms,agent-1,ap-south-1
svc-notify,notify-worker,2025-04-14T15:00:00Z,200,101,ms,agent-1,ap-south-1
svc-payments,payments-api,2025-04-12T09:15:00Z,200,358,ms,agent-1,ap-south-1
svc-reports,reports-api,2025-04-17T04:45:00Z,200,824,ms,agent-1,ap-south-1
svc-auth,auth-api,2025-04-14T02:00:00Z,200,190,ms,agent-1,ap-south-1
svc-notify,notify-worker,2025-04-15T00:15:00Z,200,96,ms,agent-1,ap-south-1
svc-reports,reports-api,2025-04-11T08:45:00Z,200,623,ms,agent-1,ap-south-1
svc-auth,auth-api,2025-04-21T08:45:00Z,200,136,ms,agent-1,ap-south-1
svc-notify,notify-worker,2025-04-15T04:00:00Z,200,87,ms,agent-1,ap-south-1
svc-payments,payments-api,2025-04-10T17:30:00Z,200,,ms,agent-1,ap-south-1
svc-search,search-api,2025-04-17T09:30:00Z,200,0.649,s,agent-1,ap-south-1
svc-payments,payments-api,2025-04-17T21:30:00Z,200,298,ms,agent-1,ap-south-1
svc-auth,auth-api,2025-04-18T11:30:00Z,200,134,ms,agent-1,ap-south-1
svc-auth,auth-api,2025-04-11T18:15:00Z,200,157,ms,agent-1,ap-south-1
svc-payments,payments-api,2025-04-21T22:30:00Z,200,389,ms,agent-1,ap-south-1
svc-notify,notify-worker,2025-04-12T22:15:00Z,200,122,ms,agent-1,ap-south-1
svc-notify,notify-worker,2025-04-13T02:15:00Z,200,117,ms,agent-1,ap-south-1
svc-auth,auth-api,2025-04-14T13:30:00Z,200,98,ms,agent-1,ap-south-1
svc-search,search-api,2025-04-20T03:00:00Z,200,0.62,s,agent-1,ap-south-1
svc-payments,payments-api,2025-04-10T21:00:00Z,200,291,ms,agent-1,ap-south-1
svc-notify,notify-worker,2025-04-15T03:30:00Z,200,151,ms,agent-1,ap-south-1
svc-auth,auth-api,1744463700,200,158,ms,agent-1,ap-south-1
svc-search,search-api,2025-04-21T02:00:00Z,200,0.647,s,agent-1,ap-south-1
svc-auth,auth-api,2025-04-11T20:30:00Z,200,177,ms,agent-2,ap-south-1
svc-reports,reports-api,2025-04-14T18:00:00Z,200,586,ms,agent-1,ap-south-1
svc-notify,notify-worker,2025-04-19T19:30:00Z,200,80,ms,agent-1,ap-south-1
svc-search,search-api,2025-04-21T09:30:00Z,200,0.445,s,agent-1,ap-south-1
svc-search,search-api,2025-04-21T01:45:00Z,200,0.388,s,agent-1,ap-south-1
svc-auth,auth-api,2025-04-10T19:15:00Z,200,128,ms,agent-1,ap-south-1
svc-auth,auth-api,2025-04-14T23:45:00Z,200,114,ms,agent-1,ap-south-1
svc-notify,notify-worker,2025-04-16T04:30:00Z,200,125,ms,agent-1,ap-south-1
svc-reports,reports-api,2025-04-15T17:30:00Z,200,508,ms,agent-1,ap-south-1
svc-notify,notify-worker,2025-04-17T15:00:00Z,200,102,ms,agent-1,ap-south-1
svc-auth,auth-api,2025-04-12T15:15:00Z,200,185,ms,agent-1,ap-south-1
svc-notify,notify-worker,2025-04-21T02:30:00Z,200,113,ms,agent-2,ap-south-1
svc-notify,notify-worker,2025-04-17T21:30:00Z,200,129,ms,agent-1,ap-south-1
svc-notify,notify-worker,2025-04-13T05:00:00Z,200,114,ms,agent-1,ap-south-1
svc-search,search-api,2025-04-18T05:30:00Z,200,0.486,s,agent-2,ap-south-1
svc-search,search-api,2025-04-14T04:00:00Z,200,0.455,s,agent-1,ap-south-1
svc-reports,reports-api,2025-04-12T10:30:00Z,200,842,ms,agent-1,ap-south-1
svc-auth,auth-api,2025-04-11T14:15:00Z,200,189,ms,agent-2,ap-south-1
svc-payments,payments-api,2025-04-13T05:15:00Z,200,352,ms,agent-1,ap-south-1
svc-auth,auth-api,2025-04-17T14:30:00Z,200,172,ms,agent-1,ap-south-1
svc-search,search-api,2025-04-17T14:45:00Z,200,0.418,s,agent-1,ap-south-1
svc-notify,notify-worker,2025-04-12T16:30:00Z,200,128,ms,agent-1,ap-south-1
svc-payments,payments-api,2025-04-14T17:00:00Z,200,412,ms,agent-1,ap-south-1
svc-reports,reports-api,2025-04-12T04:00:00Z,200,654,ms,agent-2,ap-south-1
svc-reports,reports-api,2025-04-16T13:45:00Z,200,819,ms,agent-1,ap-south-1
svc-reports,reports-api,2025-04-12T18:15:00Z,200,712,ms,agent-1,ap-south-1
svc-auth,auth-api,2025-04-19T09:30:00Z,200,167,ms,agent-1,ap-south-1
svc-reports,reports-api,2025-04-11T20:45:00Z,200,535,ms,agent-1,ap-south-1
svc-auth,auth-api,2025-04-19T04:45:00Z,200,108,ms,agent-1,ap-south-1
svc-reports,reports-api,2025-04-20T01:15:00Z,200,819,ms,agent-1,ap-south-1
svc-auth,auth-api,2025-04-19T17:30:00Z,200,176,ms,agent-1,ap-south-1
svc-notify,notify-worker,2025-04-13T05:00:00Z,200,111,ms,agent-2,ap-south-1
svc-search,search-api,2025-04-20T16:00:00Z,200,0.404,s,agent-1,ap-south-1
svc-reports,reports-api,2025-04-10T09:45:00Z,200,552,ms,agent-1,ap-south-1
svc-auth,auth-api,2025-04-16T03:30:00Z,200,159,ms,agent-1,ap-south-1
svc-auth,auth-api,2025-04-13T14:45:00Z,200,185,ms,agent-1,ap-south-1
svc-notify,notify-worker,2025-04-16T00:45:00Z,200,144,ms,agent-1,ap-south-1
svc-notify,notify-worker,2025-04-15T09:45:00Z,200,90,ms,agent-1,ap-south-1
svc-notify,notify-worker,2025-04-18T03:30:00Z,200,87,ms,agent-1,ap-south-1
svc-reports,reports-api,2025-04-16T13:15:00Z,200,617,ms,agent-1,ap-south-1
svc-reports,reports-api,2025-04-19T09:00:00Z,200,702,ms,agent-2,ap-south-1
svc-auth,auth-api,2025-04-19T06:00:00Z,200,178,ms,agent-1,ap-south-1
svc-payments,payments-api,2025-04-11T06:00:00Z,200,373,ms,agent-1,ap-south-1
svc-payments,payments-api,2025-04-20T03:00:00Z,200,315,ms,agent-2,ap-south-1
svc-auth,auth-api,2025-04-18T07:30:00Z,200,114,ms,agent-1,ap-south-1
svc-search,search-api,2025-04-10T02:45:00Z,200,0.658,s,agent-1,ap-south-1
svc-search,search-api,2025-04-11T20:15:00Z,200,0.454,s,agent-1,ap-south-1
svc-payments,payments-api,2025-04-17T06:45:00Z,500,327,ms,agent-2,ap-south-1
svc-reports,reports-api,2025-04-16T19:00:00Z,200,565,ms,agent-1,ap-south-1
svc-search,search-api,2025-04-18T05:30:00Z,200,0.517,s,agent-1,ap-south-1
svc-notify,notify-worker,2025-04-13T03:45:00Z,200,93,ms,agent-1,ap-south-1
svc-reports,reports-api,2025-04-14T11:30:00Z,200,681,ms,agent-1,ap-south-1
svc-reports,reports-api,2025-04-12T23:30:00Z,200,512,ms,agent-1,ap-south-1
svc-payments,payments-api,2025-04-20T08:45:00Z,200,330,ms,agent-1,ap-south-1
svc-search,search-api,2025-04-15T00:30:00Z,200,0.561,s,agent-1,ap-south-1
svc-reports,reports-api,2025-04-18T18:00:00Z,200,504,ms,agent-1,ap-south-1
svc-notify,notify-worker,2025-04-16T08:00:00Z,200,115,ms,agent-1,ap-south-1
svc-reports,reports-api,2025-04-19T16:45:00Z,200,837,ms,agent-1,ap-south-1
svc-auth,auth-api,2025-04-10T20:30:00Z,200,117,ms,agent-1,ap-south-1
svc-notify,notify-worker,2025-04-20T23:15:00Z,200,117,ms,agent-1,ap-south-1
svc-auth,auth-api,2025-04-14T18:45:00Z,200,149,ms,agent-1,ap-south-1
svc-notify,notify-worker,2025-04-19T08:15:00Z,200,122,ms,agent-1,ap-south-1
svc-search,search-api,2025-04-21T21:00:00Z,200,0.479,s,agent-1,ap-south-1
svc-payments,payments-api,2025-04-21T13:15:00Z,200,281,ms,agent-1,ap-south-1
svc-reports,reports-api,2025-04-10T01:45:00Z,200,536,ms,agent-1,ap-south-1
svc-search,search-api,2025-04-13T04:30:00Z,200,0.455,s,agent-1,ap-south-1
svc-auth,auth-api,2025-04-14T17:15:00Z,200,98,ms,agent-1,ap-south-1
svc-notify,notify-worker,2025-04-17T01:15:00Z,200,80,ms,agent-2,ap-south-1
svc-payments,payments-api,2025-04-17T05:15:00Z,200,290,ms,agent-1,ap-south-1
svc-reports,reports-api,2025-04-10T15:00:00Z,200,746,ms,agent-1,ap-south-1
svc-notify,notify-worker,2025-04-17T03:45:00Z,200,151,ms,agent-1,ap-south-1
svc-reports,reports-api,2025-04-17T18:45:00Z,200,720,ms,agent-1,ap-south-1
svc-payments,payments-api,2025-04-19T12:00:00Z,200,364,ms,agent-1,ap-south-1
svc-notify,notify-worker,1744324200,200,115,ms,agent-1,ap-south-1
svc-notify,notify-worker,2025-04-19T11:30:00Z,200,133,ms,agent-1,ap-south-1
svc-search,search-api,2025-04-19T18:30:00Z,200,0.698,s,agent-1,ap-south-1
svc-reports,reports-api,2025-04-15T20:45:00Z,200,672,ms,agent-1,ap-south-1
svc-search,search-api,2025-04-11T23:45:00Z,200,0.635,s,agent-1,ap-south-1
svc-auth,auth-api,2025-04-15T12:30:00Z,200,168,ms,agent-1,ap-south-1
svc-search,search-api,2025-04-15T06:00:00Z,500,0.393,s,agent-1,ap-south-1
svc-notify,notify-worker,2025-04-21T01:30:00Z,200,111,ms,agent-1,ap-south-1
svc-search,search-api,2025-04-14T18:45:00Z,200,0.681,s,agent-1,ap-south-1
svc-search,search-api,2025-04-11T20:00:00Z,200,0.503,s,agent-1,ap-south-1
svc-payments,payments-api,1744307100,200,263,ms,agent-1,ap-south-1
svc-payments,payments-api,2025-04-12T17:15:00Z,200,486,ms,agent-1,ap-south-1
svc-notify,notify-worker,2025-04-11T14:15:00Z,200,137,ms,agent-1,ap-south-1
svc-payments,payments-api,2025-04-13T21:30:00Z,200,454,ms,agent-1,ap-south-1
svc-reports,reports-api,2025-04-14T12:00:00Z,200,538,ms,agent-1,ap-south-1
svc-auth,auth-api,2025-04-15T05:15:00Z,200,129,ms,agent-1,ap-south-1
svc-search,search-api,2025-04-17T08:45:00Z,200,0.61,s,agent-1,ap-south-1
svc-search,search-api,2025-04-12T21:30:00Z,200,0.504,s,agent-1,ap-south-1
svc-reports,reports-api,2025-04-11T06:30:00Z,200,466,ms,agent-1,ap-south-1
svc-notify,notify-worker,2025-04-21T11:45:00Z,200,126,ms,agent-1,ap-south-1
svc-notify,notify-worker,2025-04-19T15:00:00Z,200,84,ms,agent-1,ap-south-1
svc-notify,notify-worker,2025-04-12T16:45:00Z,200,116,ms,agent-1,ap-south-1
svc-notify,notify-worker,2025-04-16T21:30:00Z,200,84,ms,agent-1,ap-south-1
svc-payments,payments-api,2025-04-14T17:30:00Z,200,252,ms,agent-1,ap-south-1
svc-notify,notify-worker,2025-04-15T23:15:00Z,200,86,ms,agent-1,ap-south-1
svc-auth,auth-api,2025-04-20T05:15:00Z,200,102,ms,agent-1,ap-south-1
svc-search,search-api,2025-04-14T23:30:00Z,200,0.521,s,agent-1,ap-south-1
svc-notify,notify-worker,2025-04-14T07:45:00Z,200,109,ms,agent-1,ap-south-1
svc-payments,payments-api,2025-04-17T04:30:00Z,200,472,ms,agent-2,ap-south-1
svc-notify,notify-worker,2025-04-14T19:00:00Z,200,142,ms,agent-1,ap-south-1
svc-notify,notify-worker,2025-04-11T16:30:00Z,200,136,ms,agent-1,ap-south-1
svc-auth,auth-api,2025-04-19T15:30:00Z,200,164,ms,agent-1,ap-south-1
svc-reports,reports-api,2025-04-19T15:00:00Z,200,550,ms,agent-1,ap-south-1
svc-reports,reports-api,2025-04-11T03:30:00Z,200,639,ms,agent-1,ap-south-1
svc-search,search-api,2025-04-10T11:45:00Z,200,0.432,s,agent-1,ap-south-1
svc-reports,reports-api,2025-04-10T03:15:00Z,503,688,ms,agent-1,ap-south-1
svc-payments,payments-api,2025-04-14T20:15:00Z,200,266,ms,agent-1,ap-south-1
svc-auth,auth-api,2025-04-15T20:00:00Z,200,163,ms,agent-1,ap-south-1
svc-payments,payments-api,2025-04-21T16:30:00Z,200,424,ms,agent-1,ap-south-1
svc-notify,notify-worker,2025-04-19T17:00:00Z,200,78,ms,agent-1,ap-south-1
svc-notify,notify-worker,2025-04-15T06:15:00Z,200,125,ms,agent-1,ap-south-1
svc-payments,payments-api,2025-04-19T00:00:00Z,200,412,ms,agent-1,ap-south-1
svc-reports,reports-api,2025-04-21T01:00:00Z,200,853,ms,agent-1,ap-south-1
svc-payments,payments-api,2025-04-15T20:00:00Z,200,454,ms,agent-1,ap-south-1
svc-notify,notify-worker,2025-04-16T09:15:00Z,200,108,ms,agent-1,ap-south-1
svc-search,search-api,2025-04-15T12:30:00Z,200,0.494,s,agent-1,ap-south-1
svc-notify,notify-worker,2025-04-15T10:00:00Z,200,121,ms,agent-1,ap-south-1
svc-notify,notify-worker,2025-04-14T01:30:00Z,200,85,ms,agent-1,ap-south-1
svc-notify,notify-worker,2025-04-16T07:45:00Z,200,138,ms,agent-1,ap-south-1
svc-search,search-api,2025-04-19T08:30:00Z,200,0.592,s,agent-1,ap-south-1
svc-search,search-api,2025-04-14T19:15:00Z,200,0.516,s,agent-1,ap-south-1
svc-search,search-api,2025-04-12T21:15:00Z,200,0.644,s,agent-1,ap-south-1
svc-payments,payments-api,2025-04-13T10:45:00Z,200,276,ms,agent-1,ap-south-1
svc-notify,notify-worker,2025-04-19T00:45:00Z,200,93,ms,agent-1,ap-south-1
svc-reports,reports-api,2025-04-19T01:45:00Z,200,450,ms,agent-1,ap-south-1
svc-search,search-api,2025-04-16T00:45:00Z,200,0.697,s,agent-1,ap-south-1
svc-search,search-api,2025-04-10T08:00:00Z,200,0.48,s,agent-1,ap-south-1
svc-notify,notify-worker,2025-04-18T21:00:00Z,200,121,ms,agent-1,ap-south-1
svc-reports,reports-api,2025-04-11T05:15:00Z,200,615,ms,agent-1,ap-south-1
svc-auth,auth-api,2025-04-21T06:15:00Z,200,186,ms,agent-1,ap-south-1
svc-auth,auth-api,2025-04-16T05:15:00Z,200,99,ms,agent-1,ap-south-1
svc-payments,payments-api,2025-04-21T02:45:00Z,200,262,ms,agent-1,ap-south-1
svc-auth,auth-api,2025-04-17T21:30:00Z,200,108,ms,agent-1,ap-south-1
svc-reports,reports-api,2025-04-14T17:15:00Z,200,704,ms,agent-1,ap-south-1
svc-reports,reports-api,2025-04-14T16:45:00Z,200,558,ms,agent-1,ap-south-1
svc-payments,payments-api,2025-04-15T18:00:00Z,200,304,ms,agent-1,ap-south-1
svc-notify,notify-worker,2025-04-18T14:45:00Z,200,95,ms,agent-1,ap-south-1
svc-search,search-api,2025-04-12T05:30:00Z,200,0.516,s,agent-1,ap-south-1
svc-reports,reports-api,2025-04-21T06:30:00Z,200,556,ms,agent-1,ap-south-1
svc-search,search-api,2025-04-11T05:30:00Z,200,0.665,s,agent-1,ap-south-1
svc-reports,reports-api,2025-04-21T08:00:00Z,200,551,ms,agent-1,ap-south-1
svc-reports,reports-api,2025-04-16T19:30:00Z,200,539,ms,agent-1,ap-south-1
svc-notify,notify-worker,2025-04-20T21:45:00Z,200,107,ms,agent-1,ap-south-1
svc-notify,notify-worker,2025-04-13T10:00:00Z,200,105,ms,agent-2,ap-south-1
svc-reports,reports-api,2025-04-13T11:45:00Z,200,,ms,agent-1,ap-south-1
svc-reports,reports-api,2025-04-17T05:15:00Z,200,694,ms,agent-2,ap-south-1
svc-auth,auth-api,2025-04-18T04:00:00Z,200,181,ms,agent-1,ap-south-1
svc-reports,reports-api,2025-04-21T06:45:00Z,200,432,ms,agent-1,ap-south-1
svc-auth,auth-api,2025-04-11T23:00:00Z,200,157,ms,agent-2,ap-south-1
svc-reports,reports-api,2025-04-10T14:45:00Z,200,732,ms,agent-1,ap-south-1
svc-search,search-api,2025-04-19T22:15:00Z,200,0.607,s,agent-1,ap-south-1
svc-search,search-api,2025-04-18T16:45:00Z,200,0.622,s,agent-1,ap-south-1
svc-payments,payments-api,2025-04-16T17:15:00Z,200,446,ms,agent-1,ap-south-1
svc-reports,reports-api,2025-04-11T00:00:00Z,200,573,ms,agent-1,ap-south-1
svc-search,search-api,2025-04-13T17:00:00Z,200,0.513,s,agent-1,ap-south-1
svc-auth,auth-api,2025-04-21T19:45:00Z,200,177,ms,agent-1,ap-south-1
svc-notify,notify-worker,2025-04-17T14:30:00Z,200,148,ms,agent-1,ap-south-1
svc-auth,auth-api,2025-04-19T02:15:00Z,200,179,ms,agent-1,ap-south-1
svc-payments,payments-api,2025-04-16T00:00:00Z,200,389,ms,agent-1,ap-south-1
svc-search,search-api,2025-04-13T11:30:00Z,200,0.628,s,agent-1,ap-south-1
svc-auth,auth-api,2025-04-14T18:30:00Z,200,140,ms,agent-1,ap-south-1
svc-search,search-api,2025-04-18T22:00:00Z,200,0.69,s,agent-1,ap-south-1
svc-search,search-api,2025-04-19T13:00:00Z,200,0.374,s,agent-1,ap-south-1
svc-search,search-api,2025-04-20T17:30:00Z,200,0.497,s,agent-1,ap-south-1
svc-payments,payments-api,2025-04-20T10:15:00Z,200,391,ms,agent-1,ap-south-1
svc-payments,payments-api,2025-04-12T13:45:00Z,200,429,ms,agent-1,ap-south-1
svc-notify,notify-worker,2025-04-15T14:45:00Z,200,87,ms,agent-1,ap-south-1
svc-notify,notify-worker,2025-04-21T06:45:00Z,200,103,ms,agent-1,ap-south-1
svc-search,search-api,2025-04-17T22:45:00Z,200,0.388,s,agent-1,ap-south-1
svc-notify,notify-worker,2025-04-15T11:45:00Z,200,137,ms,agent-1,ap-south-1
svc-notify,notify-worker,2025-04-19T02:45:00Z,200,131,ms,agent-1,ap-south-1
svc-notify,notify-worker,2025-04-13T09:00:00Z,200,95,ms,agent-1,ap-south-1
svc-auth,auth-api,2025-04-18T13:45:00Z,200,153,ms,agent-1,ap-south-1
svc-auth,auth-api,2025-04-15T04:45:00Z,200,188,ms,agent-1,ap-south-1
svc-notify,notify-worker,2025-04-17T13:30:00Z,200,87,ms,agent-1,ap-south-1
svc-payments,payments-api,2025-04-18T22:00:00Z,200,256,ms,agent-1,ap-south-1
svc-search,search-api,2025-04-10T05:00:00Z,200,0.458,s,agent-1,ap-south-1
svc-search,search-api,2025-04-18T15:00:00Z,200,0.475,s,agent-1,ap-south-1
svc-search,search-api,2025-04-14T20:00:00Z,200,0.363,s,agent-1,ap-south-1
svc-notify,notify-worker,2025-04-12T07:30:00Z,200,115,ms,agent-1,ap-south-1
svc-auth,auth-api,1744748100,200,188,ms,agent-1,ap-south-1
svc-payments,payments-api,2025-04-16T04:00:00Z,200,388,ms,agent-1,ap-south-1
svc-payments,payments-api,2025-04-13T15:15:00Z,200,490,ms,agent-1,ap-south-1
svc-auth,auth-api,2025-04-15T22:45:00Z,200,114,ms,agent-1,ap-south-1
svc-notify,notify-worker,2025-04-21T08:15:00Z,200,107,ms,agent-1,ap-south-1
svc-notify,notify-worker,2025-04-15T22:00:00Z,200,106,ms,agent-1,ap-south-1
svc-notify,notify-worker,2025-04-12T11:45:00Z,200,109,ms,agent-1,ap-south-1
svc-search,search-api,2025-04-14T23:00:00Z,200,0.417,s,agent-1,ap-south-1
svc-reports,reports-api,2025-04-11T23:30:00Z,200,631,ms,agent-1,ap-south-1
svc-notify,notify-worker,2025-04-16T14:15:00Z,200,92,ms,agent-2,ap-south-1
svc-search,search-api,2025-04-11T13:15:00Z,200,0.487,s,agent-1,ap-south-1
svc-reports,reports-api,2025-04-11T11:30:00Z,200,634,ms,agent-1,ap-south-1
svc-payments,payments-api,2025-04-21T15:45:00Z,200,309,ms,agent-1,ap-south-1
svc-search,search-api,2025-04-15T09:30:00Z,200,0.377,s,agent-1,ap-south-1
svc-search,search-api,2025-04-10T17:00:00Z,200,0.514,s,agent-1,ap-south-1
svc-search,search-api,2025-04-21T03:00:00Z,200,0.43,s,agent-1,ap-south-1
svc-auth,auth-api,2025-04-20T19:15:00Z,200,145,ms,agent-1,ap-south-1
svc-search,search-api,2025-04-18T07:45:00Z,200,0.536,s,agent-2,ap-south-1
svc-search,search-api,2025-04-20T01:00:00Z,200,0.435,s,agent-1,ap-south-1
svc-auth,auth-api,2025-04-10T07:15:00Z,200,149,ms,agent-2,ap-south-1
svc-search,search-api,2025-04-11T19:00:00Z,200,0.474,s,agent-1,ap-south-1
svc-reports,reports-api,2025-04-14T08:15:00Z,200,654,ms,agent-1,ap-south-1
svc-auth,auth-api,2025-04-17T21:00:00Z,200,158,ms,agent-1,ap-south-1
svc-notify,notify-worker,2025-04-17T15:30:00Z,200,91,ms,agent-1,ap-south-1
svc-search,search-api,2025-04-13T16:00:00Z,200,0.379,s,agent-1,ap-south-1
svc-search,search-api,2025-04-11T03:00:00Z,200,0.658,s,agent-1,ap-south-1
svc-reports,reports-api,2025-04-18T21:45:00Z,200,854,ms,agent-1,ap-south-1
svc-reports,reports-api,2025-04-13T14:45:00Z,200,565,ms,agent-1,ap-south-1
svc-payments,payments-api,2025-04-13T04:30:00Z,200,405,ms,agent-1,ap-south-1
svc-notify,notify-worker,2025-04-10T23:00:00Z,200,76,ms,agent-1,ap-south-1
svc-reports,reports-api,2025-04-14T20:30:00Z,200,540,ms,agent-1,ap-south-1
svc-notify,notify-worker,2025-04-12T09:15:00Z,200,131,ms,agent-1,ap-south-1
svc-auth,auth-api,2025-04-19T09:00:00Z,200,125,ms,agent-1,ap-south-1
svc-auth,auth-api,2025-04-20T06:15:00Z,200,188,ms,agent-1,ap-south-1
svc-search,search-api,2025-04-19T06:30:00Z,200,0.476,s,agent-1,ap-south-1
svc-notify,notify-worker,2025-04-17T02:15:00Z,200,101,ms,agent-1,ap-south-1
svc-search,search-api,2025-04-18T15:30:00Z,200,0.421,s,agent-1,ap-south-1
svc-notify,notify-worker,2025-04-16T21:45:00Z,200,139,ms,agent-1,ap-south-1
svc-notify,notify-worker,2025-04-21T03:45:00Z,200,91,ms,agent-1,ap-south-1
svc-search,search-api,2025-04-12T03:15:00Z,200,0.661,s,agent-1,ap-south-1
svc-reports,reports-api,2025-04-20T06:00:00Z,200,735,ms,agent-1,ap-south-1
svc-search,search-api,2025-04-14T07:30:00Z,200,0.376,s,agent-1,ap-south-1
svc-search,search-api,2025-04-13T10:15:00Z,200,0.506,s,agent-1,ap-south-1
svc-payments,payments-api,2025-04-17T11:15:00Z,200,414,ms,agent-1,ap-south-1
svc-search,search-api,2025-04-15T15:45:00Z,200,0.37,s,agent-1,ap-south-1
svc-search,search-api,2025-04-20T13:00:00Z,200,0.636,s,agent-1,ap-south-1
svc-reports,reports-api,2025-04-20T04:30:00Z,200,554,ms,agent-1,ap-south-1
svc-reports,reports-api,2025-04-16T05:30:00Z,200,819,ms,agent-1,ap-south-1
svc-notify,notify-worker,2025-04-11T01:45:00+05:30,200,89,ms,agent-1,ap-south-1
svc-notify,notify-worker,2025-04-21T17:45:00Z,200,149,ms,agent-1,ap-south-1
svc-search,search-api,2025-04-12T22:15:00Z,200,0.625,s,agent-1,ap-south-1
svc-notify,notify-worker,2025-04-16T19:15:00Z,200,83,ms,agent-1,ap-south-1
svc-notify,notify-worker,2025-04-17T16:00:00Z,200,100,ms,agent-1,ap-south-1
svc-payments,payments-api,2025-04-20T11:15:00Z,200,457,ms,agent-1,ap-south-1
svc-auth,auth-api,2025-04-16T12:15:00Z,200,145,ms,agent-1,ap-south-1
svc-auth,auth-api,2025-04-13T09:00:00Z,200,179,ms,agent-1,ap-south-1
svc-search,search-api,2025-04-11T23:30:00Z,200,0.373,s,agent-1,ap-south-1
svc-search,search-api,2025-04-13T09:30:00Z,200,0.583,s,agent-1,ap-south-1
svc-notify,notify-worker,2025-04-20T02:45:00Z,200,123,ms,agent-2,ap-south-1
svc-search,search-api,2025-04-15T13:30:00Z,200,0.672,s,agent-1,ap-south-1
svc-auth,auth-api,2025-04-18T18:45:00Z,200,166,ms,agent-1,ap-south-1
svc-payments,payments-api,2025-04-16T21:45:00Z,200,428,ms,agent-1,ap-south-1
svc-payments,payments-api,2025-04-21T04:15:00Z,200,328,ms,agent-1,ap-south-1
svc-notify,notify-worker,2025-04-17T00:00:00Z,200,146,ms,agent-1,ap-south-1
svc-notify,notify-worker,2025-04-11T03:45:00Z,200,103,ms,agent-1,ap-south-1
svc-payments,payments-api,2025-04-19T04:30:00Z,200,400,ms,agent-1,ap-south-1
svc-reports,reports-api,2025-04-10T22:00:00Z,200,558,ms,agent-1,ap-south-1
svc-payments,payments-api,2025-04-14T00:00:00Z,200,253,ms,agent-1,ap-south-1
svc-payments,payments-api,2025-04-18T01:45:00Z,200,399,ms,agent-1,ap-south-1
svc-payments,payments-api,2025-04-17T03:15:00Z,200,311,ms,agent-1,ap-south-1
svc-auth,auth-api,2025-04-20T08:45:00Z,200,171,ms,agent-1,ap-south-1
svc-reports,reports-api,2025-04-11T15:45:00Z,200,451,ms,agent-1,ap-south-1
svc-payments,payments-api,2025-04-11T05:00:00Z,200,379,ms,agent-1,ap-south-1
svc-reports,reports-api,2025-04-12T04:15:00Z,200,506,ms,agent-1,ap-south-1
svc-reports,reports-api,2025-04-18T01:30:00Z,200,607,ms,agent-1,ap-south-1
svc-search,search-api,2025-04-11T10:00:00Z,200,0.711,s,agent-1,ap-south-1
svc-reports,reports-api,2025-04-11T02:15:00Z,200,463,ms,agent-1,ap-south-1
svc-notify,notify-worker,2025-04-14T02:30:00Z,200,90,ms,agent-2,ap-south-1
svc-payments,payments-api,2025-04-14T18:15:00Z,200,444,ms,agent-1,ap-south-1
svc-payments,payments-api,2025-04-13T20:45:00Z,200,424,ms,agent-1,ap-south-1
svc-search,search-api,2025-04-15T09:45:00Z,200,0.432,s,agent-1,ap-south-1
svc-notify,notify-worker,2025-04-12T13:45:00Z,200,91,ms,agent-1,ap-south-1
svc-auth,auth-api,2025-04-16T13:45:00+05:30,200,157,ms,agent-1,ap-south-1
svc-auth,auth-api,2025-04-12T04:30:00Z,200,156,ms,agent-1,ap-south-1
svc-reports,reports-api,2025-04-14T04:30:00Z,200,692,ms,agent-1,ap-south-1
svc-payments,payments-api,2025-04-16T20:30:00Z,200,437,ms,agent-1,ap-south-1
svc-search,search-api,2025-04-17T20:00:00Z,200,0.654,s,agent-1,ap-south-1
svc-auth,auth-api,2025-04-20T15:30:00Z,200,150,ms,agent-1,ap-south-1
svc-search,search-api,2025-04-16T06:30:00Z,200,0.706,s,agent-1,ap-south-1
svc-payments,payments-api,2025-04-20T12:30:00Z,200,336,ms,agent-1,ap-south-1
svc-search,search-api,2025-04-13T18:15:00Z,200,0.482,s,agent-1,ap-south-1
svc-notify,notify-worker,2025-04-21T14:45:00+05:30,200,126,ms,agent-1,ap-south-1
svc-auth,auth-api,2025-04-16T00:45:00Z,200,179,ms,agent-1,ap-south-1
svc-notify,notify-worker,2025-04-17T23:15:00Z,200,110,ms,agent-1,ap-south-1
svc-notify,notify-worker,2025-04-13T06:15:00Z,200,101,ms,agent-1,ap-south-1
svc-payments,payments-api,2025-04-18T20:30:00Z,200,372,ms,agent-1,ap-south-1
svc-reports,reports-api,2025-04-15T12:30:00Z,200,843,ms,agent-1,ap-south-1
svc-auth,auth-api,2025-04-10T17:15:00Z,200,105,ms,agent-1,ap-south-1
svc-notify,notify-worker,2025-04-12T09:30:00Z,200,84,ms,agent-1,ap-south-1
svc-payments,payments-api,2025-04-18T05:30:00Z,200,339,ms,agent-1,ap-south-1
svc-search,search-api,2025-04-17T00:30:00Z,200,0.375,s,agent-1,ap-south-1
svc-search,search-api,2025-04-16T01:45:00Z,200,0.597,s,agent-1,ap-south-1
svc-payments,payments-api,2025-04-14T13:45:00Z,200,317,ms,agent-1,ap-south-1
svc-auth,auth-api,2025-04-19T08:15:00Z,200,164,ms,agent-1,ap-south-1
svc-reports,reports-api,2025-04-12T09:15:00Z,500,576,ms,agent-1,ap-south-1
svc-auth,auth-api,2025-04-10T12:30:00Z,200,147,ms,agent-1,ap-south-1
svc-reports,reports-api,2025-04-19T15:15:00Z,200,816,ms,agent-1,ap-south-1
svc-reports,reports-api,2025-04-13T00:30:00Z,500,536,ms,agent-1,ap-south-1
svc-search,search-api,2025-04-10T09:45:00Z,200,0.663,s,agent-2,ap-south-1
svc-reports,reports-api,2025-04-11T07:15:00Z,200,462,ms,agent-1,ap-south-1
svc-payments,payments-api,2025-04-19T05:30:00Z,200,355,ms,agent-1,ap-south-1
svc-payments,payments-api,2025-04-18T17:00:00Z,200,336,ms,agent-1,ap-south-1
svc-notify,notify-worker,2025-04-15T14:00:00Z,200,79,ms,agent-1,ap-south-1
svc-reports,reports-api,2025-04-17T17:45:00Z,200,594,ms,agent-1,ap-south-1
svc-reports,reports-api,2025-04-12T11:30:00Z,200,647,ms,agent-1,ap-south-1
svc-notify,notify-worker,2025-04-18T03:15:00Z,200,87,ms,agent-1,ap-south-1
svc-search,search-api,2025-04-19T01:30:00Z,200,0.582,s,agent-1,ap-south-1
svc-payments,payments-api,2025-04-16T05:45:00Z,200,488,ms,agent-1,ap-south-1
svc-auth,auth-api,2025-04-14T14:30:00Z,200,104,ms,agent-1,ap-south-1
svc-notify,notify-worker,2025-04-10T08:30:00Z,200,92,ms,agent-2,ap-south-1
svc-search,search-api,2025-04-11T19:30:00Z,200,0.702,s,agent-1,ap-south-1
svc-reports,reports-api,2025-04-17T23:45:00Z,200,828,ms,agent-1,ap-south-1
svc-notify,notify-worker,2025-04-14T12:00:00Z,200,90,ms,agent-1,ap-south-1
svc-reports,reports-api,2025-04-17T04:00:00Z,200,558,ms,agent-2,ap-south-1
svc-notify,notify-worker,2025-04-10T16:30:00Z,200,81,ms,agent-1,ap-south-1
svc-notify,notify-worker,2025-04-11T15:15:00Z,200,92,ms,agent-1,ap-south-1
svc-auth,auth-api,2025-04-15T16:45:00Z,200,118,ms,agent-1,ap-south-1
svc-payments,payments-api,2025-04-11T00:45:00Z,200,477,ms,agent-1,ap-south-1
svc-payments,payments-api,2025-04-10T20:00:00Z,200,385,ms,agent-1,ap-south-1
svc-reports,reports-api,2025-04-16T18:15:00Z,200,780,ms,agent-1,ap-south-1
svc-payments,payments-api,2025-04-17T11:45:00Z,200,494,ms,agent-1,ap-south-1
svc-payments,payments-api,2025-04-20T08:30:00Z,200,450,ms,agent-1,ap-south-1
svc-search,search-api,2025-04-16T11:45:00Z,200,0.419,s,agent-1,ap-south-1
svc-payments,payments-api,2025-04-14T19:15:00Z,200,431,ms,agent-1,ap-south-1
svc-payments,payments-api,2025-04-12T06:45:00Z,200,432,ms,agent-1,ap-south-1
svc-notify,notify-worker,2025-04-20T06:30:00Z,200,145,ms,agent-1,ap-south-1
svc-search,search-api,2025-04-21T00:15:00Z,200,0.586,s,agent-1,ap-south-1
svc-notify,notify-worker,2025-04-21T07:45:00Z,200,79,ms,agent-1,ap-south-1
svc-search,search-api,2025-04-18T05:45:00Z,200,0.612,s,agent-1,ap-south-1
svc-auth,auth-api,2025-04-14T05:30:00Z,200,101,ms,agent-1,ap-south-1
svc-search,search-api,2025-04-15T10:45:00Z,200,0.627,s,agent-1,ap-south-1
svc-auth,auth-api,2025-04-21T22:30:00Z,200,172,ms,agent-1,ap-south-1
svc-auth,auth-api,2025-04-15T16:30:00Z,200,177,ms,agent-1,ap-south-1
svc-notify,notify-worker,2025-04-21T22:15:00Z,200,111,ms,agent-1,ap-south-1
svc-reports,reports-api,2025-04-10T23:45:00Z,200,655,ms,agent-1,ap-south-1
svc-auth,auth-api,2025-04-10T17:30:00Z,200,121,ms,agent-1,ap-south-1
svc-notify,notify-worker,2025-04-20T11:30:00Z,200,84,ms,agent-2,ap-south-1
svc-search,search-api,2025-04-17T04:45:00Z,200,0.574,s,agent-1,ap-south-1
svc-auth,auth-api,2025-04-15T06:30:00Z,200,161,ms,agent-1,ap-south-1
svc-auth,auth-api,2025-04-15T17:30:00Z,200,145,ms,agent-1,ap-south-1
svc-search,search-api,2025-04-20T01:30:00Z,200,0.456,s,agent-1,ap-south-1
svc-notify,notify-worker,2025-04-10T01:00:00Z,200,91,ms,agent-1,ap-south-1
svc-auth,auth-api,2025-04-11T23:45:00Z,200,112,ms,agent-1,ap-south-1
svc-reports,reports-api,2025-04-13T01:00:00Z,200,535,ms,agent-1,ap-south-1
svc-payments,payments-api,2025-04-13T13:15:00Z,200,475,ms,agent-1,ap-south-1
svc-notify,notify-worker,2025-04-20T14:30:00Z,200,112,ms,agent-1,ap-south-1
svc-notify,notify-worker,2025-04-11T05:30:00Z,200,131,ms,agent-1,ap-south-1
svc-reports,reports-api,2025-04-20T06:30:00Z,200,663,ms,agent-2,ap-south-1
svc-payments,payments-api,2025-04-16T17:45:00Z,200,262,ms,agent-1,ap-south-1
svc-search,search-api,2025-04-15T11:45:00Z,200,0.608,s,agent-1,ap-south-1
svc-notify,notify-worker,2025-04-20T19:30:00Z,200,153,ms,agent-2,ap-south-1
svc-notify,notify-worker,2025-04-10T05:15:00Z,200,134,ms,agent-1,ap-south-1
svc-auth,auth-api,2025-04-10T05:00:00Z,200,169,ms,agent-1,ap-south-1
svc-payments,payments-api,2025-04-13T05:00:00Z,200,390,ms,agent-1,ap-south-1
svc-search,search-api,2025-04-17T23:45:00Z,200,0.59,s,agent-1,ap-south-1
svc-auth,auth-api,2025-04-13T12:15:00Z,200,150,ms,agent-2,ap-south-1
svc-payments,payments-api,2025-04-18T15:15:00Z,200,364,ms,agent-1,ap-south-1
svc-notify,notify-worker,2025-04-21T20:45:00Z,200,151,ms,agent-1,ap-south-1
svc-search,search-api,2025-04-19T17:30:00Z,200,0.494,s,agent-1,ap-south-1
svc-payments,payments-api,2025-04-10T12:45:00Z,200,485,ms,agent-1,ap-south-1
svc-auth,auth-api,2025-04-11T10:45:00Z,200,151,ms,agent-1,ap-south-1
svc-auth,auth-api,2025-04-12T00:45:00Z,200,97,ms,agent-1,ap-south-1
svc-auth,auth-api,2025-04-18T14:00:00Z,200,162,ms,agent-1,ap-south-1
svc-reports,reports-api,2025-04-10T11:15:00Z,200,476,ms,agent-1,ap-south-1
svc-payments,payments-api,2025-04-11T22:00:00Z,200,339,ms,agent-1,ap-south-1
svc-reports,reports-api,2025-04-11T06:45:00Z,200,617,ms,agent-1,ap-south-1
svc-payments,payments-api,2025-04-13T16:45:00Z,200,364,ms,agent-1,ap-south-1
svc-payments,payments-api,2025-04-10T15:15:00Z,200,456,ms,agent-1,ap-south-1
svc-notify,notify-worker,2025-04-15T23:45:00Z,200,150,ms,agent-1,ap-south-1
svc-search,search-api,2025-04-12T21:45:00Z,200,0.389,s,agent-1,ap-south-1
svc-payments,payments-api,2025-04-12T00:45:00Z,200,385,ms,agent-1,ap-south-1
svc-notify,notify-worker,2025-04-11T13:00:00Z,200,139,ms,agent-1,ap-south-1
svc-reports,reports-api,2025-04-16T10:45:00Z,200,712,ms,agent-2,ap-south-1
svc-reports,reports-api,2025-04-19T17:30:00Z,200,759,ms,agent-1,ap-south-1
svc-auth,auth-api,2025-04-14T13:45:00Z,200,118,ms,agent-1,ap-south-1
svc-payments,payments-api,2025-04-19T18:00:00Z,200,287,ms,agent-1,ap-south-1
svc-search,search-api,2025-04-16T09:30:00Z,200,,s,agent-1,ap-south-1
svc-search,search-api,2025-04-15T06:45:00Z,200,0.716,s,agent-1,ap-south-1
svc-auth,auth-api,2025-04-10T07:45:00Z,200,96,ms,agent-1,ap-south-1
svc-reports,reports-api,2025-04-17T09:30:00Z,200,667,ms,agent-1,ap-south-1
svc-search,search-api,2025-04-20T23:30:00Z,200,0.436,s,agent-1,ap-south-1
svc-reports,reports-api,2025-04-12T09:30:00Z,200,852,ms,agent-1,ap-south-1
svc-notify,notify-worker,2025-04-15T08:45:00Z,200,85,ms,agent-1,ap-south-1
svc-reports,reports-api,2025-04-21T20:30:00Z,200,600,ms,agent-1,ap-south-1
svc-search,search-api,2025-04-21T12:00:00Z,200,0.7,s,agent-1,ap-south-1
svc-auth,auth-api,2025-04-12T03:30:00Z,200,161,ms,agent-1,ap-south-1
svc-payments,payments-api,2025-04-17T21:15:00Z,200,386,ms,agent-1,ap-south-1
svc-payments,payments-api,2025-04-13T19:45:00Z,200,467,ms,agent-1,ap-south-1
svc-reports,reports-api,2025-04-10T19:00:00Z,200,565,ms,agent-1,ap-south-1
svc-payments,payments-api,2025-04-11T13:15:00Z,200,336,ms,agent-1,ap-south-1
svc-notify,notify-worker,2025-04-15T21:15:00Z,200,135,ms,agent-1,ap-south-1
svc-auth,auth-api,2025-04-20T07:00:00Z,200,163,ms,agent-1,ap-south-1
svc-search,search-api,2025-04-19T05:00:00Z,200,0.589,s,agent-2,ap-south-1
svc-reports,reports-api,2025-04-21T18:45:00Z,200,618,ms,agent-1,ap-south-1
svc-reports,reports-api,2025-04-14T23:45:00Z,200,568,ms,agent-1,ap-south-1
svc-auth,auth-api,2025-04-20T00:30:00Z,200,121,ms,agent-1,ap-south-1
svc-auth,auth-api,2025-04-12T01:45:00Z,200,96,ms,agent-1,ap-south-1
svc-notify,notify-worker,2025-04-16T10:15:00Z,200,130,ms,agent-1,ap-south-1
svc-reports,reports-api,2025-04-20T06:45:00Z,200,463,ms,agent-1,ap-south-1
svc-auth,auth-api,2025-04-10T04:45:00Z,200,157,ms,agent-1,ap-south-1
svc-payments,payments-api,2025-04-10T14:30:00Z,200,268,ms,agent-1,ap-south-1
svc-notify,notify-worker,2025-04-16T17:15:00Z,200,108,ms,agent-1,ap-south-1
svc-auth,auth-api,2025-04-19T05:00:00Z,200,180,ms,agent-1,ap-south-1
svc-auth,auth-api,2025-04-10T09:30:00Z,200,160,ms,agent-1,ap-south-1
svc-reports,reports-api,2025-04-13T18:15:00Z,200,622,ms,agent-1,ap-south-1
svc-notify,notify-worker,1744562700,200,85,ms,agent-1,ap-south-1
svc-payments,payments-api,2025-04-13T14:00:00Z,200,263,ms,agent-1,ap-south-1
svc-auth,auth-api,2025-04-21T16:30:00Z,200,130,ms,agent-2,ap-south-1
svc-auth,auth-api,2025-04-10T15:45:00Z,200,161,ms,agent-1,ap-south-1
svc-auth,auth-api,2025-04-18T11:45:00Z,200,172,ms,agent-1,ap-south-1
svc-search,search-api,2025-04-17T08:00:00Z,200,0.592,s,agent-1,ap-south-1
svc-auth,auth-api,2025-04-14T08:15:00Z,200,137,ms,agent-1,ap-south-1
svc-notify,notify-worker,2025-04-15T11:15:00Z,200,140,ms,agent-1,ap-south-1
svc-auth,auth-api,2025-04-16T07:15:00Z,200,131,ms,agent-1,ap-south-1
svc-auth,auth-api,2025-04-11T16:45:00Z,200,139,ms,agent-1,ap-south-1
svc-notify,notify-worker,2025-04-18T13:00:00Z,200,108,ms,agent-1,ap-south-1
svc-reports,reports-api,2025-04-17T22:15:00Z,200,679,ms,agent-1,ap-south-1
svc-notify,notify-worker,2025-04-10T17:00:00Z,200,94,ms,agent-1,ap-south-1
svc-search,search-api,2025-04-14T18:30:00Z,200,0.392,s,agent-1,ap-south-1
svc-search,search-api,2025-04-12T12:30:00Z,200,0.591,s,agent-1,ap-south-1
svc-search,search-api,2025-04-10T15:45:00Z,200,0.56,s,agent-1,ap-south-1
svc-auth,auth-api,2025-04-16T02:15:00Z,200,106,ms,agent-1,ap-south-1
svc-auth,auth-api,2025-04-16T06:15:00Z,200,186,ms,agent-1,ap-south-1
svc-payments,payments-api,2025-04-19T19:15:00Z,200,281,ms,agent-1,ap-south-1
svc-notify,notify-worker,2025-04-10T18:30:00Z,200,87,ms,agent-1,ap-south-1
svc-payments,payments-api,2025-04-20T05:30:00Z,200,419,ms,agent-1,ap-south-1
svc-notify,notify-worker,2025-04-12T19:45:00Z,200,118,ms,agent-1,ap-south-1
svc-reports,reports-api,2025-04-15T10:15:00Z,200,584,ms,agent-1,ap-south-1
svc-auth,auth-api,2025-04-10T01:45:00Z,200,181,ms,agent-1,ap-south-1
svc-notify,notify-worker,2025-04-19T23:45:00Z,200,105,ms,agent-1,ap-south-1
svc-notify,notify-worker,2025-04-17T06:45:00Z,200,118,ms,agent-1,ap-south-1
svc-notify,notify-worker,2025-04-18T17:00:00Z,200,141,ms,agent-1,ap-south-1
svc-search,search-api,2025-04-10T10:00:00Z,200,0.412,s,agent-1,ap-south-1
svc-notify,notify-worker,2025-04-14T08:45:00Z,200,123,ms,agent-2,ap-south-1
svc-reports,reports-api,2025-04-13T04:15:00Z,200,613,ms,agent-1,ap-south-1
svc-notify,notify-worker,2025-04-12T17:00:00Z,200,115,ms,agent-2,ap-south-1
svc-auth,auth-api,2025-04-20T13:30:00Z,200,132,ms,agent-1,ap-south-1
svc-payments,payments-api,2025-04-15T10:45:00Z,200,462,ms,agent-1,ap-south-1
svc-reports,reports-api,2025-04-19T21:00:00Z,200,804,ms,agent-1,ap-south-1
svc-reports,reports-api,2025-04-13T09:00:00Z,200,511,ms,agent-1,ap-south-1
svc-search,search-api,2025-04-18T08:45:00Z,200,0.554,s,agent-1,ap-south-1
svc-auth,auth-api,2025-04-19T08:30:00Z,200,141,ms,agent-1,ap-south-1
svc-search,search-api,2025-04-17T10:15:00Z,200,0.432,s,agent-1,ap-south-1
svc-auth,auth-api,2025-04-20T00:15:00Z,200,140,ms,agent-1,ap-south-1
svc-payments,payments-api,2025-04-11T04:30:00Z,200,443,ms,agent-1,ap-south-1
svc-payments,payments-api,2025-04-11T09:30:00Z,200,278,ms,agent-1,ap-south-1
svc-auth,auth-api,2025-04-18T02:00:00Z,200,139,ms,agent-1,ap-south-1
svc-search,search-api,2025-04-12T08:15:00Z,200,0.421,s,agent-1,ap-south-1
svc-search,search-api,2025-04-12T17:30:00Z,200,0.382,s,agent-1,ap-south-1
svc-search,search-api,2025-04-20T20:15:00Z,200,0.687,s,agent-1,ap-south-1
svc-auth,auth-api,2025-04-12T22:15:00Z,200,184,ms,agent-1,ap-south-1
svc-search,search-api,2025-04-21T20:30:00Z,200,0.564,s,agent-1,ap-south-1
svc-search,search-api,2025-04-13T06:15:00Z,200,0.436,s,agent-1,ap-south-1
svc-search,search-api,2025-04-17T00:45:00Z,200,0.386,s,agent-1,ap-south-1
svc-search,search-api,2025-04-16T22:30:00Z,200,0.663,s,agent-1,ap-south-1
svc-auth,auth-api,2025-04-19T22:30:00Z,200,178,ms,agent-1,ap-south-1
svc-notify,notify-worker,2025-04-21T01:00:00Z,200,123,ms,agent-1,ap-south-1
svc-payments,payments-api,2025-04-13T13:45:00Z,200,365,ms,agent-1,ap-south-1
svc-auth,auth-api,2025-04-17T07:45:00Z,200,138,ms,agent-1,ap-south-1
svc-search,search-api,2025-04-17T22:30:00Z,200,0.691,s,agent-2,ap-south-1
svc-notify,notify-worker,2025-04-10T10:00:00Z,200,104,ms,agent-1,ap-south-1
svc-payments,payments-api,2025-04-13T02:15:00Z,200,372,ms,agent-1,ap-south-1
svc-auth,auth-api,2025-04-19T12:45:00Z,200,179,ms,agent-1,ap-south-1
svc-search,search-api,2025-04-17T18:15:00Z,200,0.369,s,agent-1,ap-south-1
svc-reports,reports-api,2025-04-21T05:00:00Z,200,439,ms,agent-1,ap-south-1
svc-auth,auth-api,2025-04-18T08:00:00Z,200,128,ms,agent-1,ap-south-1
svc-payments,payments-api,2025-04-15T08:45:00Z,200,328,ms,agent-1,ap-south-1
svc-search,search-api,2025-04-16T18:00:00Z,200,0.517,s,agent-1,ap-south-1
svc-notify,notify-worker,2025-04-16T22:30:00Z,200,88,ms,agent-2,ap-south-1
svc-reports,reports-api,2025-04-13T08:30:00Z,200,835,ms,agent-1,ap-south-1
svc-payments,payments-api,2025-04-12T21:45:00Z,200,369,ms,agent-1,ap-south-1
svc-payments,payments-api,2025-04-21T08:30:00Z,200,371,ms,agent-1,ap-south-1
svc-payments,payments-api,2025-04-12T12:15:00Z,200,441,ms,agent-1,ap-south-1
svc-reports,reports-api,2025-04-15T15:30:00Z,200,826,ms,agent-1,ap-south-1
svc-payments,payments-api,2025-04-17T22:45:00Z,200,269,ms,agent-1,ap-south-1
svc-reports,reports-api,2025-04-19T05:30:00Z,200,,ms,agent-1,ap-south-1
svc-notify,notify-worker,2025-04-10T06:30:00Z,200,119,ms,agent-1,ap-south-1
svc-reports,reports-api,2025-04-12T09:00:00Z,200,555,ms,agent-1,ap-south-1
svc-notify,notify-worker,2025-04-14T16:15:00Z,200,134,ms,agent-1,ap-south-1
svc-auth,auth-api,2025-04-14T09:45:00Z,200,105,ms,agent-1,ap-south-1
svc-search,search-api,2025-04-18T06:00:00Z,200,0.615,s,agent-1,ap-south-1
svc-payments,payments-api,2025-04-17T09:45:00Z,200,349,ms,agent-1,ap-south-1
svc-notify,notify-worker,2025-04-19T21:00:00Z,200,85,ms,agent-1,ap-south-1
svc-reports,reports-api,2025-04-21T18:45:00Z,200,603,ms,agent-2,ap-south-1
svc-payments,payments-api,2025-04-15T23:30:00Z,200,481,ms,agent-1,ap-south-1
svc-auth,auth-api,2025-04-13T17:00:00Z,200,159,ms,agent-1,ap-south-1
svc-search,search-api,2025-04-15T15:00:00Z,200,0.487,s,agent-2,ap-south-1
svc-reports,reports-api,2025-04-21T00:45:00Z,200,630,ms,agent-1,ap-south-1
svc-auth,auth-api,2025-04-15T07:15:00Z,200,169,ms,agent-1,ap-south-1
svc-reports,reports-api,2025-04-14T14:00:00Z,200,436,ms,agent-1,ap-south-1
svc-notify,notify-worker,2025-04-13T17:00:00Z,200,120,ms,agent-1,ap-south-1
svc-payments,payments-api,2025-04-15T06:00:00Z,200,354,ms,agent-1,ap-south-1
svc-search,search-api,2025-04-11T03:15:00Z,200,0.449,s,agent-1,ap-south-1
svc-reports,reports-api,2025-04-17T03:30:00Z,200,777,ms,agent-1,ap-south-1
svc-reports,reports-api,2025-04-12T03:00:00Z,500,506,ms,agent-1,ap-south-1
svc-search,search-api,2025-04-16T02:00:00Z,200,0.635,s,agent-1,ap-south-1
svc-auth,auth-api,2025-04-13T14:15:00Z,200,130,ms,agent-1,ap-south-1
svc-auth,auth-api,2025-04-13T16:30:00Z,200,160,ms,agent-1,ap-south-1
svc-payments,payments-api,2025-04-11T10:30:00Z,200,307,ms,agent-1,ap-south-1
svc-notify,notify-worker,2025-04-18T00:30:00Z,200,144,ms,agent-2,ap-south-1
svc-reports,reports-api,2025-04-14T15:45:00Z,200,831,ms,agent-1,ap-south-1
svc-reports,reports-api,2025-04-20T09:30:00Z,200,649,ms,agent-1,ap-south-1
svc-auth,auth-api,2025-04-13T07:15:00+05:30,200,158,ms,agent-1,ap-south-1
svc-auth,auth-api,2025-04-18T07:15:00Z,200,157,ms,agent-1,ap-south-1
svc-auth,auth-api,2025-04-21T17:45:00Z,200,163,ms,agent-1,ap-south-1
svc-payments,payments-api,2025-04-21T05:15:00Z,200,403,ms,agent-1,ap-south-1
svc-auth,auth-api,2025-04-16T23:15:00Z,200,134,ms,agent-1,ap-south-1
svc-payments,payments-api,2025-04-13T14:45:00Z,200,483,ms,agent-1,ap-south-1
svc-payments,payments-api,2025-04-19T15:45:00Z,200,443,ms,agent-1,ap-south-1
svc-auth,auth-api,2025-04-18T22:15:00Z,200,180,ms,agent-1,ap-south-1
svc-search,search-api,2025-04-11T15:15:00Z,200,0.449,s,agent-1,ap-south-1
svc-search,search-api,2025-04-18T10:30:00Z,200,0.626,s,agent-1,ap-south-1
svc-auth,auth-api,2025-04-11T04:00:00Z,200,178,ms,agent-1,ap-south-1
svc-auth,auth-api,2025-04-12T22:00:00Z,200,144,ms,agent-1,ap-south-1
svc-notify,notify-worker,2025-04-20T10:00:00Z,200,90,ms,agent-1,ap-south-1
svc-reports,reports-api,2025-04-18T18:45:00Z,200,751,ms,agent-1,ap-south-1
svc-auth,auth-api,2025-04-21T09:00:00Z,200,108,ms,agent-1,ap-south-1
svc-payments,payments-api,2025-04-16T21:30:00Z,200,424,ms,agent-1,ap-south-1
svc-notify,notify-worker,2025-04-12T10:30:00Z,200,113,ms,agent-1,ap-south-1
svc-payments,payments-api,2025-04-13T01:15:00Z,200,417,ms,agent-2,ap-south-1
svc-search,search-api,2025-04-13T18:30:00Z,200,0.385,s,agent-1,ap-south-1
svc-auth,auth-api,2025-04-15T01:15:00Z,200,167,ms,agent-1,ap-south-1
svc-reports,reports-api,2025-04-13T07:15:00Z,200,799,ms,agent-1,ap-south-1
svc-payments,payments-api,2025-04-17T13:15:00Z,200,488,ms,agent-1,ap-south-1
svc-auth,auth-api,2025-04-14T04:00:00Z,200,173,ms,agent-1,ap-south-1
svc-notify,notify-worker,2025-04-14T06:45:00Z,200,131,ms,agent-1,ap-south-1
svc-payments,payments-api,2025-04-15T15:15:00Z,200,447,ms,agent-1,ap-south-1
svc-search,search-api,2025-04-15T18:45:00Z,200,0.687,s,agent-1,ap-south-1
svc-payments,payments-api,2025-04-10T08:15:00Z,200,480,ms,agent-1,ap-south-1
svc-search,search-api,1744324200,200,,s,agent-1,ap-south-1
svc-payments,payments-api,2025-04-20T15:45:00Z,200,410,ms,agent-2,ap-south-1
svc-reports,reports-api,2025-04-20T00:30:00Z,200,811,ms,agent-1,ap-south-1
svc-auth,auth-api,2025-04-15T04:00:00Z,200,133,ms,agent-1,ap-south-1
svc-search,search-api,2025-04-14T17:00:00Z,200,0.683,s,agent-1,ap-south-1
svc-search,search-api,2025-04-13T23:00:00Z,200,0.381,s,agent-1,ap-south-1
svc-search,search-api,2025-04-13T02:15:00Z,200,0.666,s,agent-1,ap-south-1
svc-reports,reports-api,2025-04-18T21:00:00Z,200,445,ms,agent-1,ap-south-1
svc-auth,auth-api,2025-04-17T03:30:00Z,200,167,ms,agent-1,ap-south-1
svc-reports,reports-api,2025-04-19T14:30:00Z,200,810,ms,agent-1,ap-south-1
svc-notify,notify-worker,2025-04-14T22:00:00Z,200,102,ms,agent-1,ap-south-1
svc-reports,reports-api,2025-04-18T19:30:00Z,200,744,ms,agent-1,ap-south-1
svc-auth,auth-api,2025-04-11T23:00:00Z,200,161,ms,agent-1,ap-south-1
svc-notify,notify-worker,2025-04-14T06:15:00Z,200,81,ms,agent-1,ap-south-1
svc-payments,payments-api,2025-04-14T13:30:00Z,200,265,ms,agent-1,ap-south-1
svc-search,search-api,2025-04-13T07:45:00Z,200,0.477,s,agent-1,ap-south-1
svc-notify,notify-worker,2025-04-15T17:15:00Z,200,100,ms,agent-1,ap-south-1
svc-auth,auth-api,2025-04-13T23:45:00Z,200,102,ms,agent-1,ap-south-1
svc-reports,reports-api,2025-04-18T03:00:00Z,200,751,ms,agent-1,ap-south-1
svc-search,search-api,2025-04-18T18:45:00Z,200,0.37,s,agent-1,ap-south-1
svc-auth,auth-api,2025-04-10T02:30:00Z,200,124,ms,agent-1,ap-south-1
svc-reports,reports-api,2025-04-18T21:15:00Z,200,754,ms,agent-1,ap-south-1
svc-search,search-api,2025-04-12T00:00:00Z,200,0.506,s,agent-1,ap-south-1
svc-auth,auth-api,2025-04-18T17:45:00Z,200,140,ms,agent-1,ap-south-1
svc-auth,auth-api,2025-04-11T09:30:00Z,200,175,ms,agent-2,ap-south-1
svc-notify,notify-worker,2025-04-19T00:30:00Z,200,116,ms,agent-1,ap-south-1
svc-reports,reports-api,2025-04-14T20:00:00Z,200,,ms,agent-1,ap-south-1
svc-auth,auth-api,2025-04-12T21:30:00Z,200,139,ms,agent-1,ap-south-1
svc-reports,reports-api,2025-04-14T14:45:00Z,200,683,ms,agent-1,ap-south-1
svc-notify,notify-worker,2025-04-17T21:00:00Z,200,106,ms,agent-1,ap-south-1
svc-auth,auth-api,2025-04-19T23:30:00Z,200,184,ms,agent-1,ap-south-1
svc-search,search-api,2025-04-20T12:00:00Z,200,0.686,s,agent-1,ap-south-1
svc-notify,notify-worker,2025-04-17T18:00:00Z,200,104,ms,agent-1,ap-south-1
svc-payments,payments-api,2025-04-19T07:45:00Z,200,438,ms,agent-1,ap-south-1
svc-notify,notify-worker,2025-04-13T04:00:00Z,200,146,ms,agent-1,ap-south-1
svc-notify,notify-worker,2025-04-15T07:30:00Z,200,96,ms,agent-1,ap-south-1
svc-auth,auth-api,2025-04-14T09:00:00Z,200,177,ms,agent-1,ap-south-1
svc-auth,auth-api,2025-04-18T21:45:00Z,200,104,ms,agent-1,ap-south-1
svc-notify,notify-worker,2025-04-17T14:45:00Z,200,142,ms,agent-1,ap-south-1
svc-notify,notify-worker,2025-04-12T19:30:00Z,200,146,ms,agent-1,ap-south-1
svc-notify,notify-worker,2025-04-12T16:30:00Z,200,124,ms,agent-2,ap-south-1
svc-reports,reports-api,2025-04-12T15:45:00Z,200,743,ms,agent-1,ap-south-1
svc-reports,reports-api,2025-04-19T04:00:00Z,503,634,ms,agent-1,ap-south-1
svc-payments,payments-api,2025-04-21T17:15:00Z,200,309,ms,agent-1,ap-south-1
svc-search,search-api,2025-04-16T03:15:00Z,200,0.427,s,agent-1,ap-south-1
svc-notify,notify-worker,2025-04-11T01:00:00Z,200,120,ms,agent-1,ap-south-1
svc-reports,reports-api,2025-04-10T18:15:00Z,200,805,ms,agent-1,ap-south-1
svc-search,search-api,2025-04-16T07:30:00Z,200,0.453,s,agent-1,ap-south-1
svc-reports,reports-api,2025-04-16T11:15:00Z,200,822,ms,agent-1,ap-south-1
svc-reports,reports-api,2025-04-21T13:00:00Z,200,646,ms,agent-2,ap-south-1
svc-payments,payments-api,2025-04-20T16:00:00Z,200,385,ms,agent-1,ap-south-1
svc-notify,notify-worker,2025-04-20T00:15:00Z,200,121,ms,agent-1,ap-south-1
svc-auth,auth-api,2025-04-12T00:15:00Z,200,106,ms,agent-1,ap-south-1
svc-search,search-api,2025-04-10T20:00:00Z,200,0.599,s,agent-1,ap-south-1
svc-search,search-api,2025-04-16T21:30:00Z,200,0.685,s,agent-1,ap-south-1
svc-auth,auth-api,2025-04-15T13:15:00Z,200,128,ms,agent-1,ap-south-1
svc-auth,auth-api,2025-04-15T13:30:00Z,200,157,ms,agent-1,ap-south-1
svc-auth,auth-api,2025-04-21T10:15:00Z,200,165,ms,agent-1,ap-south-1
svc-search,search-api,2025-04-14T02:30:00Z,200,0.588,s,agent-1,ap-south-1
svc-notify,notify-worker,2025-04-12T20:45:00Z,200,142,ms,agent-1,ap-south-1
svc-auth,auth-api,2025-04-20T18:45:00Z,200,133,ms,agent-1,ap-south-1
svc-search,search-api,2025-04-16T22:15:00Z,200,0.629,s,agent-1,ap-south-1
svc-search,search-api,1745149500,200,0.409,s,agent-1,ap-south-1
svc-notify,notify-worker,2025-04-21T17:30:00Z,200,143,ms,agent-2,ap-south-1
svc-notify,notify-worker,2025-04-13T23:00:00Z,200,131,ms,agent-1,ap-south-1
svc-search,search-api,2025-04-11T09:30:00Z,200,0.615,s,agent-1,ap-south-1
svc-reports,reports-api,2025-04-12T11:45:00Z,200,642,ms,agent-1,ap-south-1
svc-search,search-api,2025-04-11T06:45:00Z,200,0.523,s,agent-1,ap-south-1
svc-notify,notify-worker,2025-04-16T14:00:00Z,200,91,ms,agent-1,ap-south-1
svc-payments,payments-api,2025-04-11T03:45:00Z,200,413,ms,agent-1,ap-south-1
svc-search,search-api,2025-04-16T21:15:00Z,200,0.436,s,agent-1,ap-south-1
svc-search,search-api,2025-04-10T18:15:00Z,200,0.512,s,agent-1,ap-south-1
svc-payments,payments-api,2025-04-17T09:30:00Z,200,290,ms,agent-1,ap-south-1
svc-notify,notify-worker,2025-04-17T05:45:00Z,200,118,ms,agent-1,ap-south-1
svc-reports,reports-api,2025-04-11T14:45:00+05:30,200,806,ms,agent-1,ap-south-1
svc-auth,auth-api,2025-04-16T16:45:00Z,200,177,ms,agent-1,ap-south-1
svc-payments,payments-api,2025-04-17T10:45:00Z,200,358,ms,agent-1,ap-south-1
svc-notify,notify-worker,2025-04-21T16:15:00Z,200,87,ms,agent-1,ap-south-1
svc-auth,auth-api,2025-04-20T18:15:00Z,200,150,ms,agent-1,ap-south-1
svc-auth,auth-api,2025-04-16T21:45:00Z,200,149,ms,agent-1,ap-south-1
svc-notify,notify-worker,2025-04-10T08:30:00Z,200,92,ms,agent-1,ap-south-1
svc-auth,auth-api,2025-04-19T22:15:00Z,200,116,ms,agent-1,ap-south-1
svc-payments,payments-api,2025-04-21T18:00:00Z,200,420,ms,agent-2,ap-south-1
svc-search,search-api,2025-04-21T22:00:00Z,200,0.574,s,agent-1,ap-south-1
svc-auth,auth-api,2025-04-20T10:15:00Z,200,184,ms,agent-2,ap-south-1
svc-payments,payments-api,2025-04-11T01:00:00Z,200,479,ms,agent-1,ap-south-1
svc-search,search-api,2025-04-16T10:00:00Z,200,0.612,s,agent-1,ap-south-1
svc-search,search-api,2025-04-19T06:15:00Z,200,0.444,s,agent-1,ap-south-1
svc-auth,auth-api,2025-04-12T00:00:00Z,200,185,ms,agent-2,ap-south-1
svc-payments,payments-api,2025-04-15T00:45:00Z,200,264,ms,agent-1,ap-south-1
svc-auth,auth-api,2025-04-10T07:15:00Z,200,144,ms,agent-1,ap-south-1
svc-auth,auth-api,2025-04-21T14:45:00Z,200,119,ms,agent-1,ap-south-1
svc-payments,payments-api,2025-04-14T02:15:00Z,200,405,ms,agent-1,ap-south-1
svc-payments,payments-api,2025-04-15T03:45:00Z,200,355,ms,agent-1,ap-south-1
svc-payments,payments-api,2025-04-10T21:45:00Z,200,261,ms,agent-1,ap-south-1
svc-auth,auth-api,2025-04-21T16:00:00Z,200,160,ms,agent-1,ap-south-1
svc-reports,reports-api,2025-04-13T01:45:00Z,200,543,ms,agent-1,ap-south-1
svc-reports,reports-api,2025-04-17T09:00:00Z,200,737,ms,agent-1,ap-south-1
svc-auth,auth-api,2025-04-21T04:45:00Z,200,189,ms,agent-1,ap-south-1
svc-reports,reports-api,2025-04-14T22:30:00Z,200,475,ms,agent-1,ap-south-1
svc-payments,payments-api,2025-04-15T17:00:00Z,200,264,ms,agent-2,ap-south-1
svc-payments,payments-api,2025-04-13T20:00:00Z,200,296,ms,agent-1,ap-south-1
svc-reports,reports-api,2025-04-12T01:15:00Z,200,837,ms,agent-1,ap-south-1
svc-search,search-api,2025-04-17T04:15:00Z,200,0.57,s,agent-2,ap-south-1
svc-reports,reports-api,2025-04-15T05:00:00Z,200,495,ms,agent-1,ap-south-1
svc-payments,payments-api,2025-04-19T23:45:00Z,200,383,ms,agent-1,ap-south-1
svc-payments,payments-api,2025-04-14T22:30:00Z,200,372,ms,agent-2,ap-south-1
svc-notify,notify-worker,2025-04-21T08:00:00Z,200,90,ms,agent-1,ap-south-1
svc-notify,notify-worker,2025-04-21T18:15:00Z,200,128,ms,agent-1,ap-south-1
svc-payments,payments-api,2025-04-10T13:30:00Z,502,350,ms,agent-1,ap-south-1
svc-reports,reports-api,2025-04-18T09:30:00Z,200,598,ms,agent-1,ap-south-1
svc-notify,notify-worker,2025-04-15T19:00:00Z,200,83,ms,agent-1,ap-south-1
svc-search,search-api,2025-04-19T14:30:00Z,200,0.496,s,agent-1,ap-south-1
svc-search,search-api,2025-04-10T13:45:00Z,200,0.539,s,agent-1,ap-south-1
svc-search,search-api,2025-04-19T05:15:00Z,200,0.491,s,agent-1,ap-south-1
svc-auth,auth-api,2025-04-16T13:00:00Z,200,155,ms,agent-1,ap-south-1
svc-search,search-api,2025-04-13T18:00:00Z,200,0.715,s,agent-1,ap-south-1
svc-reports,reports-api,2025-04-19T07:45:00Z,200,587,ms,agent-1,ap-south-1
svc-search,search-api,2025-04-10T00:15:00Z,200,0.623,s,agent-1,ap-south-1
svc-reports,reports-api,2025-04-13T12:30:00Z,200,634,ms,agent-1,ap-south-1
svc-reports,reports-api,1745084700,200,,ms,agent-1,ap-south-1
svc-payments,payments-api,2025-04-18T06:30:00Z,200,323,ms,agent-2,ap-south-1
svc-auth,auth-api,2025-04-10T19:00:00Z,200,154,ms,agent-1,ap-south-1
svc-auth,auth-api,2025-04-11T01:45:00Z,200,125,ms,agent-1,ap-south-1
svc-search,search-api,2025-04-12T13:00:00Z,200,0.374,s,agent-1,ap-south-1
svc-reports,reports-api,2025-04-11T16:30:00Z,200,822,ms,agent-1,ap-south-1
svc-auth,auth-api,2025-04-13T14:30:00Z,200,155,ms,agent-1,ap-south-1
svc-notify,notify-worker,2025-04-16T13:00:00Z,200,108,ms,agent-1,ap-south-1
svc-notify,notify-worker,2025-04-11T01:45:00Z,200,130,ms,agent-1,ap-south-1
svc-payments,payments-api,2025-04-12T23:30:00Z,200,,ms,agent-1,ap-south-1
svc-auth,auth-api,2025-04-15T14:15:00Z,200,140,ms,agent-1,ap-south-1
svc-search,search-api,2025-04-13T05:30:00Z,200,0.562,s,agent-1,ap-south-1
svc-search,search-api,2025-04-16T21:00:00Z,200,0.572,s,agent-1,ap-south-1
svc-reports,reports-api,2025-04-14T04:45:00Z,200,839,ms,agent-1,ap-south-1
svc-search,search-api,2025-04-12T16:30:00Z,200,0.538,s,agent-1,ap-south-1
svc-payments,payments-api,2025-04-20T02:45:00Z,200,286,ms,agent-1,ap-south-1
svc-reports,reports-api,2025-04-21T17:00:00Z,200,586,ms,agent-1,ap-south-1
svc-search,search-api,2025-04-15T20:00:00Z,200,0.617,s,agent-1,ap-south-1
svc-auth,auth-api,2025-04-15T05:45:00Z,200,175,ms,agent-1,ap-south-1
svc-reports,reports-api,2025-04-17T13:30:00Z,200,823,ms,agent-1,ap-south-1
svc-notify,notify-worker,2025-04-12T06:00:00Z,200,149,ms,agent-1,ap-south-1
svc-search,search-api,2025-04-21T23:45:00Z,200,0.458,s,agent-2,ap-south-1
svc-search,search-api,2025-04-18T07:00:00Z,200,0.494,s,agent-1,ap-south-1
svc-auth,auth-api,2025-04-12T05:15:00Z,200,142,ms,agent-2,ap-south-1
svc-reports,reports-api,2025-04-20T12:45:00Z,200,832,ms,agent-1,ap-south-1
svc-reports,reports-api,2025-04-13T20:30:00Z,200,797,ms,agent-1,ap-south-1
svc-search,search-api,2025-04-13T23:15:00Z,200,0.533,s,agent-1,ap-south-1
svc-payments,payments-api,2025-04-10T02:45:00Z,200,357,ms,agent-1,ap-south-1
svc-auth,auth-api,2025-04-19T17:45:00Z,200,118,ms,agent-1,ap-south-1
svc-payments,payments-api,2025-04-11T17:45:00Z,200,325,ms,agent-1,ap-south-1
svc-payments,payments-api,2025-04-16T00:30:00Z,200,339,ms,agent-1,ap-south-1
svc-auth,auth-api,2025-04-19T05:00:00Z,200,184,ms,agent-2,ap-south-1
svc-notify,notify-worker,2025-04-19T08:45:00Z,200,121,ms,agent-1,ap-south-1
svc-payments,payments-api,2025-04-18T00:15:00Z,200,374,ms,agent-1,ap-south-1
svc-reports,reports-api,2025-04-17T15:00:00Z,200,763,ms,agent-1,ap-south-1
svc-notify,notify-worker,2025-04-16T18:45:00Z,200,121,ms,agent-1,ap-south-1
svc-payments,payments-api,2025-04-15T11:45:00Z,200,339,ms,agent-1,ap-south-1
svc-reports,reports-api,2025-04-20T18:15:00Z,200,716,ms,agent-1,ap-south-1
svc-auth,auth-api,2025-04-19T21:30:00Z,200,174,ms,agent-1,ap-south-1
svc-auth,auth-api,2025-04-20T05:30:00Z,200,193,ms,agent-2,ap-south-1
svc-payments,payments-api,2025-04-21T17:45:00Z,200,418,ms,agent-1,ap-south-1
svc-payments,payments-api,2025-04-17T14:00:00Z,200,345,ms,agent-1,ap-south-1
svc-reports,reports-api,2025-04-10T18:45:00Z,200,442,ms,agent-1,ap-south-1
svc-notify,notify-worker,2025-04-19T00:15:00Z,200,75,ms,agent-2,ap-south-1
svc-notify,notify-worker,2025-04-18T10:45:00Z,200,76,ms,agent-1,ap-south-1
svc-notify,notify-worker,2025-04-19T23:30:00Z,200,132,ms,agent-1,ap-south-1
svc-payments,payments-api,2025-04-11T20:15:00Z,200,394,ms,agent-2,ap-south-1
svc-auth,auth-api,2025-04-14T13:15:00Z,200,123,ms,agent-1,ap-south-1
svc-payments,payments-api,2025-04-17T20:00:00Z,200,288,ms,agent-1,ap-south-1
svc-notify,notify-worker,2025-04-14T22:30:00Z,200,123,ms,agent-1,ap-south-1
svc-reports,reports-api,2025-04-18T16:45:00Z,200,450,ms,agent-2,ap-south-1
svc-auth,auth-api,2025-04-10T06:15:00Z,200,191,ms,agent-1,ap-south-1
svc-search,search-api,2025-04-10T23:15:00Z,200,0.7,s,agent-1,ap-south-1
svc-notify,notify-worker,2025-04-13T16:15:00Z,200,100,ms,agent-1,ap-south-1
svc-notify,notify-worker,2025-04-11T08:30:00Z,200,144,ms,agent-2,ap-south-1
svc-notify,notify-worker,2025-04-18T18:15:00Z,200,123,ms,agent-1,ap-south-1
svc-payments,payments-api,2025-04-16T17:00:00Z,200,470,ms,agent-1,ap-south-1
svc-auth,auth-api,2025-04-17T22:45:00Z,200,166,ms,agent-2,ap-south-1
svc-search,search-api,2025-04-12T18:30:00Z,200,0.4,s,agent-1,ap-south-1
svc-payments,payments-api,2025-04-12T16:15:00Z,200,252,ms,agent-1,ap-south-1
svc-payments,payments-api,2025-04-16T17:30:00Z,200,408,ms,agent-2,ap-south-1
svc-payments,payments-api,2025-04-19T03:30:00Z,200,289,ms,agent-1,ap-south-1
svc-payments,payments-api,2025-04-15T01:45:00Z,200,274,ms,agent-1,ap-south-1
svc-notify,notify-worker,2025-04-11T05:00:00Z,200,97,ms,agent-1,ap-south-1
svc-search,search-api,2025-04-12T14:00:00Z,200,0.66,s,agent-1,ap-south-1
svc-auth,auth-api,2025-04-16T03:15:00Z,200,117,ms,agent-1,ap-south-1
svc-payments,payments-api,2025-04-10T07:00:00Z,200,351,ms,agent-1,ap-south-1
svc-search,search-api,2025-04-19T01:15:00Z,200,0.558,s,agent-1,ap-south-1
svc-auth,auth-api,2025-04-20T20:30:00Z,200,135,ms,agent-1,ap-south-1
svc-auth,auth-api,2025-04-15T19:30:00Z,200,153,ms,agent-1,ap-south-1
svc-auth,auth-api,2025-04-16T20:30:00Z,200,168,ms,agent-1,ap-south-1
svc-auth,auth-api,2025-04-11T13:00:00Z,200,118,ms,agent-1,ap-south-1
svc-reports,reports-api,2025-04-14T16:30:00Z,200,437,ms,agent-1,ap-south-1
svc-payments,payments-api,2025-04-13T21:00:00Z,200,440,ms,agent-1,ap-south-1
svc-payments,payments-api,2025-04-12T15:45:00Z,200,479,ms,agent-1,ap-south-1
svc-payments,payments-api,2025-04-17T10:30:00Z,200,376,ms,agent-1,ap-south-1
svc-payments,payments-api,2025-04-10T03:00:00Z,200,492,ms,agent-1,ap-south-1
svc-payments,payments-api,2025-04-11T07:45:00Z,200,421,ms,agent-1,ap-south-1
svc-notify,notify-worker,2025-04-20T18:30:00Z,200,138,ms,agent-1,ap-south-1
svc-search,search-api,2025-04-12T04:30:00Z,200,0.648,s,agent-1,ap-south-1
svc-reports,reports-api,2025-04-11T20:00:00Z,200,698,ms,agent-1,ap-south-1
svc-search,search-api,2025-04-10T09:45:00Z,200,0.623,s,agent-1,ap-south-1
svc-search,search-api,2025-04-14T07:00:00Z,200,0.37,s,agent-2,ap-south-1
svc-payments,payments-api,2025-04-17T07:15:00+05:30,200,450,ms,agent-1,ap-south-1
svc-payments,payments-api,2025-04-15T05:30:00Z,200,388,ms,agent-1,ap-south-1
svc-auth,auth-api,2025-04-19T14:15:00Z,200,137,ms,agent-1,ap-south-1
svc-payments,payments-api,2025-04-19T01:45:00Z,200,,ms,agent-1,ap-south-1
svc-auth,auth-api,2025-04-17T22:30:00Z,200,158,ms,agent-1,ap-south-1
svc-search,search-api,2025-04-19T14:45:00Z,200,0.537,s,agent-1,ap-south-1
svc-payments,payments-api,2025-04-21T10:30:00Z,200,387,ms,agent-1,ap-south-1
svc-search,search-api,2025-04-11T16:45:00Z,200,0.455,s,agent-1,ap-south-1
svc-reports,reports-api,2025-04-18T15:00:00Z,200,721,ms,agent-1,ap-south-1
svc-payments,payments-api,2025-04-20T01:45:00Z,200,281,ms,agent-1,ap-south-1
svc-notify,notify-worker,2025-04-16T22:00:00Z,200,131,ms,agent-1,ap-south-1
svc-auth,auth-api,2025-04-15T05:30:00Z,200,186,ms,agent-1,ap-south-1
svc-reports,reports-api,2025-04-19T15:30:00Z,200,748,ms,agent-2,ap-south-1
svc-payments,payments-api,2025-04-18T19:30:00Z,200,327,ms,agent-1,ap-south-1
svc-reports,reports-api,2025-04-16T21:00:00Z,200,777,ms,agent-1,ap-south-1
svc-search,search-api,2025-04-19T09:30:00Z,200,0.692,s,agent-1,ap-south-1
svc-payments,payments-api,2025-04-12T19:30:00Z,200,320,ms,agent-1,ap-south-1
svc-search,search-api,2025-04-17T19:45:00Z,200,0.483,s,agent-1,ap-south-1
svc-payments,payments-api,2025-04-20T15:15:00Z,200,325,ms,agent-2,ap-south-1
svc-payments,payments-api,2025-04-15T07:15:00Z,200,440,ms,agent-1,ap-south-1
svc-notify,notify-worker,2025-04-18T11:15:00Z,200,148,ms,agent-1,ap-south-1
svc-payments,payments-api,2025-04-17T19:00:00Z,200,411,ms,agent-1,ap-south-1
svc-search,search-api,2025-04-19T07:30:00Z,200,0.584,s,agent-1,ap-south-1
svc-notify,notify-worker,2025-04-13T13:00:00Z,200,109,ms,agent-1,ap-south-1
svc-payments,payments-api,2025-04-18T08:30:00Z,200,431,ms,agent-1,ap-south-1
svc-notify,notify-worker,2025-04-12T08:15:00Z,200,82,ms,agent-1,ap-south-1
svc-reports,reports-api,2025-04-19T04:30:00Z,200,481,ms,agent-1,ap-south-1
svc-auth,auth-api,1744867800,200,114,ms,agent-1,ap-south-1
svc-notify,notify-worker,2025-04-16T13:15:00Z,200,151,ms,agent-1,ap-south-1
svc-payments,payments-api,2025-04-12T02:00:00Z,200,309,ms,agent-1,ap-south-1
svc-payments,payments-api,2025-04-16T18:00:00Z,200,324,ms,agent-1,ap-south-1
svc-notify,notify-worker,2025-04-14T05:45:00Z,200,102,ms,agent-1,ap-south-1
svc-reports,reports-api,2025-04-19T15:45:00Z,200,535,ms,agent-1,ap-south-1
svc-notify,notify-worker,2025-04-19T12:45:00Z,200,76,ms,agent-1,ap-south-1
svc-notify,notify-worker,2025-04-16T01:30:00Z,200,139,ms,agent-2,ap-south-1
svc-reports,reports-api,2025-04-11T12:45:00Z,200,625,ms,agent-1,ap-south-1
svc-search,search-api,2025-04-12T22:00:00Z,200,0.431,s,agent-1,ap-south-1
svc-reports,reports-api,2025-04-18T13:45:00Z,200,779,ms,agent-1,ap-south-1
svc-search,search-api,2025-04-11T18:15:00+05:30,200,0.661,s,agent-1,ap-south-1
svc-search,search-api,2025-04-21T21:15:00Z,200,0.537,s,agent-1,ap-south-1
svc-notify,notify-worker,2025-04-13T21:45:00Z,200,106,ms,agent-1,ap-south-1
svc-payments,payments-api,2025-04-10T11:30:00Z,200,286,ms,agent-1,ap-south-1
svc-search,search-api,2025-04-14T06:45:00Z,200,0.448,s,agent-1,ap-south-1
svc-auth,auth-api,2025-04-19T23:15:00Z,200,116,ms,agent-1,ap-south-1
svc-search,search-api,2025-04-15T02:00:00Z,200,0.719,s,agent-1,ap-south-1
svc-search,search-api,2025-04-19T15:15:00Z,200,0.526,s,agent-1,ap-south-1
svc-search,search-api,1745131500,200,0.64,s,agent-1,ap-south-1
svc-reports,reports-api,2025-04-17T10:00:00Z,200,482,ms,agent-1,ap-south-1
svc-search,search-api,2025-04-14T11:15:00Z,200,0.409,s,agent-1,ap-south-1
svc-payments,payments-api,2025-04-14T15:00:00Z,200,301,ms,agent-2,ap-south-1
svc-reports,reports-api,2025-04-12T02:00:00Z,200,451,ms,agent-1,ap-south-1
svc-payments,payments-api,2025-04-10T06:00:00Z,200,416,ms,agent-1,ap-south-1
svc-payments,payments-api,2025-04-20T12:15:00Z,200,475,ms,agent-1,ap-south-1
svc-reports,reports-api,2025-04-19T09:45:00Z,200,541,ms,agent-1,ap-south-1
svc-payments,payments-api,2025-04-18T13:30:00Z,200,482,ms,agent-2,ap-south-1
svc-notify,notify-worker,2025-04-13T18:30:00Z,200,76,ms,agent-1,ap-south-1
svc-reports,reports-api,2025-04-17T05:45:00Z,200,617,ms,agent-1,ap-south-1
svc-auth,auth-api,2025-04-20T23:30:00Z,200,166,ms,agent-1,ap-south-1
svc-search,search-api,2025-04-11T10:45:00Z,200,0.372,s,agent-1,ap-south-1
svc-payments,payments-api,2025-04-10T15:00:00Z,200,481,ms,agent-2,ap-south-1
svc-reports,reports-api,2025-04-20T20:00:00Z,200,752,ms,agent-1,ap-south-1
svc-notify,notify-worker,2025-04-20T06:00:00Z,200,126,ms,agent-1,ap-south-1
svc-search,search-api,2025-04-15T14:00:00Z,200,0.379,s,agent-1,ap-south-1
svc-notify,notify-worker,2025-04-21T12:00:00Z,200,122,ms,agent-1,ap-south-1
svc-notify,notify-worker,2025-04-16T12:30:00Z,200,124,ms,agent-1,ap-south-1
svc-payments,payments-api,2025-04-11T17:00:00Z,200,340,ms,agent-1,ap-south-1
svc-payments,payments-api,2025-04-18T20:45:00Z,200,480,ms,agent-2,ap-south-1
svc-auth,auth-api,2025-04-17T04:00:00Z,200,121,ms,agent-1,ap-south-1
svc-search,search-api,2025-04-12T21:00:00Z,200,0.367,s,agent-1,ap-south-1
svc-payments,payments-api,2025-04-10T18:30:00Z,200,423,ms,agent-1,ap-south-1
svc-auth,auth-api,2025-04-11T09:00:00Z,200,104,ms,agent-1,ap-south-1
svc-payments,payments-api,2025-04-19T22:15:00Z,200,448,ms,agent-1,ap-south-1
svc-auth,auth-api,2025-04-11T01:00:00Z,200,112,ms,agent-1,ap-south-1
svc-payments,payments-api,2025-04-19T12:15:00Z,200,317,ms,agent-1,ap-south-1
svc-payments,payments-api,2025-04-19T03:15:00Z,200,334,ms,agent-1,ap-south-1
svc-payments,payments-api,2025-04-16T15:00:00Z,200,317,ms,agent-1,ap-south-1
svc-reports,reports-api,2025-04-17T19:30:00Z,200,530,ms,agent-1,ap-south-1
svc-auth,auth-api,2025-04-14T15:30:00Z,200,104,ms,agent-2,ap-south-1
svc-search,search-api,2025-04-12T08:45:00Z,200,0.683,s,agent-1,ap-south-1
svc-auth,auth-api,2025-04-21T03:30:00Z,200,148,ms,agent-1,ap-south-1
svc-notify,notify-worker,2025-04-12T22:00:00Z,200,100,ms,agent-1,ap-south-1
svc-auth,auth-api,2025-04-12T07:00:00Z,200,188,ms,agent-1,ap-south-1
svc-auth,auth-api,1744560900,200,147,ms,agent-1,ap-south-1
svc-reports,reports-api,2025-04-18T18:15:00Z,200,452,ms,agent-1,ap-south-1
svc-payments,payments-api,2025-04-18T14:45:00Z,200,259,ms,agent-1,ap-south-1
svc-auth,auth-api,2025-04-11T21:45:00Z,200,175,ms,agent-1,ap-south-1
svc-search,search-api,2025-04-21T20:45:00Z,200,0.589,s,agent-1,ap-south-1
svc-payments,payments-api,2025-04-21T14:30:00Z,200,384,ms,agent-1,ap-south-1
svc-auth,auth-api,2025-04-16T00:30:00Z,200,139,ms,agent-1,ap-south-1
svc-payments,payments-api,2025-04-11T11:00:00Z,200,,ms,agent-1,ap-south-1
svc-notify,notify-worker,2025-04-15T12:30:00Z,200,77,ms,agent-2,ap-south-1
svc-notify,notify-worker,2025-04-17T04:00:00Z,200,86,ms,agent-1,ap-south-1
svc-search,search-api,2025-04-15T23:30:00Z,200,0.364,s,agent-1,ap-south-1
svc-notify,notify-worker,2025-04-14T16:15:00Z,200,137,ms,agent-2,ap-south-1
svc-search,search-api,2025-04-18T20:45:00Z,200,0.608,s,agent-1,ap-south-1
svc-notify,notify-worker,2025-04-20T11:00:00Z,200,125,ms,agent-1,ap-south-1
svc-search,search-api,2025-04-11T18:30:00Z,200,0.468,s,agent-1,ap-south-1
svc-auth,auth-api,2025-04-13T07:30:00Z,200,113,ms,agent-1,ap-south-1
svc-notify,notify-worker,2025-04-20T02:00:00Z,200,92,ms,agent-1,ap-south-1
svc-reports,reports-api,2025-04-10T08:45:00Z,200,604,ms,agent-1,ap-south-1
svc-search,search-api,2025-04-15T12:45:00Z,200,0.627,s,agent-1,ap-south-1
svc-notify,notify-worker,2025-04-21T19:45:00Z,200,82,ms,agent-1,ap-south-1
svc-auth,auth-api,2025-04-17T13:45:00Z,200,183,ms,agent-1,ap-south-1
svc-notify,notify-worker,2025-04-14T04:00:00Z,200,115,ms,agent-1,ap-south-1
svc-payments,payments-api,2025-04-13T14:30:00Z,200,250,ms,agent-1,ap-south-1
svc-reports,reports-api,2025-04-20T19:30:00Z,200,838,ms,agent-1,ap-south-1
svc-auth,auth-api,2025-04-14T21:15:00Z,200,190,ms,agent-1,ap-south-1
svc-reports,reports-api,2025-04-18T04:45:00Z,200,722,ms,agent-2,ap-south-1
svc-auth,auth-api,2025-04-14T18:45:00Z,200,142,ms,agent-2,ap-south-1
svc-search,search-api,2025-04-13T14:15:00Z,200,0.38,s,agent-1,ap-south-1
svc-payments,payments-api,2025-04-19T08:45:00Z,200,445,ms,agent-1,ap-south-1
svc-search,search-api,2025-04-13T22:00:00Z,200,0.389,s,agent-1,ap-south-1
svc-reports,reports-api,2025-04-16T06:45:00Z,200,704,ms,agent-1,ap-south-1
svc-search,search-api,2025-04-18T17:45:00Z,200,0.41,s,agent-1,ap-south-1
svc-reports,reports-api,2025-04-14T13:30:00Z,200,799,ms,agent-1,ap-south-1
svc-payments,payments-api,2025-04-12T05:00:00Z,200,332,ms,agent-1,ap-south-1
svc-payments,payments-api,2025-04-11T10:00:00Z,500,320,ms,agent-1,ap-south-1
svc-notify,notify-worker,2025-04-16T09:45:00Z,200,148,ms,agent-1,ap-south-1
svc-reports,reports-api,2025-04-18T17:15:00Z,200,727,ms,agent-1,ap-south-1
svc-search,search-api,2025-04-11T18:00:00Z,200,0.4,s,agent-1,ap-south-1
svc-notify,notify-worker,2025-04-16T09:00:00Z,200,126,ms,agent-1,ap-south-1
svc-payments,payments-api,1744748100,200,285,ms,agent-1,ap-south-1
svc-notify,notify-worker,2025-04-17T03:00:00Z,200,94,ms,agent-1,ap-south-1
svc-search,search-api,2025-04-17T01:15:00Z,200,0.659,s,agent-1,ap-south-1
svc-search,search-api,2025-04-14T08:15:00Z,200,0.497,s,agent-1,ap-south-1
svc-notify,notify-worker,2025-04-11T02:45:00Z,200,119,ms,agent-2,ap-south-1
svc-notify,notify-worker,2025-04-11T09:00:00Z,200,116,ms,agent-1,ap-south-1
svc-auth,auth-api,2025-04-16T03:00:00Z,200,130,ms,agent-1,ap-south-1
svc-reports,reports-api,2025-04-21T14:30:00Z,200,548,ms,agent-1,ap-south-1
svc-search,search-api,2025-04-14T16:15:00Z,502,1.448,s,agent-1,ap-south-1
svc-payments,payments-api,2025-04-20T17:00:00Z,200,298,ms,agent-1,ap-south-1
svc-auth,auth-api,2025-04-17T15:00:00Z,200,124,ms,agent-1,ap-south-1
svc-auth,auth-api,2025-04-16T15:45:00Z,200,185,ms,agent-1,ap-south-1
svc-reports,reports-api,2025-04-17T14:45:00Z,200,547,ms,agent-1,ap-south-1
svc-auth,auth-api,2025-04-21T23:30:00Z,200,169,ms,agent-1,ap-south-1
svc-reports,reports-api,2025-04-10T02:00:00Z,200,796,ms,agent-1,ap-south-1
svc-search,search-api,2025-04-16T01:30:00Z,200,0.463,s,agent-1,ap-south-1
svc-notify,notify-worker,2025-04-20T16:00:00Z,200,103,ms,agent-1,ap-south-1
svc-notify,notify-worker,2025-04-14T14:15:00Z,200,103,ms,agent-1,ap-south-1
svc-search,search-api,2025-04-17T05:00:00Z,200,0.518,s,agent-2,ap-south-1
svc-auth,auth-api,2025-04-18T15:45:00Z,200,182,ms,agent-1,ap-south-1
svc-search,search-api,2025-04-18T10:00:00Z,200,0.516,s,agent-1,ap-south-1
svc-reports,reports-api,2025-04-20T15:45:00Z,200,455,ms,agent-1,ap-south-1
svc-reports,reports-api,2025-04-14T05:00:00Z,200,582,ms,agent-1,ap-south-1
svc-search,search-api,2025-04-11T02:30:00Z,200,0.554,s,agent-1,ap-south-1
svc-reports,reports-api,2025-04-15T08:45:00Z,502,648,ms,agent-1,ap-south-1
svc-auth,auth-api,2025-04-20T04:15:00Z,200,191,ms,agent-1,ap-south-1
svc-auth,auth-api,2025-04-21T23:00:00Z,200,131,ms,agent-1,ap-south-1
svc-payments,payments-api,2025-04-15T16:30:00Z,200,456,ms,agent-1,ap-south-1
svc-reports,reports-api,2025-04-18T22:30:00Z,200,535,ms,agent-1,ap-south-1
svc-payments,payments-api,2025-04-15T09:30:00Z,200,302,ms,agent-1,ap-south-1
svc-reports,reports-api,2025-04-16T01:15:00Z,200,667,ms,agent-2,ap-south-1
svc-auth,auth-api,2025-04-20T16:00:00Z,200,148,ms,agent-1,ap-south-1
svc-payments,payments-api,2025-04-11T10:15:00Z,200,271,ms,agent-1,ap-south-1
svc-search,search-api,2025-04-12T12:00:00Z,500,0.437,s,agent-1,ap-south-1
svc-reports,reports-api,2025-04-16T12:00:00Z,200,784,ms,agent-1,ap-south-1
svc-reports,reports-api,2025-04-16T14:30:00Z,200,471,ms,agent-1,ap-south-1
svc-reports,reports-api,2025-04-20T02:45:00Z,200,696,ms,agent-2,ap-south-1
svc-reports,reports-api,2025-04-18T01:00:00Z,200,658,ms,agent-1,ap-south-1
svc-payments,payments-api,2025-04-21T08:15:00Z,200,351,ms,agent-1,ap-south-1
svc-payments,payments-api,2025-04-19T05:15:00Z,200,488,ms,agent-1,ap-south-1
svc-auth,auth-api,2025-04-11T04:15:00Z,200,176,ms,agent-1,ap-south-1
svc-reports,reports-api,2025-04-21T18:00:00Z,200,851,ms,agent-1,ap-south-1
svc-reports,reports-api,2025-04-21T16:30:00Z,200,732,ms,agent-1,ap-south-1
svc-search,search-api,2025-04-21T15:30:00Z,200,0.398,s,agent-1,ap-south-1
svc-reports,reports-api,2025-04-15T18:15:00Z,200,574,ms,agent-1,ap-south-1
svc-search,search-api,2025-04-17T11:00:00Z,200,0.437,s,agent-1,ap-south-1
svc-notify,notify-worker,2025-04-21T10:00:00Z,200,96,ms,agent-1,ap-south-1
svc-reports,reports-api,2025-04-13T12:00:00Z,200,468,ms,agent-1,ap-south-1
svc-payments,payments-api,2025-04-15T11:00:00Z,200,289,ms,agent-1,ap-south-1
svc-auth,auth-api,2025-04-18T14:45:00Z,200,184,ms,agent-1,ap-south-1
svc-auth,auth-api,2025-04-11T15:00:00Z,200,106,ms,agent-1,ap-south-1
svc-reports,reports-api,2025-04-15T10:30:00Z,200,795,ms,agent-1,ap-south-1
svc-auth,auth-api,2025-04-10T09:45:00Z,200,170,ms,agent-1,ap-south-1
svc-auth,auth-api,2025-04-16T07:00:00Z,200,128,ms,agent-1,ap-south-1
svc-reports,reports-api,2025-04-13T19:30:00Z,200,508,ms,agent-1,ap-south-1
svc-payments,payments-api,2025-04-12T10:30:00Z,200,310,ms,agent-1,ap-south-1
svc-reports,reports-api,2025-04-19T21:45:00Z,200,443,ms,agent-1,ap-south-1
svc-search,search-api,2025-04-12T06:30:00Z,200,0.539,s,agent-1,ap-south-1
svc-search,search-api,2025-04-17T21:00:00Z,200,0.555,s,agent-1,ap-south-1
svc-auth,auth-api,2025-04-19T19:00:00Z,200,138,ms,agent-1,ap-south-1
svc-payments,payments-api,2025-04-20T15:30:00Z,200,471,ms,agent-1,ap-south-1
svc-auth,auth-api,2025-04-12T16:30:00Z,200,113,ms,agent-1,ap-south-1
svc-search,search-api,2025-04-21T15:15:00Z,200,0.403,s,agent-1,ap-south-1
svc-auth,auth-api,2025-04-14T22:45:00Z,200,190,ms,agent-1,ap-south-1
svc-auth,auth-api,2025-04-10T01:30:00Z,200,107,ms,agent-1,ap-south-1
svc-reports,reports-api,2025-04-10T13:45:00Z,200,710,ms,agent-2,ap-south-1
svc-payments,payments-api,2025-04-15T00:30:00Z,200,261,ms,agent-1,ap-south-1
svc-payments,payments-api,2025-04-13T17:00:00Z,200,491,ms,agent-1,ap-south-1
svc-payments,payments-api,2025-04-14T22:45:00Z,200,323,ms,agent-1,ap-south-1
svc-auth,auth-api,2025-04-13T06:15:00Z,200,166,ms,agent-2,ap-south-1
svc-payments,payments-api,2025-04-20T19:30:00Z,200,372,ms,agent-1,ap-south-1
svc-payments,payments-api,2025-04-17T17:15:00Z,200,325,ms,agent-1,ap-south-1
svc-search,search-api,2025-04-12T09:00:00Z,200,,s,agent-1,ap-south-1
svc-auth,auth-api,2025-04-15T18:30:00Z,200,183,ms,agent-1,ap-south-1
svc-reports,reports-api,2025-04-20T09:45:00Z,200,456,ms,agent-1,ap-south-1
svc-payments,payments-api,2025-04-16T18:45:00Z,200,335,ms,agent-1,ap-south-1
svc-payments,payments-api,2025-04-20T03:00:00Z,200,333,ms,agent-1,ap-south-1
svc-auth,auth-api,2025-04-14T02:15:00Z,200,145,ms,agent-1,ap-south-1
svc-auth,auth-api,2025-04-16T12:00:00Z,200,137,ms,agent-1,ap-south-1
svc-reports,reports-api,2025-04-18T21:30:00Z,200,550,ms,agent-1,ap-south-1
svc-auth,auth-api,2025-04-12T12:15:00Z,200,122,ms,agent-1,ap-south-1
svc-search,search-api,2025-04-20T05:15:00Z,200,0.634,s,agent-1,ap-south-1
svc-search,search-api,2025-04-18T02:30:00Z,200,,s,agent-1,ap-south-1
svc-notify,notify-worker,2025-04-15T01:30:00Z,200,105,ms,agent-1,ap-south-1
svc-reports,reports-api,2025-04-13T04:45:00Z,200,556,ms,agent-1,ap-south-1
svc-auth,auth-api,2025-04-17T11:45:00Z,200,184,ms,agent-1,ap-south-1
svc-reports,reports-api,2025-04-21T03:30:00Z,200,703,ms,agent-1,ap-south-1
svc-search,search-api,2025-04-11T17:00:00Z,200,0.594,s,agent-2,ap-south-1
svc-reports,reports-api,2025-04-18T10:15:00Z,200,857,ms,agent-1,ap-south-1
svc-payments,payments-api,2025-04-11T14:30:00Z,200,472,ms,agent-1,ap-south-1
svc-notify,notify-worker,2025-04-18T01:45:00Z,200,104,ms,agent-2,ap-south-1
svc-auth,auth-api,2025-04-15T08:15:00Z,200,122,ms,agent-1,ap-south-1
svc-payments,payments-api,2025-04-13T13:00:00Z,200,325,ms,agent-1,ap-south-1
svc-auth,auth-api,2025-04-17T02:15:00Z,200,149,ms,agent-1,ap-south-1
svc-reports,reports-api,2025-04-13T07:15:00Z,200,833,ms,agent-2,ap-south-1
svc-search,search-api,2025-04-13T04:30:00Z,200,0.457,s,agent-2,ap-south-1
svc-notify,notify-worker,2025-04-17T20:45:00Z,200,106,ms,agent-1,ap-south-1
svc-notify,notify-worker,2025-04-10T00:15:00Z,200,105,ms,agent-1,ap-south-1
svc-notify,notify-worker,2025-04-13T00:00:00Z,200,91,ms,agent-2,ap-south-1
svc-notify,notify-worker,2025-04-11T18:00:00Z,200,101,ms,agent-1,ap-south-1
svc-auth,auth-api,2025-04-18T09:00:00Z,200,120,ms,agent-1,ap-south-1
svc-payments,payments-api,2025-04-17T15:30:00Z,200,394,ms,agent-1,ap-south-1
svc-reports,reports-api,2025-04-16T07:45:00Z,200,815,ms,agent-1,ap-south-1
svc-payments,payments-api,2025-04-21T02:15:00Z,200,312,ms,agent-1,ap-south-1
svc-reports,reports-api,2025-04-11T09:45:00Z,200,664,ms,agent-1,ap-south-1
svc-notify,notify-worker,2025-04-15T09:15:00Z,200,104,ms,agent-1,ap-south-1
svc-search,search-api,2025-04-12T18:15:00Z,200,0.561,s,agent-1,ap-south-1
svc-payments,payments-api,2025-04-15T21:45:00Z,200,389,ms,agent-1,ap-south-1
svc-payments,payments-api,2025-04-14T14:15:00Z,200,479,ms,agent-1,ap-south-1
svc-search,search-api,2025-04-15T19:45:00Z,200,0.417,s,agent-1,ap-south-1
svc-search,search-api,2025-04-16T16:45:00Z,200,0.519,s,agent-1,ap-south-1
svc-notify,notify-worker,2025-04-10T04:30:00Z,200,131,ms,agent-1,ap-south-1
svc-notify,notify-worker,2025-04-20T14:00:00Z,200,150,ms,agent-1,ap-south-1
svc-reports,reports-api,2025-04-20T05:30:00Z,200,559,ms,agent-1,ap-south-1
svc-search,search-api,2025-04-15T15:00:00Z,200,0.507,s,agent-1,ap-south-1
svc-payments,payments-api,2025-04-17T07:30:00Z,200,313,ms,agent-1,ap-south-1
svc-auth,auth-api,2025-04-15T02:00:00Z,200,178,ms,agent-1,ap-south-1
svc-reports,reports-api,2025-04-12T08:00:00Z,200,717,ms,agent-1,ap-south-1
svc-auth,auth-api,2025-04-17T10:15:00Z,200,99,ms,agent-1,ap-south-1
svc-reports,reports-api,2025-04-12T04:00:00Z,200,616,ms,agent-1,ap-south-1
svc-payments,payments-api,2025-04-13T03:30:00Z,200,389,ms,agent-1,ap-south-1
svc-payments,payments-api,2025-04-13T00:00:00Z,200,363,ms,agent-1,ap-south-1
svc-reports,reports-api,2025-04-12T11:15:00Z,200,705,ms,agent-1,ap-south-1
svc-payments,payments-api,2025-04-13T22:30:00Z,200,262,ms,agent-1,ap-south-1
svc-search,search-api,2025-04-19T00:30:00Z,200,0.411,s,agent-1,ap-south-1
svc-reports,reports-api,2025-04-10T04:15:00Z,200,602,ms,agent-1,ap-south-1
svc-notify,notify-worker,2025-04-10T04:00:00Z,200,76,ms,agent-1,ap-south-1
svc-notify,notify-worker,2025-04-19T09:30:00Z,200,83,ms,agent-1,ap-south-1
svc-reports,reports-api,2025-04-16T08:00:00Z,200,536,ms,agent-1,ap-south-1
svc-search,search-api,2025-04-18T01:30:00Z,200,0.472,s,agent-2,ap-south-1
svc-reports,reports-api,2025-04-14T11:45:00Z,200,544,ms,agent-1,ap-south-1
svc-auth,auth-api,2025-04-20T03:15:00Z,200,135,ms,agent-1,ap-south-1
svc-payments,payments-api,2025-04-19T05:00:00Z,200,352,ms,agent-1,ap-south-1
svc-notify,notify-worker,2025-04-14T00:15:00Z,200,125,ms,agent-1,ap-south-1
svc-notify,notify-worker,2025-04-14T17:15:00Z,200,106,ms,agent-1,ap-south-1
svc-payments,payments-api,2025-04-19T15:15:00Z,200,363,ms,agent-1,ap-south-1
svc-notify,notify-worker,2025-04-20T04:45:00Z,200,96,ms,agent-1,ap-south-1
svc-search,search-api,2025-04-14T07:15:00Z,200,0.501,s,agent-1,ap-south-1
svc-notify,notify-worker,2025-04-18T00:15:00Z,200,87,ms,agent-1,ap-south-1
svc-search,search-api,2025-04-18T11:00:00Z,200,0.637,s,agent-1,ap-south-1
svc-payments,payments-api,2025-04-11T21:45:00Z,200,390,ms,agent-1,ap-south-1
svc-reports,reports-api,2025-04-10T21:45:00Z,200,660,ms,agent-1,ap-south-1
svc-notify,notify-worker,2025-04-10T07:30:00Z,200,103,ms,agent-1,ap-south-1
svc-notify,notify-worker,2025-04-19T02:00:00Z,200,83,ms,agent-1,ap-south-1
svc-reports,reports-api,2025-04-18T06:15:00Z,200,767,ms,agent-1,ap-south-1
svc-auth,auth-api,2025-04-21T19:30:00Z,200,188,ms,agent-1,ap-south-1
svc-auth,auth-api,2025-04-21T20:00:00Z,200,126,ms,agent-1,ap-south-1
svc-notify,notify-worker,2025-04-11T19:00:00Z,200,118,ms,agent-1,ap-south-1
svc-reports,reports-api,2025-04-13T09:30:00Z,200,538,ms,agent-1,ap-south-1
svc-payments,payments-api,2025-04-14T00:30:00Z,200,356,ms,agent-2,ap-south-1
svc-payments,payments-api,2025-04-15T21:00:00Z,200,427,ms,agent-1,ap-south-1
svc-search,search-api,2025-04-17T05:00:00Z,200,0.547,s,agent-1,ap-south-1
svc-reports,reports-api,2025-04-18T16:00:00Z,200,741,ms,agent-1,ap-south-1
svc-search,search-api,2025-04-12T08:30:00Z,200,0.489,s,agent-1,ap-south-1
svc-payments,payments-api,2025-04-11T19:45:00Z,200,447,ms,agent-1,ap-south-1
svc-auth,auth-api,2025-04-20T16:45:00Z,200,117,ms,agent-1,ap-south-1
svc-payments,payments-api,2025-04-19T06:45:00Z,200,282,ms,agent-1,ap-south-1
svc-auth,auth-api,2025-04-18T10:00:00Z,200,143,ms,agent-2,ap-south-1
svc-auth,auth-api,2025-04-21T01:30:00Z,200,186,ms,agent-1,ap-south-1
svc-auth,auth-api,2025-04-16T04:15:00Z,200,102,ms,agent-1,ap-south-1
svc-search,search-api,2025-04-15T08:45:00Z,200,0.634,s,agent-1,ap-south-1
svc-notify,notify-worker,2025-04-20T12:00:00Z,200,136,ms,agent-2,ap-south-1
svc-reports,reports-api,2025-04-10T14:30:00Z,200,748,ms,agent-2,ap-south-1
svc-payments,payments-api,2025-04-18T14:15:00Z,200,462,ms,agent-1,ap-south-1
svc-notify,notify-worker,2025-04-12T23:30:00Z,200,79,ms,agent-1,ap-south-1
svc-notify,notify-worker,2025-04-12T21:30:00Z,200,105,ms,agent-1,ap-south-1
svc-reports,reports-api,2025-04-21T10:30:00Z,200,654,ms,agent-1,ap-south-1
svc-reports,reports-api,2025-04-16T10:45:00Z,200,707,ms,agent-1,ap-south-1
svc-auth,auth-api,2025-04-12T15:15:00+05:30,200,187,ms,agent-1,ap-south-1
svc-auth,auth-api,2025-04-16T08:30:00Z,200,153,ms,agent-1,ap-south-1
svc-search,search-api,2025-04-21T16:30:00Z,200,0.501,s,agent-1,ap-south-1
svc-payments,payments-api,2025-04-14T11:45:00Z,200,364,ms,agent-1,ap-south-1
svc-reports,reports-api,2025-04-14T14:15:00Z,200,820,ms,agent-1,ap-south-1
svc-auth,auth-api,2025-04-15T19:30:00Z,200,149,ms,agent-2,ap-south-1
svc-reports,reports-api,2025-04-15T19:15:00Z,200,834,ms,agent-1,ap-south-1
svc-search,search-api,2025-04-17T01:00:00Z,200,0.514,s,agent-1,ap-south-1
svc-auth,auth-api,2025-04-19T06:30:00Z,200,134,ms,agent-1,ap-south-1
svc-payments,payments-api,2025-04-14T03:45:00Z,500,493,ms,agent-1,ap-south-1
svc-notify,notify-worker,2025-04-18T05:45:00Z,200,100,ms,agent-1,ap-south-1
svc-payments,payments-api,2025-04-20T20:45:00Z,200,317,ms,agent-1,ap-south-1
svc-notify,notify-worker,2025-04-20T14:15:00Z,200,90,ms,agent-1,ap-south-1
svc-notify,notify-worker,2025-04-19T20:15:00Z,200,142,ms,agent-2,ap-south-1
svc-search,search-api,2025-04-13T13:45:00Z,200,0.413,s,agent-1,ap-south-1
svc-notify,notify-worker,2025-04-12T09:00:00Z,200,143,ms,agent-1,ap-south-1
svc-reports,reports-api,2025-04-10T14:30:00Z,200,773,ms,agent-1,ap-south-1
svc-reports,reports-api,2025-04-13T23:45:00Z,200,743,ms,agent-1,ap-south-1
svc-notify,notify-worker,2025-04-11T08:00:00Z,200,124,ms,agent-1,ap-south-1
svc-search,search-api,2025-04-17T11:45:00Z,200,0.463,s,agent-1,ap-south-1
svc-payments,payments-api,2025-04-19T17:45:00Z,200,347,ms,agent-1,ap-south-1
svc-notify,notify-worker,2025-04-13T17:30:00Z,200,149,ms,agent-1,ap-south-1
svc-auth,auth-api,2025-04-11T08:30:00Z,200,129,ms,agent-1,ap-south-1
svc-payments,payments-api,2025-04-15T09:00:00Z,200,385,ms,agent-1,ap-south-1
svc-auth,auth-api,2025-04-13T11:45:00Z,200,112,ms,agent-1,ap-south-1
svc-auth,auth-api,2025-04-14T05:00:00Z,200,170,ms,agent-1,ap-south-1
svc-reports,reports-api,2025-04-12T17:15:00Z,200,476,ms,agent-1,ap-south-1
svc-search,search-api,2025-04-18T00:45:00Z,200,0.508,s,agent-1,ap-south-1
svc-payments,payments-api,2025-04-21T20:30:00Z,200,349,ms,agent-1,ap-south-1
svc-auth,auth-api,2025-04-18T03:30:00Z,200,126,ms,agent-1,ap-south-1
svc-search,search-api,2025-04-21T02:15:00Z,200,0.61,s,agent-1,ap-south-1
svc-search,search-api,2025-04-16T08:15:00Z,200,0.367,s,agent-1,ap-south-1
svc-notify,notify-worker,2025-04-11T23:00:00Z,200,133,ms,agent-1,ap-south-1
svc-notify,notify-worker,2025-04-12T19:45:00Z,200,112,ms,agent-2,ap-south-1
svc-notify,notify-worker,2025-04-20T09:30:00Z,200,149,ms,agent-1,ap-south-1
svc-notify,notify-worker,2025-04-17T12:15:00Z,200,146,ms,agent-1,ap-south-1
svc-auth,auth-api,2025-04-14T10:00:00Z,200,159,ms,agent-1,ap-south-1
svc-auth,auth-api,2025-04-15T02:45:00Z,200,104,ms,agent-1,ap-south-1
svc-search,search-api,2025-04-10T22:15:00Z,200,0.667,s,agent-1,ap-south-1
svc-notify,notify-worker,2025-04-20T18:45:00Z,200,114,ms,agent-1,ap-south-1
svc-notify,notify-worker,2025-04-12T02:30:00Z,200,144,ms,agent-1,ap-south-1
svc-auth,auth-api,2025-04-21T15:45:00Z,200,157,ms,agent-1,ap-south-1
svc-auth,auth-api,2025-04-16T07:45:00Z,200,155,ms,agent-1,ap-south-1
svc-search,search-api,2025-04-13T14:00:00Z,200,0.674,s,agent-1,ap-south-1
svc-auth,auth-api,2025-04-18T04:30:00Z,200,167,ms,agent-1,ap-south-1
svc-payments,payments-api,2025-04-15T04:00:00Z,200,278,ms,agent-1,ap-south-1
svc-payments,payments-api,2025-04-20T17:15:00Z,200,486,ms,agent-1,ap-south-1
svc-auth,auth-api,2025-04-11T05:45:00Z,200,144,ms,agent-1,ap-south-1
svc-notify,notify-worker,2025-04-17T08:00:00Z,200,96,ms,agent-1,ap-south-1
svc-auth,auth-api,2025-04-13T13:45:00Z,502,112,ms,agent-1,ap-south-1
svc-notify,notify-worker,2025-04-16T01:15:00Z,200,77,ms,agent-1,ap-south-1
svc-notify,notify-worker,2025-04-16T11:45:00Z,200,91,ms,agent-1,ap-south-1
svc-reports,reports-api,2025-04-21T10:45:00Z,200,455,ms,agent-1,ap-south-1
svc-auth,auth-api,2025-04-17T16:45:00Z,200,159,ms,agent-1,ap-south-1
svc-auth,auth-api,2025-04-19T00:00:00Z,200,177,ms,agent-1,ap-south-1
svc-notify,notify-worker,2025-04-19T15:15:00Z,200,142,ms,agent-1,ap-south-1
svc-search,search-api,2025-04-19T00:15:00Z,200,0.637,s,agent-1,ap-south-1
svc-payments,payments-api,2025-04-12T20:30:00Z,200,264,ms,agent-1,ap-south-1
svc-reports,reports-api,2025-04-13T03:00:00Z,200,608,ms,agent-1,ap-south-1
svc-notify,notify-worker,2025-04-16T02:45:00Z,200,144,ms,agent-1,ap-south-1
svc-reports,reports-api,2025-04-20T05:15:00Z,200,709,ms,agent-1,ap-south-1
svc-payments,payments-api,2025-04-19T06:15:00Z,200,477,ms,agent-1,ap-south-1
svc-reports,reports-api,2025-04-21T05:15:00Z,200,751,ms,agent-1,ap-south-1
svc-payments,payments-api,2025-04-12T14:15:00Z,200,439,ms,agent-2,ap-south-1
svc-reports,reports-api,2025-04-19T01:00:00Z,200,546,ms,agent-1,ap-south-1
svc-search,search-api,2025-04-14T20:30:00Z,200,0.539,s,agent-1,ap-south-1
svc-reports,reports-api,2025-04-10T04:30:00Z,200,619,ms,agent-1,ap-south-1
svc-reports,reports-api,2025-04-17T13:15:00Z,200,648,ms,agent-1,ap-south-1
svc-reports,reports-api,2025-04-19T19:45:00Z,200,435,ms,agent-1,ap-south-1
svc-payments,payments-api,2025-04-16T03:15:00Z,200,274,ms,agent-1,ap-south-1
svc-auth,auth-api,2025-04-20T18:30:00Z,200,156,ms,agent-2,ap-south-1
svc-reports,reports-api,2025-04-15T09:30:00Z,200,446,ms,agent-1,ap-south-1
svc-reports,reports-api,2025-04-15T23:15:00Z,200,654,ms,agent-1,ap-south-1
svc-auth,auth-api,2025-04-15T18:15:00Z,200,141,ms,agent-1,ap-south-1
svc-reports,reports-api,2025-04-20T05:30:00Z,200,521,ms,agent-2,ap-south-1
svc-payments,payments-api,2025-04-15T19:45:00Z,200,401,ms,agent-1,ap-south-1
svc-notify,notify-worker,2025-04-19T15:30:00Z,200,132,ms,agent-1,ap-south-1
svc-search,search-api,2025-04-15T07:15:00Z,200,0.466,s,agent-1,ap-south-1
svc-reports,reports-api,2025-04-20T16:00:00Z,200,482,ms,agent-2,ap-south-1
svc-notify,notify-worker,2025-04-10T23:30:00Z,200,116,ms,agent-1,ap-south-1
svc-reports,reports-api,2025-04-21T04:00:00Z,200,510,ms,agent-1,ap-south-1
svc-search,search-api,2025-04-10T02:30:00Z,200,0.635,s,agent-1,ap-south-1
svc-payments,payments-api,2025-04-14T20:00:00Z,200,473,ms,agent-2,ap-south-1
svc-search,search-api,2025-04-14T05:15:00Z,200,0.564,s,agent-1,ap-south-1
svc-notify,notify-worker,2025-04-13T20:00:00Z,200,91,ms,agent-1,ap-south-1
svc-search,search-api,2025-04-12T08:00:00Z,200,0.61,s,agent-2,ap-south-1
svc-search,search-api,2025-04-10T09:00:00Z,200,0.583,s,agent-1,ap-south-1
svc-search,search-api,2025-04-14T21:15:00Z,200,0.649,s,agent-1,ap-south-1
svc-payments,payments-api,2025-04-19T01:00:00Z,200,283,ms,agent-1,ap-south-1
svc-reports,reports-api,2025-04-14T05:15:00Z,200,629,ms,agent-1,ap-south-1
svc-search,search-api,2025-04-21T08:30:00Z,200,0.493,s,agent-2,ap-south-1
svc-search,search-api,2025-04-14T10:30:00Z,200,0.427,s,agent-1,ap-south-1
svc-auth,auth-api,2025-04-11T23:30:00Z,200,142,ms,agent-1,ap-south-1
svc-notify,notify-worker,2025-04-20T10:15:00Z,200,137,ms,agent-1,ap-south-1
svc-reports,reports-api,2025-04-14T21:45:00Z,200,609,ms,agent-1,ap-south-1
svc-payments,payments-api,2025-04-10T04:30:00Z,500,304,ms,agent-1,ap-south-1
svc-auth,auth-api,2025-04-18T19:00:00Z,200,116,ms,agent-1,ap-south-1
svc-payments,payments-api,2025-04-20T18:00:00Z,200,252,ms,agent-1,ap-south-1
svc-search,search-api,2025-04-18T12:30:00Z,503,1.631,s,agent-1,ap-south-1
svc-auth,auth-api,2025-04-20T06:30:00Z,200,174,ms,agent-1,ap-south-1
svc-payments,payments-api,2025-04-17T12:30:00+05:30,200,360,ms,agent-1,ap-south-1
svc-payments,payments-api,2025-04-20T22:45:00Z,200,495,ms,agent-1,ap-south-1
svc-payments,payments-api,2025-04-16T05:00:00Z,200,377,ms,agent-1,ap-south-1
svc-reports,reports-api,2025-04-12T21:30:00Z,200,766,ms,agent-1,ap-south-1
svc-auth,auth-api,2025-04-13T22:45:00Z,200,97,ms,agent-1,ap-south-1
svc-auth,auth-api,2025-04-13T20:00:00Z,200,127,ms,agent-1,ap-south-1
svc-auth,auth-api,2025-04-18T23:30:00Z,200,167,ms,agent-1,ap-south-1
svc-notify,notify-worker,1745111700,200,139,ms,agent-1,ap-south-1
svc-reports,reports-api,2025-04-19T22:00:00Z,200,806,ms,agent-1,ap-south-1
svc-auth,auth-api,2025-04-11T09:15:00Z,200,144,ms,agent-1,ap-south-1
svc-reports,reports-api,2025-04-18T05:15:00Z,200,485,ms,agent-1,ap-south-1
svc-reports,reports-api,2025-04-19T11:00:00Z,200,742,ms,agent-1,ap-south-1
svc-notify,notify-worker,2025-04-10T21:00:00Z,200,99,ms,agent-1,ap-south-1
svc-search,search-api,2025-04-11T21:45:00Z,200,0.429,s,agent-1,ap-south-1
svc-auth,auth-api,2025-04-14T06:00:00Z,200,158,ms,agent-2,ap-south-1
svc-notify,notify-worker,2025-04-16T02:00:00Z,200,142,ms,agent-1,ap-south-1
svc-notify,notify-worker,2025-04-13T04:00:00Z,200,155,ms,agent-2,ap-south-1
svc-auth,auth-api,2025-04-20T10:30:00Z,200,183,ms,agent-1,ap-south-1
svc-payments,payments-api,2025-04-14T05:30:00Z,200,407,ms,agent-1,ap-south-1
svc-auth,auth-api,2025-04-21T19:00:00Z,200,115,ms,agent-1,ap-south-1
svc-notify,notify-worker,2025-04-11T05:45:00Z,200,96,ms,agent-1,ap-south-1
svc-search,search-api,2025-04-11T08:45:00Z,200,0.656,s,agent-1,ap-south-1
svc-payments,payments-api,2025-04-10T01:30:00Z,200,477,ms,agent-1,ap-south-1
svc-reports,reports-api,2025-04-17T05:15:00Z,200,736,ms,agent-1,ap-south-1
svc-payments,payments-api,2025-04-14T17:45:00Z,500,366,ms,agent-1,ap-south-1
svc-notify,notify-worker,2025-04-11T05:15:00Z,200,87,ms,agent-1,ap-south-1
svc-search,search-api,2025-04-18T20:00:00+05:30,200,0.532,s,agent-1,ap-south-1
svc-search,search-api,2025-04-19T12:45:00Z,200,0.53,s,agent-1,ap-south-1
svc-payments,payments-api,2025-04-10T05:15:00Z,200,268,ms,agent-1,ap-south-1
svc-search,search-api,2025-04-21T03:30:00Z,200,0.565,s,agent-1,ap-south-1
svc-payments,payments-api,2025-04-12T00:15:00Z,200,310,ms,agent-1,ap-south-1
svc-reports,reports-api,2025-04-18T17:45:00Z,200,465,ms,agent-1,ap-south-1
svc-payments,payments-api,2025-04-19T01:30:00Z,200,253,ms,agent-2,ap-south-1
svc-payments,payments-api,2025-04-12T18:15:00Z,200,349,ms,agent-1,ap-south-1
svc-search,search-api,2025-04-13T00:45:00Z,200,0.609,s,agent-1,ap-south-1
svc-payments,payments-api,2025-04-15T16:00:00Z,200,298,ms,agent-1,ap-south-1
svc-notify,notify-worker,2025-04-11T00:00:00Z,200,129,ms,agent-1,ap-south-1
svc-payments,payments-api,2025-04-14T06:15:00Z,200,418,ms,agent-1,ap-south-1
svc-payments,payments-api,2025-04-17T20:15:00Z,200,470,ms,agent-1,ap-south-1
svc-payments,payments-api,2025-04-20T19:15:00Z,200,469,ms,agent-1,ap-south-1
svc-payments,payments-api,2025-04-16T06:45:00Z,200,400,ms,agent-1,ap-south-1
svc-search,search-api,2025-04-10T11:00:00Z,200,0.584,s,agent-1,ap-south-1
svc-auth,auth-api,2025-04-13T21:45:00Z,200,167,ms,agent-1,ap-south-1
svc-search,search-api,2025-04-17T04:00:00Z,200,,s,agent-1,ap-south-1
svc-search,search-api,2025-04-15T08:00:00Z,200,0.606,s,agent-1,ap-south-1
svc-search,search-api,2025-04-21T00:00:00Z,200,0.389,s,agent-1,ap-south-1
svc-notify,notify-worker,2025-04-13T18:45:00Z,200,123,ms,agent-1,ap-south-1
svc-auth,auth-api,2025-04-11T11:00:00Z,200,97,ms,agent-1,ap-south-1
svc-payments,payments-api,2025-04-11T21:00:00Z,200,438,ms,agent-2,ap-south-1
svc-payments,payments-api,2025-04-11T16:30:00Z,200,292,ms,agent-1,ap-south-1
svc-reports,reports-api,2025-04-12T21:00:00Z,200,599,ms,agent-1,ap-south-1
svc-search,search-api,2025-04-12T10:30:00Z,200,0.688,s,agent-1,ap-south-1
svc-search,search-api,2025-04-19T05:45:00Z,200,0.695,s,agent-1,ap-south-1
svc-notify,notify-worker,2025-04-21T07:30:00Z,200,86,ms,agent-1,ap-south-1
svc-reports,reports-api,2025-04-10T12:30:00Z,200,449,ms,agent-1,ap-south-1
svc-notify,notify-worker,2025-04-16T11:15:00Z,200,85,ms,agent-1,ap-south-1
svc-search,search-api,2025-04-18T22:00:00Z,200,0.7,s,agent-2,ap-south-1
svc-notify,notify-worker,2025-04-18T18:30:00Z,200,148,ms,agent-1,ap-south-1
svc-payments,payments-api,2025-04-10T02:15:00Z,200,300,ms,agent-1,ap-south-1
svc-payments,payments-api,2025-04-19T17:00:00Z,200,315,ms,agent-1,ap-south-1
svc-reports,reports-api,2025-04-14T17:30:00Z,200,598,ms,agent-1,ap-south-1
svc-payments,payments-api,2025-04-21T07:45:00Z,200,377,ms,agent-1,ap-south-1
svc-payments,payments-api,2025-04-19T09:45:00Z,200,436,ms,agent-2,ap-south-1
svc-auth,auth-api,2025-04-11T17:45:00Z,200,101,ms,agent-1,ap-south-1
svc-notify,notify-worker,2025-04-14T21:00:00Z,200,142,ms,agent-1,ap-south-1
svc-payments,payments-api,2025-04-20T14:15:00Z,200,373,ms,agent-1,ap-south-1
svc-search,search-api,2025-04-19T03:45:00Z,200,0.626,s,agent-1,ap-south-1
svc-search,search-api,2025-04-20T19:30:00Z,200,0.692,s,agent-1,ap-south-1
svc-auth,auth-api,2025-04-13T08:30:00Z,200,200,ms,agent-2,ap-south-1
svc-payments,payments-api,2025-04-12T09:30:00Z,200,345,ms,agent-1,ap-south-1
svc-payments,payments-api,2025-04-13T08:30:00Z,200,483,ms,agent-1,ap-south-1
svc-notify,notify-worker,2025-04-21T12:15:00Z,200,149,ms,agent-1,ap-south-1
svc-auth,auth-api,2025-04-17T12:00:00Z,200,153,ms,agent-1,ap-south-1
svc-search,search-api,2025-04-20T02:15:00Z,200,0.598,s,agent-2,ap-south-1
svc-auth,auth-api,2025-04-21T03:00:00Z,200,163,ms,agent-1,ap-south-1
svc-search,search-api,2025-04-18T10:45:00Z,200,0.546,s,agent-1,ap-south-1
svc-notify,notify-worker,2025-04-14T04:15:00Z,200,128,ms,agent-1,ap-south-1
svc-notify,notify-worker,2025-04-21T15:30:00Z,200,151,ms,agent-1,ap-south-1
svc-notify,notify-worker,2025-04-21T03:30:00Z,200,107,ms,agent-1,ap-south-1
svc-auth,auth-api,2025-04-13T04:45:00Z,200,164,ms,agent-1,ap-south-1
svc-notify,notify-worker,2025-04-10T01:15:00Z,200,138,ms,agent-1,ap-south-1
svc-reports,reports-api,2025-04-15T00:15:00Z,200,533,ms,agent-2,ap-south-1
svc-search,search-api,2025-04-14T15:00:00Z,500,2.193,s,agent-1,ap-south-1
svc-notify,notify-worker,2025-04-14T23:45:00Z,200,106,ms,agent-1,ap-south-1
svc-payments,payments-api,2025-04-11T05:15:00Z,200,488,ms,agent-1,ap-south-1
svc-payments,payments-api,2025-04-15T12:30:00Z,200,414,ms,agent-1,ap-south-1
svc-search,search-api,2025-04-21T01:00:00Z,200,0.556,s,agent-1,ap-south-1
svc-reports,reports-api,2025-04-10T10:15:00Z,200,564,ms,agent-1,ap-south-1
svc-payments,payments-api,2025-04-17T06:30:00Z,200,479,ms,agent-1,ap-south-1
svc-notify,notify-worker,2025-04-13T19:15:00Z,200,87,ms,agent-1,ap-south-1
svc-search,search-api,1745203500,200,0.391,s,agent-1,ap-south-1
svc-search,search-api,2025-04-11T02:00:00Z,200,0.625,s,agent-1,ap-south-1
svc-search,search-api,2025-04-17T12:00:00Z,200,0.394,s,agent-1,ap-south-1
svc-search,search-api,2025-04-19T16:45:00Z,200,0.364,s,agent-1,ap-south-1
svc-notify,notify-worker,2025-04-15T09:00:00Z,200,119,ms,agent-1,ap-south-1
svc-search,search-api,2025-04-17T23:30:00Z,200,0.493,s,agent-1,ap-south-1
svc-auth,auth-api,2025-04-19T15:00:00Z,200,139,ms,agent-1,ap-south-1
svc-reports,reports-api,2025-04-15T21:00:00Z,200,812,ms,agent-1,ap-south-1
svc-search,search-api,2025-04-21T07:45:00Z,200,0.533,s,agent-1,ap-south-1
svc-auth,auth-api,2025-04-16T13:30:00Z,200,167,ms,agent-1,ap-south-1
svc-search,search-api,2025-04-13T03:30:00Z,200,0.649,s,agent-1,ap-south-1
svc-payments,payments-api,2025-04-16T14:15:00Z,200,311,ms,agent-1,ap-south-1
svc-search,search-api,2025-04-12T00:15:00Z,200,0.373,s,agent-1,ap-south-1
svc-search,search-api,2025-04-14T00:00:00Z,200,0.382,s,agent-1,ap-south-1
svc-auth,auth-api,2025-04-13T03:00:00Z,200,119,ms,agent-1,ap-south-1
svc-payments,payments-api,2025-04-10T04:15:00Z,200,375,ms,agent-1,ap-south-1
svc-notify,notify-worker,2025-04-13T05:30:00Z,200,102,ms,agent-1,ap-south-1
svc-search,search-api,2025-04-21T16:15:00Z,200,0.625,s,agent-1,ap-south-1
svc-notify,notify-worker,2025-04-15T19:30:00Z,200,137,ms,agent-1,ap-south-1
svc-reports,reports-api,2025-04-18T05:45:00Z,200,836,ms,agent-1,ap-south-1
svc-auth,auth-api,2025-04-14T17:45:00Z,200,123,ms,agent-1,ap-south-1
svc-auth,auth-api,2025-04-18T20:15:00Z,200,164,ms,agent-1,ap-south-1
svc-payments,payments-api,2025-04-17T11:30:00Z,200,291,ms,agent-1,ap-south-1
svc-auth,auth-api,2025-04-21T16:15:00Z,200,133,ms,agent-1,ap-south-1
svc-notify,notify-worker,2025-04-13T18:00:00Z,200,120,ms,agent-1,ap-south-1
svc-auth,auth-api,1744299000,200,160,ms,agent-1,ap-south-1
svc-search,search-api,2025-04-17T06:00:00Z,200,0.376,s,agent-1,ap-south-1
svc-notify,notify-worker,2025-04-18T13:30:00Z,200,105,ms,agent-1,ap-south-1
svc-search,search-api,2025-04-13T10:45:00Z,200,0.646,s,agent-1,ap-south-1
svc-payments,payments-api,2025-04-13T15:30:00Z,200,316,ms,agent-1,ap-south-1
svc-notify,notify-worker,2025-04-15T16:30:00Z,200,131,ms,agent-2,ap-south-1
svc-auth,auth-api,2025-04-19T03:15:00Z,200,133,ms,agent-1,ap-south-1
svc-notify,notify-worker,2025-04-18T13:15:00Z,200,81,ms,agent-1,ap-south-1
svc-notify,notify-worker,2025-04-15T20:15:00Z,200,95,ms,agent-1,ap-south-1
svc-search,search-api,2025-04-10T16:00:00Z,200,0.433,s,agent-1,ap-south-1
svc-notify,notify-worker,2025-04-20T22:00:00Z,200,115,ms,agent-1,ap-south-1
svc-search,search-api,2025-04-16T04:30:00Z,200,0.482,s,agent-1,ap-south-1
svc-payments,payments-api,2025-04-20T23:15:00Z,200,262,ms,agent-1,ap-south-1
svc-payments,payments-api,2025-04-17T23:15:00Z,200,401,ms,agent-1,ap-south-1
svc-payments,payments-api,2025-04-18T21:30:00Z,200,466,ms,agent-1,ap-south-1
svc-search,search-api,2025-04-13T01:15:00Z,200,0.484,s,agent-1,ap-south-1
svc-reports,reports-api,2025-04-11T10:30:00Z,200,830,ms,agent-1,ap-south-1
svc-reports,reports-api,2025-04-16T10:00:00Z,200,692,ms,agent-1,ap-south-1
svc-payments,payments-api,2025-04-18T00:00:00Z,200,384,ms,agent-1,ap-south-1
svc-reports,reports-api,2025-04-19T08:00:00Z,200,473,ms,agent-1,ap-south-1
svc-search,search-api,2025-04-11T00:15:00Z,200,0.542,s,agent-2,ap-south-1
svc-auth,auth-api,2025-04-13T19:15:00Z,200,154,ms,agent-1,ap-south-1
svc-reports,reports-api,2025-04-18T02:45:00Z,200,556,ms,agent-1,ap-south-1
svc-payments,payments-api,2025-04-16T12:30:00Z,200,434,ms,agent-1,ap-south-1
svc-reports,reports-api,2025-04-10T06:15:00Z,200,612,ms,agent-1,ap-south-1
svc-notify,notify-worker,2025-04-12T05:45:00Z,200,123,ms,agent-2,ap-south-1
svc-reports,reports-api,2025-04-11T14:15:00Z,200,633,ms,agent-1,ap-south-1
svc-payments,payments-api,2025-04-15T04:30:00Z,200,350,ms,agent-1,ap-south-1
svc-auth,auth-api,2025-04-15T16:00:00Z,200,148,ms,agent-1,ap-south-1
svc-search,search-api,2025-04-11T04:15:00Z,200,0.451,s,agent-1,ap-south-1
svc-notify,notify-worker,2025-04-11T15:00:00Z,200,121,ms,agent-1,ap-south-1
svc-notify,notify-worker,2025-04-13T23:15:00Z,200,116,ms,agent-1,ap-south-1
svc-notify,notify-worker,2025-04-10T17:45:00Z,200,93,ms,agent-1,ap-south-1
svc-auth,auth-api,2025-04-17T00:00:00Z,200,170,ms,agent-1,ap-south-1
svc-auth,auth-api,2025-04-18T09:45:00Z,200,107,ms,agent-1,ap-south-1
svc-search,search-api,2025-04-19T19:45:00Z,200,0.436,s,agent-1,ap-south-1
svc-auth,auth-api,2025-04-11T02:15:00Z,200,109,ms,agent-1,ap-south-1
svc-auth,auth-api,2025-04-13T02:15:00Z,200,126,ms,agent-1,ap-south-1
svc-notify,notify-worker,2025-04-10T02:15:00Z,200,99,ms,agent-1,ap-south-1
svc-search,search-api,2025-04-15T11:30:00Z,200,0.434,s,agent-1,ap-south-1
svc-payments,payments-api,2025-04-18T01:15:00Z,200,410,ms,agent-1,ap-south-1
svc-notify,notify-worker,2025-04-11T10:30:00Z,200,86,ms,agent-1,ap-south-1
svc-reports,reports-api,2025-04-10T12:00:00Z,200,607,ms,agent-1,ap-south-1
svc-auth,auth-api,2025-04-21T18:15:00Z,200,114,ms,agent-1,ap-south-1
svc-payments,payments-api,2025-04-14T09:00:00Z,200,491,ms,agent-1,ap-south-1
svc-search,search-api,2025-04-10T03:30:00Z,200,0.71,s,agent-1,ap-south-1
svc-reports,reports-api,2025-04-17T15:45:00Z,200,707,ms,agent-1,ap-south-1
svc-search,search-api,2025-04-10T01:15:00Z,200,0.636,s,agent-1,ap-south-1
svc-payments,payments-api,2025-04-16T06:30:00Z,200,356,ms,agent-1,ap-south-1
svc-reports,reports-api,2025-04-15T21:30:00Z,200,682,ms,agent-1,ap-south-1
svc-payments,payments-api,2025-04-14T11:00:00Z,200,369,ms,agent-2,ap-south-1
svc-payments,payments-api,2025-04-12T15:30:00Z,200,276,ms,agent-1,ap-south-1
svc-notify,notify-worker,2025-04-19T07:15:00Z,200,132,ms,agent-1,ap-south-1
svc-payments,payments-api,2025-04-14T20:30:00Z,200,384,ms,agent-1,ap-south-1
svc-notify,notify-worker,2025-04-11T23:15:00Z,200,136,ms,agent-1,ap-south-1
svc-auth,auth-api,2025-04-13T02:45:00Z,200,129,ms,agent-1,ap-south-1
svc-notify,notify-worker,2025-04-11T11:30:00Z,200,134,ms,agent-1,ap-south-1
svc-auth,auth-api,2025-04-13T00:45:00Z,200,178,ms,agent-1,ap-south-1
svc-reports,reports-api,2025-04-21T03:15:00Z,200,533,ms,agent-1,ap-south-1
svc-search,search-api,1745118900,200,0.447,s,agent-1,ap-south-1
svc-payments,payments-api,2025-04-19T11:00:00Z,200,483,ms,agent-1,ap-south-1
svc-reports,reports-api,2025-04-11T02:00:00Z,200,741,ms,agent-1,ap-south-1
svc-notify,notify-worker,2025-04-19T14:45:00Z,200,96,ms,agent-1,ap-south-1
svc-notify,notify-worker,2025-04-21T19:00:00Z,200,93,ms,agent-1,ap-south-1
svc-payments,payments-api,2025-04-19T07:30:00Z,200,444,ms,agent-1,ap-south-1
svc-auth,auth-api,2025-04-15T13:15:00Z,200,132,ms,agent-2,ap-south-1
svc-reports,reports-api,2025-04-20T20:15:00Z,200,,ms,agent-1,ap-south-1
svc-notify,notify-worker,2025-04-19T05:45:00Z,200,106,ms,agent-1,ap-south-1
svc-search,search-api,2025-04-19T23:15:00Z,200,0.494,s,agent-1,ap-south-1
svc-reports,reports-api,2025-04-14T03:15:00Z,200,697,ms,agent-1,ap-south-1
svc-auth,auth-api,2025-04-18T16:30:00Z,200,189,ms,agent-1,ap-south-1
svc-reports,reports-api,2025-04-12T00:15:00Z,200,478,ms,agent-1,ap-south-1
svc-reports,reports-api,2025-04-19T11:30:00Z,200,846,ms,agent-1,ap-south-1
svc-payments,payments-api,2025-04-13T14:45:00Z,200,449,ms,agent-2,ap-south-1
svc-notify,notify-worker,2025-04-10T20:45:00Z,200,137,ms,agent-1,ap-south-1
svc-notify,notify-worker,2025-04-21T11:00:00Z,200,93,ms,agent-1,ap-south-1
svc-notify,notify-worker,2025-04-10T07:45:00Z,200,109,ms,agent-1,ap-south-1
svc-payments,payments-api,2025-04-20T00:00:00Z,200,349,ms,agent-1,ap-south-1
svc-payments,payments-api,2025-04-21T20:00:00Z,200,330,ms,agent-1,ap-south-1
svc-payments,payments-api,2025-04-11T13:30:00Z,200,453,ms,agent-1,ap-south-1
svc-auth,auth-api,2025-04-20T14:30:00Z,200,99,ms,agent-1,ap-south-1
svc-auth,auth-api,2025-04-11T15:30:00Z,200,171,ms,agent-1,ap-south-1
svc-auth,auth-api,2025-04-10T08:15:00Z,200,95,ms,agent-2,ap-south-1
svc-auth,auth-api,2025-04-21T20:15:00Z,200,157,ms,agent-1,ap-south-1
svc-auth,auth-api,2025-04-21T11:15:00Z,200,151,ms,agent-1,ap-south-1
svc-reports,reports-api,2025-04-10T08:30:00Z,200,515,ms,agent-1,ap-south-1
svc-payments,payments-api,2025-04-21T19:15:00Z,200,361,ms,agent-1,ap-south-1
svc-reports,reports-api,2025-04-10T00:45:00Z,200,663,ms,agent-1,ap-south-1
svc-auth,auth-api,2025-04-13T00:00:00Z,200,134,ms,agent-1,ap-south-1
svc-search,search-api,2025-04-15T12:45:00Z,200,0.665,s,agent-2,ap-south-1
svc-search,search-api,2025-04-15T17:15:00Z,200,0.667,s,agent-1,ap-south-1
svc-notify,notify-worker,2025-04-11T16:45:00Z,200,134,ms,agent-1,ap-south-1
svc-payments,payments-api,2025-04-11T22:30:00Z,200,463,ms,agent-1,ap-south-1
svc-reports,reports-api,2025-04-12T23:00:00Z,200,784,ms,agent-1,ap-south-1
svc-search,search-api,2025-04-17T11:30:00Z,200,0.688,s,agent-1,ap-south-1
svc-auth,auth-api,2025-04-21T17:30:00Z,200,139,ms,agent-1,ap-south-1
svc-search,search-api,2025-04-17T03:00:00Z,200,0.534,s,agent-1,ap-south-1
svc-auth,auth-api,2025-04-20T13:15:00Z,200,135,ms,agent-1,ap-south-1
svc-auth,auth-api,2025-04-13T07:00:00Z,200,181,ms,agent-1,ap-south-1
svc-payments,payments-api,2025-04-19T21:00:00Z,200,418,ms,agent-1,ap-south-1
svc-notify,notify-worker,2025-04-16T21:00:00Z,200,145,ms,agent-1,ap-south-1
svc-notify,notify-worker,2025-04-20T07:00:00+05:30,200,147,ms,agent-1,ap-south-1
svc-auth,auth-api,2025-04-17T14:15:00Z,200,137,ms,agent-1,ap-south-1
svc-auth,auth-api,2025-04-15T21:45:00Z,200,152,ms,agent-1,ap-south-1
svc-auth,auth-api,2025-04-14T08:30:00Z,200,164,ms,agent-1,ap-south-1
svc-payments,payments-api,2025-04-11T18:45:00Z,200,325,ms,agent-1,ap-south-1
svc-payments,payments-api,2025-04-21T16:00:00Z,200,322,ms,agent-1,ap-south-1
svc-search,search-api,2025-04-11T18:15:00Z,200,0.48,s,agent-1,ap-south-1
svc-payments,payments-api,2025-04-16T19:15:00Z,200,408,ms,agent-1,ap-south-1
svc-notify,notify-worker,2025-04-16T03:30:00Z,200,84,ms,agent-1,ap-south-1
svc-notify,notify-worker,2025-04-11T17:15:00Z,200,81,ms,agent-1,ap-south-1
svc-notify,notify-worker,2025-04-17T17:30:00Z,200,143,ms,agent-1,ap-south-1
svc-reports,reports-api,2025-04-19T19:30:00Z,200,800,ms,agent-2,ap-south-1
svc-payments,payments-api,2025-04-10T10:45:00Z,200,456,ms,agent-1,ap-south-1
svc-payments,payments-api,2025-04-13T08:00:00Z,200,451,ms,agent-1,ap-south-1
svc-auth,auth-api,2025-04-21T02:00:00Z,200,112,ms,agent-1,ap-south-1
svc-auth,auth-api,2025-04-19T11:30:00Z,200,145,ms,agent-1,ap-south-1
svc-notify,notify-worker,2025-04-18T02:30:00Z,200,82,ms,agent-1,ap-south-1
svc-notify,notify-worker,2025-04-21T01:45:00Z,200,117,ms,agent-1,ap-south-1
svc-notify,notify-worker,2025-04-16T18:15:00Z,200,149,ms,agent-1,ap-south-1
svc-reports,reports-api,2025-04-10T17:45:00Z,200,615,ms,agent-1,ap-south-1
svc-notify,notify-worker,2025-04-19T19:15:00Z,200,87,ms,agent-1,ap-south-1
svc-payments,payments-api,2025-04-15T11:15:00Z,200,250,ms,agent-1,ap-south-1
svc-reports,reports-api,2025-04-19T14:15:00Z,200,845,ms,agent-1,ap-south-1
svc-auth,auth-api,2025-04-18T23:45:00Z,200,176,ms,agent-1,ap-south-1
svc-auth,auth-api,2025-04-11T15:15:00Z,200,178,ms,agent-1,ap-south-1
svc-payments,payments-api,2025-04-16T08:15:00Z,200,489,ms,agent-1,ap-south-1
svc-search,search-api,2025-04-17T13:30:00Z,200,0.607,s,agent-1,ap-south-1
svc-auth,auth-api,2025-04-12T01:00:00Z,200,109,ms,agent-1,ap-south-1
svc-notify,notify-worker,2025-04-21T19:15:00Z,200,151,ms,agent-1,ap-south-1
svc-search,search-api,2025-04-14T20:15:00Z,200,0.426,s,agent-1,ap-south-1
svc-reports,reports-api,2025-04-16T06:00:00Z,200,,ms,agent-2,ap-south-1
svc-payments,payments-api,2025-04-17T10:00:00Z,200,339,ms,agent-1,ap-south-1
svc-reports,reports-api,1744925400,200,500,ms,agent-1,ap-south-1
svc-notify,notify-worker,2025-04-17T07:15:00Z,200,148,ms,agent-1,ap-south-1
svc-auth,auth-api,2025-04-13T00:30:00Z,200,146,ms,agent-1,ap-south-1
svc-auth,auth-api,2025-04-13T08:30:00Z,200,191,ms,agent-1,ap-south-1
svc-notify,notify-worker,2025-04-16T02:30:00Z,200,133,ms,agent-1,ap-south-1
svc-payments,payments-api,2025-04-16T15:15:00Z,200,353,ms,agent-1,ap-south-1
svc-notify,notify-worker,2025-04-12T00:45:00Z,200,85,ms,agent-1,ap-south-1
svc-auth,auth-api,2025-04-12T14:15:00Z,200,165,ms,agent-1,ap-south-1
svc-search,search-api,2025-04-20T08:30:00Z,200,0.428,s,agent-1,ap-south-1
svc-reports,reports-api,2025-04-16T22:30:00Z,200,449,ms,agent-1,ap-south-1
svc-payments,payments-api,2025-04-17T20:45:00Z,200,264,ms,agent-1,ap-south-1
svc-auth,auth-api,2025-04-18T12:15:00Z,200,185,ms,agent-1,ap-south-1
svc-search,search-api,2025-04-10T06:30:00Z,200,0.404,s,agent-1,ap-south-1
svc-auth,auth-api,2025-04-20T09:30:00Z,200,134,ms,agent-1,ap-south-1
svc-search,search-api,2025-04-19T09:15:00Z,200,0.513,s,agent-1,ap-south-1
svc-auth,auth-api,2025-04-12T01:15:00Z,200,105,ms,agent-1,ap-south-1
svc-search,search-api,2025-04-17T01:45:00Z,200,0.484,s,agent-1,ap-south-1
svc-search,search-api,2025-04-19T16:30:00Z,200,0.484,s,agent-1,ap-south-1
svc-payments,payments-api,2025-04-21T04:30:00Z,200,461,ms,agent-1,ap-south-1
svc-reports,reports-api,2025-04-10T04:45:00Z,200,850,ms,agent-1,ap-south-1
svc-auth,auth-api,2025-04-19T01:45:00Z,200,183,ms,agent-1,ap-south-1
svc-payments,payments-api,2025-04-21T01:30:00Z,200,457,ms,agent-1,ap-south-1
svc-reports,reports-api,2025-04-17T17:00:00Z,200,766,ms,agent-1,ap-south-1
svc-payments,payments-api,2025-04-19T02:15:00Z,200,438,ms,agent-1,ap-south-1
svc-auth,auth-api,2025-04-14T13:00:00Z,200,171,ms,agent-1,ap-south-1
svc-reports,reports-api,2025-04-11T08:30:00Z,200,537,ms,agent-1,ap-south-1
svc-notify,notify-worker,2025-04-16T20:30:00Z,200,80,ms,agent-1,ap-south-1
svc-auth,auth-api,2025-04-16T02:15:00Z,200,110,ms,agent-2,ap-south-1
svc-notify,notify-worker,2025-04-10T07:00:00Z,200,95,ms,agent-1,ap-south-1
svc-search,search-api,2025-04-10T06:00:00Z,200,0.587,s,agent-1,ap-south-1
svc-notify,notify-worker,2025-04-17T01:15:00Z,200,81,ms,agent-1,ap-south-1
svc-reports,reports-api,2025-04-10T03:45:00Z,200,711,ms,agent-1,ap-south-1
svc-search,search-api,2025-04-13T14:30:00Z,200,0.587,s,agent-1,ap-south-1
svc-reports,reports-api,2025-04-17T18:30:00Z,200,501,ms,agent-2,ap-south-1
svc-search,search-api,2025-04-18T04:00:00Z,200,0.422,s,agent-1,ap-south-1
svc-search,search-api,2025-04-17T17:15:00Z,200,0.684,s,agent-1,ap-south-1
svc-notify,notify-worker,2025-04-11T07:45:00Z,200,96,ms,agent-1,ap-south-1
svc-search,search-api,2025-04-19T04:30:00Z,200,0.719,s,agent-1,ap-south-1
svc-notify,notify-worker,2025-04-20T17:15:00Z,200,123,ms,agent-1,ap-south-1
svc-payments,payments-api,2025-04-17T18:00:00Z,200,287,ms,agent-1,ap-south-1
svc-notify,notify-worker,2025-04-15T15:15:00Z,200,137,ms,agent-1,ap-south-1
svc-search,search-api,2025-04-12T05:15:00Z,200,0.674,s,agent-1,ap-south-1
svc-auth,auth-api,2025-04-14T03:00:00Z,200,162,ms,agent-1,ap-south-1
svc-notify,notify-worker,2025-04-13T04:15:00Z,200,150,ms,agent-1,ap-south-1
svc-payments,payments-api,2025-04-17T01:15:00Z,200,313,ms,agent-1,ap-south-1
svc-notify,notify-worker,2025-04-12T05:00:00Z,200,129,ms,agent-2,ap-south-1
svc-search,search-api,2025-04-14T14:00:00Z,502,1.456,s,agent-1,ap-south-1
svc-auth,auth-api,2025-04-19T07:45:00Z,200,123,ms,agent-1,ap-south-1
svc-reports,reports-api,1745223300,200,856,ms,agent-1,ap-south-1
svc-payments,payments-api,2025-04-16T18:30:00Z,200,283,ms,agent-1,ap-south-1
svc-reports,reports-api,2025-04-15T15:00:00Z,200,762,ms,agent-1,ap-south-1
svc-reports,reports-api,2025-04-21T14:00:00Z,200,737,ms,agent-1,ap-south-1
svc-reports,reports-api,2025-04-20T08:15:00Z,200,794,ms,agent-1,ap-south-1
svc-reports,reports-api,2025-04-20T13:45:00Z,200,470,ms,agent-1,ap-south-1
svc-auth,auth-api,2025-04-19T20:15:00Z,200,175,ms,agent-1,ap-south-1
svc-auth,auth-api,1744851600,200,139,ms,agent-1,ap-south-1
svc-auth,auth-api,2025-04-11T07:15:00Z,200,114,ms,agent-1,ap-south-1
svc-notify,notify-worker,2025-04-10T08:15:00Z,200,80,ms,agent-1,ap-south-1
svc-reports,reports-api,2025-04-11T16:00:00Z,200,,ms,agent-1,ap-south-1
svc-notify,notify-worker,2025-04-15T02:30:00Z,200,87,ms,agent-1,ap-south-1
svc-auth,auth-api,2025-04-10T23:15:00Z,200,170,ms,agent-2,ap-south-1
svc-search,search-api,2025-04-12T11:45:00Z,200,0.585,s,agent-1,ap-south-1
svc-payments,payments-api,2025-04-12T05:15:00Z,200,312,ms,agent-1,ap-south-1
svc-search,search-api,2025-04-20T10:30:00Z,200,0.567,s,agent-1,ap-south-1
svc-payments,payments-api,2025-04-11T00:15:00Z,200,374,ms,agent-1,ap-south-1
svc-search,search-api,2025-04-15T14:30:00Z,200,0.547,s,agent-1,ap-south-1
svc-auth,auth-api,2025-04-16T16:15:00Z,200,153,ms,agent-1,ap-south-1
svc-notify,notify-worker,2025-04-15T22:45:00Z,200,79,ms,agent-1,ap-south-1
svc-notify,notify-worker,2025-04-21T00:00:00Z,200,107,ms,agent-1,ap-south-1
svc-auth,auth-api,2025-04-13T15:15:00Z,200,191,ms,agent-1,ap-south-1
svc-reports,reports-api,2025-04-14T02:15:00Z,200,566,ms,agent-1,ap-south-1
svc-payments,payments-api,2025-04-14T07:00:00Z,200,407,ms,agent-1,ap-south-1
svc-search,search-api,2025-04-19T19:15:00Z,200,0.389,s,agent-1,ap-south-1
svc-notify,notify-worker,2025-04-10T03:45:00Z,200,112,ms,agent-2,ap-south-1
svc-search,search-api,2025-04-10T12:45:00Z,200,0.485,s,agent-1,ap-south-1
svc-notify,notify-worker,2025-04-12T21:45:00Z,200,82,ms,agent-1,ap-south-1
svc-search,search-api,2025-04-15T14:30:00Z,200,0.548,s,agent-2,ap-south-1
svc-search,search-api,2025-04-14T21:45:00Z,200,0.668,s,agent-2,ap-south-1
svc-reports,reports-api,2025-04-17T03:15:00Z,200,594,ms,agent-1,ap-south-1
svc-search,search-api,2025-04-18T04:30:00Z,200,0.4,s,agent-1,ap-south-1
svc-search,search-api,2025-04-17T07:30:00Z,200,0.441,s,agent-1,ap-south-1
svc-notify,notify-worker,2025-04-17T17:30:00Z,200,148,ms,agent-2,ap-south-1
svc-search,search-api,2025-04-18T11:45:00Z,200,0.465,s,agent-1,ap-south-1
svc-search,search-api,2025-04-12T17:15:00Z,200,0.611,s,agent-1,ap-south-1
svc-auth,auth-api,2025-04-14T08:00:00Z,200,150,ms,agent-1,ap-south-1
svc-reports,reports-api,2025-04-15T15:15:00Z,200,583,ms,agent-1,ap-south-1
svc-notify,notify-worker,2025-04-13T11:30:00Z,200,129,ms,agent-1,ap-south-1
svc-reports,reports-api,2025-04-21T01:30:00Z,200,834,ms,agent-1,ap-south-1
svc-notify,notify-worker,2025-04-10T17:15:00Z,200,90,ms,agent-1,ap-south-1
svc-search,search-api,2025-04-17T22:15:00Z,200,0.488,s,agent-1,ap-south-1
svc-reports,reports-api,2025-04-20T15:00:00Z,200,470,ms,agent-1,ap-south-1
svc-search,search-api,2025-04-19T22:30:00Z,200,0.389,s,agent-1,ap-south-1
svc-reports,reports-api,2025-04-18T20:45:00Z,200,766,ms,agent-1,ap-south-1
svc-payments,payments-api,2025-04-21T07:15:00Z,200,299,ms,agent-1,ap-south-1
svc-reports,reports-api,2025-04-15T14:15:00Z,200,712,ms,agent-1,ap-south-1
svc-notify,notify-worker,2025-04-15T15:45:00Z,200,98,ms,agent-1,ap-south-1
svc-notify,notify-worker,2025-04-20T10:30:00Z,200,116,ms,agent-1,ap-south-1
svc-notify,notify-worker,2025-04-14T02:45:00Z,200,134,ms,agent-1,ap-south-1
svc-notify,notify-worker,2025-04-20T04:30:00Z,200,87,ms,agent-1,ap-south-1
svc-reports,reports-api,2025-04-21T15:15:00Z,200,482,ms,agent-1,ap-south-1
svc-auth,auth-api,2025-04-14T20:00:00Z,200,96,ms,agent-1,ap-south-1
svc-payments,payments-api,2025-04-12T00:00:00Z,200,289,ms,agent-1,ap-south-1
svc-notify,notify-worker,2025-04-11T22:30:00Z,200,,ms,agent-1,ap-south-1
svc-auth,auth-api,2025-04-19T22:45:00Z,200,183,ms,agent-1,ap-south-1
svc-payments,payments-api,2025-04-12T18:00:00Z,200,264,ms,agent-1,ap-south-1
svc-notify,notify-worker,2025-04-11T11:00:00Z,200,125,ms,agent-1,ap-south-1
svc-auth,auth-api,2025-04-19T10:30:00Z,200,114,ms,agent-1,ap-south-1
svc-search,search-api,2025-04-14T08:30:00Z,200,0.479,s,agent-1,ap-south-1
svc-reports,reports-api,2025-04-13T23:15:00Z,200,802,ms,agent-1,ap-south-1
svc-reports,reports-api,2025-04-14T11:30:00Z,200,719,ms,agent-2,ap-south-1
svc-auth,auth-api,2025-04-19T02:45:00Z,200,186,ms,agent-1,ap-south-1
svc-auth,auth-api,2025-04-15T07:00:00Z,200,155,ms,agent-1,ap-south-1
svc-payments,payments-api,2025-04-16T23:30:00Z,200,435,ms,agent-1,ap-south-1
svc-reports,reports-api,2025-04-13T00:15:00Z,200,855,ms,agent-1,ap-south-1
svc-reports,reports-api,2025-04-20T12:15:00Z,200,704,ms,agent-1,ap-south-1
svc-notify,notify-worker,2025-04-10T09:00:00Z,200,118,ms,agent-1,ap-south-1
svc-reports,reports-api,2025-04-15T02:15:00Z,200,820,ms,agent-1,ap-south-1
svc-auth,auth-api,2025-04-15T00:30:00Z,200,131,ms,agent-1,ap-south-1
svc-payments,payments-api,2025-04-15T22:15:00Z,200,464,ms,agent-1,ap-south-1
svc-payments,payments-api,2025-04-18T15:00:00Z,200,324,ms,agent-1,ap-south-1
svc-auth,auth-api,2025-04-17T21:45:00Z,200,139,ms,agent-1,ap-south-1
svc-payments,payments-api,2025-04-20T23:30:00Z,200,458,ms,agent-1,ap-south-1
svc-search,search-api,2025-04-11T03:45:00Z,200,0.459,s,agent-1,ap-south-1
svc-auth,auth-api,2025-04-10T14:30:00Z,200,178,ms,agent-1,ap-south-1
svc-notify,notify-worker,2025-04-21T16:30:00Z,200,115,ms,agent-1,ap-south-1
svc-notify,notify-worker,2025-04-13T06:00:00Z,200,131,ms,agent-2,ap-south-1
svc-search,search-api,2025-04-13T20:15:00Z,200,0.415,s,agent-1,ap-south-1
svc-payments,payments-api,2025-04-11T22:45:00Z,200,263,ms,agent-1,ap-south-1
svc-search,search-api,2025-04-13T23:30:00Z,200,0.519,s,agent-1,ap-south-1
svc-reports,reports-api,2025-04-13T08:45:00Z,200,664,ms,agent-1,ap-south-1
svc-payments,payments-api,2025-04-18T04:30:00Z,200,325,ms,agent-1,ap-south-1
svc-search,search-api,2025-04-14T21:45:00Z,200,0.705,s,agent-1,ap-south-1
svc-notify,notify-worker,2025-04-18T00:00:00Z,200,118,ms,agent-1,ap-south-1
svc-reports,reports-api,2025-04-12T02:30:00Z,200,464,ms,agent-1,ap-south-1
svc-reports,reports-api,2025-04-10T14:15:00Z,200,753,ms,agent-1,ap-south-1
svc-notify,notify-worker,2025-04-14T20:30:00Z,200,138,ms,agent-1,ap-south-1
svc-search,search-api,2025-04-18T19:15:00Z,200,0.596,s,agent-1,ap-south-1
svc-reports,reports-api,2025-04-18T22:15:00Z,200,586,ms,agent-1,ap-south-1
svc-notify,notify-worker,2025-04-21T05:45:00Z,200,147,ms,agent-1,ap-south-1
svc-payments,payments-api,2025-04-15T04:15:00Z,200,384,ms,agent-1,ap-south-1
svc-reports,reports-api,2025-04-13T18:00:00Z,200,574,ms,agent-1,ap-south-1
svc-notify,notify-worker,2025-04-21T20:30:00Z,200,135,ms,agent-1,ap-south-1
svc-reports,reports-api,2025-04-19T12:45:00Z,200,842,ms,agent-1,ap-south-1
svc-auth,auth-api,2025-04-18T22:00:00Z,200,162,ms,agent-1,ap-south-1
svc-search,search-api,2025-04-13T04:45:00Z,200,0.557,s,agent-1,ap-south-1
svc-auth,auth-api,2025-04-11T01:15:00Z,200,160,ms,agent-1,ap-south-1
svc-search,search-api,2025-04-20T15:15:00Z,200,0.502,s,agent-1,ap-south-1
svc-payments,payments-api,2025-04-21T12:15:00Z,200,257,ms,agent-1,ap-south-1
svc-notify,notify-worker,2025-04-11T23:30:00Z,200,92,ms,agent-1,ap-south-1
svc-search,search-api,2025-04-19T03:30:00Z,200,0.489,s,agent-1,ap-south-1
svc-reports,reports-api,2025-04-20T02:00:00Z,200,582,ms,agent-1,ap-south-1
svc-search,search-api,2025-04-16T07:15:00Z,200,0.48,s,agent-2,ap-south-1
svc-auth,auth-api,2025-04-21T21:15:00Z,200,103,ms,agent-1,ap-south-1
svc-payments,payments-api,2025-04-15T19:30:00Z,200,488,ms,agent-1,ap-south-1
svc-notify,notify-worker,2025-04-17T16:45:00Z,200,128,ms,agent-1,ap-south-1
svc-search,search-api,2025-04-16T03:00:00Z,200,0.459,s,agent-1,ap-south-1
svc-auth,auth-api,1745221500,200,107,ms,agent-1,ap-south-1
svc-auth,auth-api,2025-04-13T13:15:00Z,200,128,ms,agent-1,ap-south-1
svc-payments,payments-api,2025-04-17T15:45:00Z,200,441,ms,agent-1,ap-south-1
svc-notify,notify-worker,2025-04-19T22:00:00Z,200,,ms,agent-1,ap-south-1
svc-notify,notify-worker,2025-04-18T14:00:00Z,200,80,ms,agent-1,ap-south-1
svc-notify,notify-worker,2025-04-21T13:45:00Z,200,120,ms,agent-1,ap-south-1
svc-payments,payments-api,2025-04-16T21:00:00Z,200,270,ms,agent-1,ap-south-1
svc-notify,notify-worker,2025-04-18T20:00:00Z,200,104,ms,agent-1,ap-south-1
svc-reports,reports-api,2025-04-11T00:15:00Z,200,793,ms,agent-1,ap-south-1
svc-notify,notify-worker,2025-04-17T13:45:00Z,200,93,ms,agent-1,ap-south-1
svc-search,search-api,2025-04-12T00:30:00Z,200,0.398,s,agent-1,ap-south-1
svc-auth,auth-api,2025-04-12T07:30:00Z,200,180,ms,agent-1,ap-south-1
svc-notify,notify-worker,2025-04-19T04:30:00Z,200,124,ms,agent-1,ap-south-1
svc-notify,notify-worker,2025-04-14T20:15:00Z,200,97,ms,agent-1,ap-south-1
svc-notify,notify-worker,2025-04-21T03:15:00Z,200,133,ms,agent-1,ap-south-1
svc-reports,reports-api,2025-04-13T09:45:00Z,200,432,ms,agent-1,ap-south-1
svc-auth,auth-api,2025-04-16T11:30:00Z,200,186,ms,agent-1,ap-south-1
svc-payments,payments-api,2025-04-10T10:30:00Z,200,301,ms,agent-1,ap-south-1
svc-search,search-api,2025-04-15T04:15:00Z,200,0.693,s,agent-1,ap-south-1
svc-auth,auth-api,2025-04-11T02:00:00Z,200,105,ms,agent-1,ap-south-1
svc-payments,payments-api,2025-04-10T00:30:00Z,200,407,ms,agent-1,ap-south-1
svc-notify,notify-worker,2025-04-17T12:30:00Z,200,115,ms,agent-1,ap-south-1
svc-search,search-api,2025-04-10T22:45:00Z,200,0.647,s,agent-1,ap-south-1
svc-reports,reports-api,2025-04-19T09:00:00Z,200,700,ms,agent-1,ap-south-1
svc-notify,notify-worker,2025-04-12T00:00:00Z,200,86,ms,agent-1,ap-south-1
svc-notify,notify-worker,2025-04-16T22:15:00Z,200,111,ms,agent-1,ap-south-1
svc-payments,payments-api,2025-04-19T20:45:00Z,200,457,ms,agent-1,ap-south-1
svc-notify,notify-worker,2025-04-17T01:30:00Z,200,142,ms,agent-1,ap-south-1
svc-payments,payments-api,2025-04-13T22:45:00Z,200,308,ms,agent-1,ap-south-1
svc-auth,auth-api,2025-04-12T08:15:00Z,200,139,ms,agent-1,ap-south-1
svc-reports,reports-api,2025-04-10T20:00:00Z,200,778,ms,agent-1,ap-south-1
svc-auth,auth-api,2025-04-15T11:30:00Z,200,182,ms,agent-1,ap-south-1
svc-reports,reports-api,2025-04-20T15:30:00Z,200,531,ms,agent-1,ap-south-1
svc-notify,notify-worker,2025-04-21T08:45:00Z,200,96,ms,agent-1,ap-south-1
svc-search,search-api,2025-04-14T12:15:00Z,200,1.829,s,agent-1,ap-south-1
svc-payments,payments-api,2025-04-11T14:00:00Z,200,387,ms,agent-1,ap-south-1
svc-notify,notify-worker,2025-04-20T05:15:00Z,200,98,ms,agent-1,ap-south-1
svc-payments,payments-api,2025-04-16T23:45:00Z,200,446,ms,agent-1,ap-south-1
svc-payments,payments-api,2025-04-12T16:30:00Z,200,421,ms,agent-1,ap-south-1
svc-search,search-api,2025-04-21T12:30:00Z,200,0.659,s,agent-1,ap-south-1
svc-search,search-api,2025-04-12T00:45:00Z,200,0.461,s,agent-1,ap-south-1
svc-auth,auth-api,2025-04-14T03:15:00Z,200,177,ms,agent-1,ap-south-1
svc-search,search-api,2025-04-20T20:45:00Z,200,0.53,s,agent-1,ap-south-1
svc-notify,notify-worker,2025-04-15T02:15:00Z,200,103,ms,agent-1,ap-south-1
svc-search,search-api,2025-04-13T08:00:00Z,200,0.714,s,agent-1,ap-south-1
svc-reports,reports-api,2025-04-13T05:15:00Z,200,794,ms,agent-1,ap-south-1
svc-auth,auth-api,2025-04-11T09:45:00Z,500,159,ms,agent-1,ap-south-1
svc-search,search-api,2025-04-17T15:45:00Z,200,0.482,s,agent-1,ap-south-1
svc-auth,auth-api,2025-04-11T21:00:00Z,200,187,ms,agent-1,ap-south-1
svc-search,search-api,2025-04-19T02:00:00Z,200,0.393,s,agent-1,ap-south-1
svc-auth,auth-api,2025-04-20T20:15:00Z,200,190,ms,agent-1,ap-south-1
svc-payments,payments-api,2025-04-13T12:45:00+05:30,200,292,ms,agent-1,ap-south-1
svc-notify,notify-worker,2025-04-10T10:30:00Z,200,128,ms,agent-1,ap-south-1
svc-reports,reports-api,2025-04-11T01:00:00Z,200,536,ms,agent-1,ap-south-1
svc-search,search-api,2025-04-14T19:45:00Z,200,0.432,s,agent-1,ap-south-1
svc-payments,payments-api,2025-04-10T03:45:00Z,200,382,ms,agent-1,ap-south-1
svc-payments,payments-api,2025-04-20T13:00:00Z,200,292,ms,agent-2,ap-south-1
svc-payments,payments-api,2025-04-20T09:00:00Z,200,345,ms,agent-1,ap-south-1
svc-search,search-api,2025-04-10T07:00:00Z,200,0.601,s,agent-1,ap-south-1
svc-auth,auth-api,2025-04-18T05:30:00+05:30,200,109,ms,agent-1,ap-south-1
svc-auth,auth-api,2025-04-21T20:30:00Z,200,120,ms,agent-1,ap-south-1
svc-payments,payments-api,2025-04-11T21:15:00Z,200,468,ms,agent-1,ap-south-1
svc-payments,payments-api,2025-04-15T06:45:00Z,200,393,ms,agent-1,ap-south-1
svc-auth,auth-api,2025-04-20T15:45:00Z,200,127,ms,agent-1,ap-south-1
svc-notify,notify-worker,2025-04-19T07:30:00Z,200,108,ms,agent-1,ap-south-1
svc-notify,notify-worker,2025-04-19T06:15:00Z,200,105,ms,agent-1,ap-south-1
svc-auth,auth-api,2025-04-20T03:00:00Z,200,98,ms,agent-1,ap-south-1
svc-payments,payments-api,2025-04-20T00:45:00Z,200,425,ms,agent-1,ap-south-1
svc-reports,reports-api,2025-04-19T22:45:00Z,200,695,ms,agent-1,ap-south-1
svc-search,search-api,2025-04-20T22:00:00Z,200,0.545,s,agent-1,ap-south-1
svc-payments,payments-api,2025-04-20T06:45:00Z,200,260,ms,agent-1,ap-south-1
svc-reports,reports-api,2025-04-17T04:30:00Z,200,641,ms,agent-1,ap-south-1
svc-search,search-api,2025-04-20T06:15:00Z,200,0.582,s,agent-1,ap-south-1
svc-search,search-api,2025-04-20T21:30:00Z,200,0.515,s,agent-1,ap-south-1
svc-reports,reports-api,2025-04-21T13:45:00Z,200,672,ms,agent-1,ap-south-1
svc-notify,notify-worker,2025-04-10T14:45:00Z,200,150,ms,agent-1,ap-south-1
svc-search,search-api,2025-04-13T13:30:00Z,200,0.387,s,agent-1,ap-south-1
svc-auth,auth-api,2025-04-14T21:45:00Z,200,115,ms,agent-1,ap-south-1
svc-reports,reports-api,2025-04-20T07:30:00Z,200,753,ms,agent-1,ap-south-1
svc-auth,auth-api,2025-04-18T13:45:00Z,200,160,ms,agent-2,ap-south-1
svc-search,search-api,2025-04-12T20:45:00Z,200,0.696,s,agent-1,ap-south-1
svc-reports,reports-api,2025-04-12T05:00:00Z,200,632,ms,agent-2,ap-south-1
svc-auth,auth-api,2025-04-10T03:30:00Z,200,173,ms,agent-1,ap-south-1
svc-search,search-api,2025-04-15T00:15:00Z,200,0.586,s,agent-1,ap-south-1
svc-search,search-api,2025-04-20T21:45:00Z,200,0.458,s,agent-1,ap-south-1
svc-auth,auth-api,2025-04-17T13:30:00Z,200,178,ms,agent-1,ap-south-1
svc-auth,auth-api,2025-04-15T19:00:00Z,200,106,ms,agent-1,ap-south-1
svc-auth,auth-api,2025-04-17T18:30:00Z,200,175,ms,agent-1,ap-south-1
svc-notify,notify-worker,2025-04-17T11:00:00Z,200,146,ms,agent-1,ap-south-1
svc-notify,notify-worker,2025-04-21T05:15:00Z,200,144,ms,agent-1,ap-south-1
svc-search,search-api,2025-04-19T07:45:00Z,200,0.676,s,agent-2,ap-south-1
svc-payments,payments-api,2025-04-11T19:15:00Z,200,275,ms,agent-1,ap-south-1
svc-reports,reports-api,2025-04-17T21:00:00Z,200,779,ms,agent-1,ap-south-1
svc-payments,payments-api,2025-04-15T18:15:00Z,200,268,ms,agent-1,ap-south-1
svc-reports,reports-api,2025-04-19T17:15:00Z,200,460,ms,agent-1,ap-south-1
svc-notify,notify-worker,2025-04-19T02:15:00Z,200,125,ms,agent-1,ap-south-1
svc-notify,notify-worker,2025-04-14T13:00:00Z,200,125,ms,agent-1,ap-south-1
svc-reports,reports-api,2025-04-17T15:00:00Z,200,770,ms,agent-2,ap-south-1
svc-search,search-api,2025-04-18T09:30:00Z,200,0.499,s,agent-1,ap-south-1
svc-payments,payments-api,2025-04-17T14:15:00Z,200,291,ms,agent-1,ap-south-1
svc-reports,reports-api,2025-04-21T23:00:00Z,200,567,ms,agent-1,ap-south-1
svc-search,search-api,2025-04-13T17:30:00Z,200,0.49,s,agent-1,ap-south-1
svc-auth,auth-api,2025-04-18T16:15:00Z,200,184,ms,agent-1,ap-south-1
svc-search,search-api,2025-04-10T12:00:00Z,200,0.551,s,agent-1,ap-south-1
svc-payments,payments-api,2025-04-14T14:00:00Z,200,395,ms,agent-1,ap-south-1
svc-reports,reports-api,2025-04-12T22:00:00Z,200,523,ms,agent-1,ap-south-1
svc-auth,auth-api,2025-04-14T19:15:00Z,200,120,ms,agent-1,ap-south-1
svc-payments,payments-api,2025-04-13T04:15:00Z,200,359,ms,agent-1,ap-south-1
svc-payments,payments-api,2025-04-17T12:15:00Z,200,393,ms,agent-1,ap-south-1
svc-notify,notify-worker,2025-04-19T15:45:00Z,200,151,ms,agent-1,ap-south-1
svc-payments,payments-api,2025-04-19T22:00:00Z,200,276,ms,agent-1,ap-south-1
svc-payments,payments-api,2025-04-12T10:45:00Z,200,278,ms,agent-1,ap-south-1
svc-notify,notify-worker,2025-04-21T06:00:00Z,200,119,ms,agent-1,ap-south-1
svc-reports,reports-api,2025-04-18T08:30:00Z,200,606,ms,agent-1,ap-south-1
svc-search,search-api,2025-04-19T12:00:00Z,200,0.585,s,agent-1,ap-south-1
svc-payments,payments-api,2025-04-10T22:15:00Z,200,485,ms,agent-1,ap-south-1
svc-notify,notify-worker,2025-04-11T08:45:00Z,200,90,ms,agent-1,ap-south-1
svc-search,search-api,2025-04-16T08:45:00Z,200,0.649,s,agent-1,ap-south-1
svc-notify,notify-worker,2025-04-15T08:00:00Z,200,81,ms,agent-1,ap-south-1
svc-search,search-api,2025-04-12T15:30:00Z,200,0.65,s,agent-1,ap-south-1
svc-payments,payments-api,2025-04-11T03:30:00Z,200,479,ms,agent-1,ap-south-1
svc-payments,payments-api,2025-04-18T05:15:00Z,200,384,ms,agent-1,ap-south-1
svc-payments,payments-api,2025-04-10T08:30:00Z,200,465,ms,agent-2,ap-south-1
svc-auth,auth-api,2025-04-20T17:45:00Z,200,142,ms,agent-1,ap-south-1
svc-search,search-api,2025-04-11T15:00:00Z,200,0.523,s,agent-1,ap-south-1
svc-payments,payments-api,2025-04-21T12:30:00Z,200,286,ms,agent-1,ap-south-1
svc-notify,notify-worker,2025-04-20T19:30:00Z,200,150,ms,agent-1,ap-south-1
svc-auth,auth-api,2025-04-14T12:00:00Z,200,190,ms,agent-1,ap-south-1
svc-search,search-api,2025-04-16T21:45:00Z,200,0.485,s,agent-1,ap-south-1
svc-reports,reports-api,2025-04-17T12:15:00Z,200,856,ms,agent-1,ap-south-1
svc-payments,payments-api,2025-04-19T09:45:00Z,200,442,ms,agent-1,ap-south-1
svc-auth,auth-api,2025-04-14T19:00:00Z,200,98,ms,agent-1,ap-south-1
svc-search,search-api,2025-04-17T14:00:00Z,200,0.437,s,agent-1,ap-south-1
svc-reports,reports-api,2025-04-16T19:45:00Z,200,554,ms,agent-1,ap-south-1
svc-auth,auth-api,2025-04-19T07:00:00Z,200,191,ms,agent-1,ap-south-1
svc-reports,reports-api,2025-04-18T23:30:00Z,200,729,ms,agent-1,ap-south-1
svc-auth,auth-api,2025-04-20T07:45:00Z,200,167,ms,agent-1,ap-south-1
svc-auth,auth-api,2025-04-15T09:15:00Z,200,124,ms,agent-1,ap-south-1
svc-reports,reports-api,2025-04-15T01:45:00Z,200,524,ms,agent-1,ap-south-1
svc-search,search-api,2025-04-15T18:00:00Z,200,0.531,s,agent-1,ap-south-1
svc-reports,reports-api,2025-04-21T00:00:00Z,200,588,ms,agent-2,ap-south-1
svc-payments,payments-api,2025-04-19T14:15:00Z,200,442,ms,agent-1,ap-south-1
svc-notify,notify-worker,2025-04-18T12:15:00Z,200,138,ms,agent-1,ap-south-1
svc-search,search-api,2025-04-14T13:15:00Z,502,1.294,s,agent-1,ap-south-1
svc-auth,auth-api,2025-04-17T07:00:00Z,200,182,ms,agent-1,ap-south-1
svc-auth,auth-api,2025-04-20T03:30:00Z,200,156,ms,agent-1,ap-south-1
svc-auth,auth-api,2025-04-12T05:45:00Z,200,186,ms,agent-1,ap-south-1
svc-payments,payments-api,2025-04-18T19:15:00Z,200,297,ms,agent-1,ap-south-1
svc-payments,payments-api,2025-04-17T08:15:00Z,200,262,ms,agent-1,ap-south-1
svc-search,search-api,2025-04-20T06:00:00Z,200,0.544,s,agent-1,ap-south-1
svc-auth,auth-api,2025-04-10T06:45:00Z,200,142,ms,agent-1,ap-south-1
svc-reports,reports-api,2025-04-11T05:00:00Z,200,806,ms,agent-1,ap-south-1
svc-notify,notify-worker,2025-04-14T22:15:00Z,200,117,ms,agent-1,ap-south-1
svc-notify,notify-worker,2025-04-16T05:45:00Z,200,136,ms,agent-1,ap-south-1
svc-auth,auth-api,2025-04-13T01:30:00Z,200,97,ms,agent-1,ap-south-1
svc-notify,notify-worker,2025-04-13T04:45:00Z,200,139,ms,agent-1,ap-south-1
svc-reports,reports-api,2025-04-15T03:00:00Z,200,650,ms,agent-1,ap-south-1
svc-auth,auth-api,2025-04-17T06:00:00Z,200,101,ms,agent-1,ap-south-1
svc-search,search-api,2025-04-18T19:45:00Z,200,0.708,s,agent-1,ap-south-1
svc-auth,auth-api,2025-04-21T05:30:00Z,200,169,ms,agent-1,ap-south-1
svc-search,search-api,2025-04-18T11:15:00Z,200,0.466,s,agent-1,ap-south-1
svc-reports,reports-api,2025-04-12T16:45:00Z,200,756,ms,agent-1,ap-south-1
svc-payments,payments-api,2025-04-12T23:00:00Z,200,435,ms,agent-1,ap-south-1
svc-auth,auth-api,2025-04-20T12:15:00Z,200,185,ms,agent-1,ap-south-1
svc-auth,auth-api,2025-04-13T23:30:00Z,200,177,ms,agent-1,ap-south-1
svc-notify,notify-worker,2025-04-12T01:15:00Z,200,115,ms,agent-1,ap-south-1
svc-reports,reports-api,2025-04-10T02:15:00Z,200,467,ms,agent-1,ap-south-1
svc-search,search-api,2025-04-19T13:45:00Z,200,0.659,s,agent-1,ap-south-1
svc-notify,notify-worker,2025-04-16T10:00:00Z,200,125,ms,agent-1,ap-south-1
svc-search,search-api,2025-04-13T07:30:00Z,200,0.608,s,agent-1,ap-south-1
svc-search,search-api,2025-04-10T20:45:00Z,200,0.653,s,agent-1,ap-south-1
svc-notify,notify-worker,2025-04-18T03:45:00Z,200,99,ms,agent-1,ap-south-1
svc-payments,payments-api,2025-04-21T07:30:00Z,200,397,ms,agent-1,ap-south-1
svc-payments,payments-api,2025-04-10T23:00:00Z,200,290,ms,agent-1,ap-south-1
svc-reports,reports-api,2025-04-15T19:45:00Z,200,810,ms,agent-1,ap-south-1
svc-search,search-api,2025-04-18T13:15:00Z,503,2.137,s,agent-1,ap-south-1
svc-reports,reports-api,2025-04-17T17:30:00Z,200,686,ms,agent-1,ap-south-1
svc-payments,payments-api,2025-04-13T23:00:00Z,200,305,ms,agent-1,ap-south-1
svc-reports,reports-api,2025-04-15T05:30:00Z,200,729,ms,agent-1,ap-south-1
svc-reports,reports-api,2025-04-17T00:45:00Z,200,699,ms,agent-1,ap-south-1
svc-payments,payments-api,2025-04-16T06:15:00Z,200,,ms,agent-1,ap-south-1
svc-payments,payments-api,2025-04-10T00:15:00Z,200,360,ms,agent-2,ap-south-1
svc-auth,auth-api,2025-04-16T09:00:00Z,200,129,ms,agent-1,ap-south-1
svc-notify,notify-worker,2025-04-20T15:00:00Z,200,99,ms,agent-1,ap-south-1
svc-payments,payments-api,2025-04-20T03:45:00Z,200,485,ms,agent-1,ap-south-1
svc-payments,payments-api,2025-04-12T08:45:00Z,200,372,ms,agent-1,ap-south-1
svc-auth,auth-api,2025-04-17T06:45:00Z,200,146,ms,agent-1,ap-south-1
svc-payments,payments-api,2025-04-12T08:00:00Z,200,283,ms,agent-2,ap-south-1
svc-reports,reports-api,2025-04-17T03:45:00Z,200,769,ms,agent-1,ap-south-1
svc-payments,payments-api,2025-04-14T11:15:00Z,200,273,ms,agent-1,ap-south-1
svc-search,search-api,2025-04-15T07:45:00Z,200,0.595,s,agent-1,ap-south-1
svc-reports,reports-api,2025-04-20T23:00:00Z,200,808,ms,agent-1,ap-south-1
svc-reports,reports-api,2025-04-11T21:00:00Z,200,855,ms,agent-1,ap-south-1
svc-search,search-api,2025-04-11T11:30:00Z,200,0.701,s,agent-1,ap-south-1
svc-payments,payments-api,2025-04-16T03:45:00Z,200,365,ms,agent-1,ap-south-1
svc-payments,payments-api,2025-04-14T01:00:00Z,200,303,ms,agent-1,ap-south-1
svc-reports,reports-api,2025-04-17T08:00:00Z,200,448,ms,agent-1,ap-south-1
svc-payments,payments-api,2025-04-20T05:45:00Z,200,475,ms,agent-1,ap-south-1
svc-auth,auth-api,2025-04-14T22:00:00Z,200,133,ms,agent-1,ap-south-1
svc-payments,payments-api,2025-04-19T00:45:00Z,200,371,ms,agent-1,ap-south-1
svc-auth,auth-api,2025-04-16T14:30:00Z,200,,ms,agent-1,ap-south-1
svc-payments,payments-api,2025-04-16T13:30:00Z,200,276,ms,agent-1,ap-south-1
svc-search,search-api,2025-04-18T20:00:00Z,200,0.659,s,agent-1,ap-south-1
svc-auth,auth-api,2025-04-12T18:15:00Z,200,179,ms,agent-1,ap-south-1
svc-search,search-api,2025-04-15T19:15:00Z,200,0.361,s,agent-1,ap-south-1
svc-search,search-api,2025-04-16T17:30:00Z,200,0.673,s,agent-1,ap-south-1
svc-reports,reports-api,2025-04-16T17:00:00Z,503,794,ms,agent-1,ap-south-1
svc-notify,notify-worker,2025-04-13T13:45:00Z,200,85,ms,agent-1,ap-south-1
svc-auth,auth-api,2025-04-17T07:15:00Z,200,138,ms,agent-1,ap-south-1
svc-auth,auth-api,2025-04-13T21:30:00Z,200,143,ms,agent-1,ap-south-1
svc-search,search-api,2025-04-16T00:15:00Z,200,0.611,s,agent-1,ap-south-1
svc-notify,notify-worker,2025-04-12T02:45:00Z,200,123,ms,agent-1,ap-south-1
svc-payments,payments-api,2025-04-10T09:30:00Z,200,374,ms,agent-1,ap-south-1
svc-auth,auth-api,2025-04-10T08:15:00Z,200,98,ms,agent-1,ap-south-1
svc-auth,auth-api,2025-04-13T20:30:00Z,200,103,ms,agent-1,ap-south-1
svc-search,search-api,2025-04-13T03:45:00Z,200,0.712,s,agent-1,ap-south-1
svc-auth,auth-api,2025-04-13T09:30:00Z,200,109,ms,agent-1,ap-south-1
svc-auth,auth-api,2025-04-11T07:45:00Z,200,,ms,agent-2,ap-south-1
svc-notify,notify-worker,2025-04-19T18:30:00Z,200,112,ms,agent-1,ap-south-1
svc-search,search-api,2025-04-15T12:00:00Z,200,0.546,s,agent-1,ap-south-1
svc-notify,notify-worker,2025-04-21T22:45:00Z,200,88,ms,agent-1,ap-south-1
svc-reports,reports-api,2025-04-21T03:00:00Z,200,565,ms,agent-1,ap-south-1
svc-auth,auth-api,2025-04-16T12:45:00Z,200,104,ms,agent-1,ap-south-1
svc-notify,notify-worker,2025-04-13T23:45:00Z,200,127,ms,agent-1,ap-south-1
svc-reports,reports-api,2025-04-14T19:45:00Z,200,536,ms,agent-1,ap-south-1
svc-reports,reports-api,2025-04-20T03:15:00Z,200,489,ms,agent-1,ap-south-1
svc-notify,notify-worker,2025-04-17T05:00:00Z,200,105,ms,agent-1,ap-south-1
svc-notify,notify-worker,2025-04-10T21:30:00Z,200,130,ms,agent-2,ap-south-1
svc-auth,auth-api,2025-04-19T03:00:00Z,200,166,ms,agent-1,ap-south-1
svc-notify,notify-worker,2025-04-16T06:45:00Z,200,92,ms,agent-1,ap-south-1
svc-search,search-api,2025-04-17T19:15:00Z,200,0.377,s,agent-1,ap-south-1
svc-payments,payments-api,2025-04-13T00:30:00Z,200,276,ms,agent-2,ap-south-1
svc-search,search-api,2025-04-20T19:15:00Z,200,0.465,s,agent-1,ap-south-1
svc-search,search-api,2025-04-21T10:45:00Z,200,0.443,s,agent-1,ap-south-1
svc-search,search-api,2025-04-21T21:30:00Z,200,0.457,s,agent-1,ap-south-1
svc-payments,payments-api,2025-04-10T00:45:00Z,200,393,ms,agent-1,ap-south-1
svc-notify,notify-worker,2025-04-20T06:15:00Z,200,135,ms,agent-1,ap-south-1
svc-notify,notify-worker,2025-04-12T17:45:00Z,200,102,ms,agent-1,ap-south-1
svc-payments,payments-api,2025-04-10T15:30:00Z,200,276,ms,agent-1,ap-south-1
svc-payments,payments-api,2025-04-21T00:15:00Z,200,392,ms,agent-1,ap-south-1
svc-notify,notify-worker,2025-04-16T20:15:00Z,200,104,ms,agent-1,ap-south-1
svc-search,search-api,2025-04-20T03:30:00Z,200,0.571,s,agent-1,ap-south-1
svc-notify,notify-worker,2025-04-18T17:30:00Z,200,122,ms,agent-1,ap-south-1
svc-payments,payments-api,2025-04-10T12:00:00Z,200,291,ms,agent-1,ap-south-1
svc-search,search-api,2025-04-17T02:45:00Z,200,0.429,s,agent-1,ap-south-1
svc-reports,reports-api,2025-04-14T07:00:00Z,200,711,ms,agent-1,ap-south-1
svc-search,search-api,2025-04-13T08:45:00Z,200,0.535,s,agent-2,ap-south-1
svc-reports,reports-api,2025-04-17T08:45:00Z,200,823,ms,agent-1,ap-south-1
svc-reports,reports-api,2025-04-10T13:45:00Z,200,716,ms,agent-1,ap-south-1
svc-reports,reports-api,2025-04-19T16:30:00Z,200,770,ms,agent-1,ap-south-1
svc-notify,notify-worker,2025-04-13T13:15:00Z,200,122,ms,agent-1,ap-south-1
svc-notify,notify-worker,2025-04-10T15:00:00Z,200,79,ms,agent-1,ap-south-1
svc-notify,notify-worker,2025-04-21T15:00:00Z,200,100,ms,agent-1,ap-south-1
svc-search,search-api,2025-04-18T00:15:00Z,200,0.583,s,agent-1,ap-south-1
svc-auth,auth-api,2025-04-13T07:45:00Z,200,106,ms,agent-1,ap-south-1
svc-search,search-api,2025-04-16T07:45:00Z,200,0.445,s,agent-1,ap-south-1
svc-reports,reports-api,2025-04-18T17:00:00Z,200,735,ms,agent-1,ap-south-1
svc-auth,auth-api,2025-04-11T14:30:00Z,200,141,ms,agent-1,ap-south-1
svc-payments,payments-api,2025-04-12T07:45:00Z,200,487,ms,agent-1,ap-south-1
svc-auth,auth-api,2025-04-16T17:15:00Z,200,154,ms,agent-1,ap-south-1
svc-auth,auth-api,2025-04-10T20:15:00Z,200,140,ms,agent-1,ap-south-1
svc-auth,auth-api,2025-04-17T10:00:00Z,200,140,ms,agent-1,ap-south-1
svc-notify,notify-worker,2025-04-18T18:00:00Z,200,78,ms,agent-1,ap-south-1
svc-reports,reports-api,2025-04-16T09:45:00+05:30,200,503,ms,agent-1,ap-south-1
svc-reports,reports-api,2025-04-13T13:15:00Z,200,817,ms,agent-1,ap-south-1
svc-notify,notify-worker,2025-04-16T17:30:00Z,502,121,ms,agent-1,ap-south-1
svc-notify,notify-worker,2025-04-19T11:45:00Z,200,83,ms,agent-1,ap-south-1
svc-payments,payments-api,2025-04-20T21:00:00Z,200,434,ms,agent-1,ap-south-1
svc-search,search-api,2025-04-19T17:15:00Z,200,0.641,s,agent-1,ap-south-1
svc-auth,auth-api,2025-04-12T03:15:00Z,200,173,ms,agent-1,ap-south-1
svc-reports,reports-api,2025-04-17T08:15:00Z,200,555,ms,agent-1,ap-south-1
svc-payments,payments-api,2025-04-16T16:15:00Z,200,393,ms,agent-1,ap-south-1
svc-auth,auth-api,2025-04-18T04:45:00Z,200,189,ms,agent-1,ap-south-1
svc-auth,auth-api,2025-04-12T10:00:00Z,200,184,ms,agent-1,ap-south-1
svc-reports,reports-api,1744522200,200,758,ms,agent-1,ap-south-1
svc-notify,notify-worker,2025-04-16T14:15:00Z,200,97,ms,agent-1,ap-south-1
svc-auth,auth-api,2025-04-11T03:15:00Z,200,124,ms,agent-1,ap-south-1
svc-payments,payments-api,2025-04-18T04:00:00Z,200,489,ms,agent-1,ap-south-1
svc-search,search-api,2025-04-14T22:30:00Z,200,0.539,s,agent-1,ap-south-1
svc-payments,payments-api,2025-04-19T16:45:00Z,200,323,ms,agent-1,ap-south-1
svc-reports,reports-api,2025-04-19T10:30:00Z,200,719,ms,agent-1,ap-south-1
svc-reports,reports-api,2025-04-15T23:00:00Z,200,685,ms,agent-1,ap-south-1
svc-search,search-api,2025-04-19T22:00:00Z,200,0.494,s,agent-1,ap-south-1
svc-auth,auth-api,2025-04-11T16:15:00Z,200,130,ms,agent-1,ap-south-1
svc-payments,payments-api,2025-04-10T14:30:00Z,200,250,ms,agent-2,ap-south-1
svc-search,search-api,2025-04-13T12:45:00Z,200,0.507,s,agent-1,ap-south-1
svc-notify,notify-worker,2025-04-15T19:15:00Z,200,128,ms,agent-1,ap-south-1
svc-reports,reports-api,2025-04-10T16:45:00Z,200,743,ms,agent-2,ap-south-1
svc-notify,notify-worker,2025-04-14T13:15:00Z,200,103,ms,agent-1,ap-south-1
svc-search,search-api,2025-04-12T23:30:00Z,200,0.432,s,agent-1,ap-south-1
svc-auth,auth-api,2025-04-13T06:45:00Z,200,120,ms,agent-1,ap-south-1
svc-notify,notify-worker,2025-04-11T02:00:00Z,200,112,ms,agent-1,ap-south-1
svc-notify,notify-worker,2025-04-21T04:30:00Z,200,95,ms,agent-1,ap-south-1
svc-notify,notify-worker,2025-04-10T04:15:00Z,200,109,ms,agent-1,ap-south-1
svc-payments,payments-api,2025-04-21T10:00:00Z,200,487,ms,agent-1,ap-south-1
svc-reports,reports-api,2025-04-20T16:45:00Z,200,634,ms,agent-1,ap-south-1
svc-search,search-api,2025-04-16T18:30:00Z,200,0.615,s,agent-1,ap-south-1
svc-payments,payments-api,2025-04-13T04:00:00Z,200,363,ms,agent-1,ap-south-1
svc-search,search-api,2025-04-14T05:30:00Z,200,0.584,s,agent-1,ap-south-1
svc-search,search-api,2025-04-13T00:00:00Z,200,0.383,s,agent-1,ap-south-1
svc-payments,payments-api,2025-04-14T10:00:00Z,200,492,ms,agent-1,ap-south-1
svc-search,search-api,2025-04-20T05:45:00Z,200,0.45,s,agent-1,ap-south-1
svc-search,search-api,2025-04-11T00:45:00Z,200,0.383,s,agent-1,ap-south-1
svc-auth,auth-api,2025-04-21T05:00:00Z,200,122,ms,agent-1,ap-south-1
svc-notify,notify-worker,2025-04-14T15:45:00Z,200,96,ms,agent-1,ap-south-1
svc-notify,notify-worker,2025-04-12T20:15:00Z,200,113,ms,agent-1,ap-south-1
svc-auth,auth-api,2025-04-14T15:00:00Z,200,105,ms,agent-1,ap-south-1
svc-reports,reports-api,2025-04-19T10:15:00Z,200,612,ms,agent-1,ap-south-1
svc-notify,notify-worker,2025-04-21T06:30:00Z,200,90,ms,agent-1,ap-south-1
svc-search,search-api,2025-04-17T09:45:00Z,200,0.714,s,agent-1,ap-south-1
svc-notify,notify-worker,2025-04-10T10:15:00Z,200,150,ms,agent-1,ap-south-1
svc-reports,reports-api,2025-04-11T15:30:00Z,200,794,ms,agent-1,ap-south-1
svc-notify,notify-worker,2025-04-12T20:00:00Z,200,107,ms,agent-2,ap-south-1
svc-notify,notify-worker,2025-04-15T10:30:00Z,200,149,ms,agent-2,ap-south-1
svc-auth,auth-api,2025-04-13T05:30:00Z,200,190,ms,agent-1,ap-south-1
svc-search,search-api,2025-04-13T06:30:00Z,200,0.575,s,agent-1,ap-south-1
svc-auth,auth-api,2025-04-16T03:15:00Z,200,121,ms,agent-2,ap-south-1
svc-search,search-api,2025-04-14T09:15:00Z,200,0.604,s,agent-1,ap-south-1
svc-payments,payments-api,2025-04-10T01:15:00Z,200,469,ms,agent-1,ap-south-1
svc-reports,reports-api,2025-04-12T20:45:00Z,200,557,ms,agent-1,ap-south-1
svc-reports,reports-api,2025-04-19T09:15:00Z,200,737,ms,agent-1,ap-south-1
svc-payments,payments-api,2025-04-19T02:00:00Z,200,295,ms,agent-1,ap-south-1
svc-payments,payments-api,2025-04-18T22:15:00Z,200,265,ms,agent-1,ap-south-1
svc-payments,payments-api,2025-04-12T14:30:00Z,200,381,ms,agent-1,ap-south-1
svc-notify,notify-worker,2025-04-15T00:00:00Z,200,146,ms,agent-1,ap-south-1
svc-reports,reports-api,2025-04-12T20:30:00Z,200,626,ms,agent-1,ap-south-1
svc-reports,reports-api,2025-04-15T09:00:00Z,200,666,ms,agent-1,ap-south-1
svc-auth,auth-api,2025-04-10T16:00:00Z,200,168,ms,agent-1,ap-south-1
svc-auth,auth-api,2025-04-11T20:30:00Z,200,184,ms,agent-1,ap-south-1
svc-search,search-api,2025-04-21T17:30:00Z,200,0.599,s,agent-1,ap-south-1
svc-payments,payments-api,2025-04-12T16:45:00Z,200,289,ms,agent-1,ap-south-1
svc-notify,notify-worker,2025-04-20T12:30:00Z,200,93,ms,agent-1,ap-south-1
svc-reports,reports-api,2025-04-21T08:45:00Z,200,595,ms,agent-1,ap-south-1
svc-notify,notify-worker,2025-04-14T09:00:00Z,200,97,ms,agent-1,ap-south-1
svc-notify,notify-worker,2025-04-13T23:30:00Z,200,142,ms,agent-2,ap-south-1
svc-auth,auth-api,2025-04-12T06:45:00Z,200,137,ms,agent-1,ap-south-1
svc-notify,notify-worker,2025-04-15T16:45:00Z,200,138,ms,agent-1,ap-south-1
svc-payments,payments-api,2025-04-20T20:30:00Z,200,310,ms,agent-1,ap-south-1
svc-payments,payments-api,2025-04-11T20:00:00Z,200,488,ms,agent-1,ap-south-1
svc-notify,notify-worker,2025-04-12T22:30:00Z,200,93,ms,agent-2,ap-south-1
svc-reports,reports-api,2025-04-15T02:45:00Z,200,560,ms,agent-1,ap-south-1
svc-search,search-api,2025-04-21T16:00:00Z,200,0.637,s,agent-1,ap-south-1
svc-search,search-api,2025-04-19T05:45:00Z,200,0.687,s,agent-2,ap-south-1
svc-auth,auth-api,2025-04-21T05:45:00Z,200,137,ms,agent-1,ap-south-1
svc-payments,payments-api,2025-04-20T13:00:00Z,200,311,ms,agent-1,ap-south-1
svc-search,search-api,2025-04-15T18:15:00Z,200,0.639,s,agent-1,ap-south-1
svc-payments,payments-api,2025-04-15T00:45:00Z,200,254,ms,agent-2,ap-south-1
svc-reports,reports-api,2025-04-16T18:00:00Z,200,728,ms,agent-1,ap-south-1
svc-auth,auth-api,2025-04-11T21:15:00Z,200,125,ms,agent-1,ap-south-1
svc-reports,reports-api,2025-04-18T02:15:00Z,200,618,ms,agent-1,ap-south-1
svc-notify,notify-worker,2025-04-14T08:15:00Z,200,90,ms,agent-1,ap-south-1
svc-payments,payments-api,2025-04-19T12:45:00Z,200,374,ms,agent-1,ap-south-1
svc-reports,reports-api,2025-04-14T01:15:00Z,200,549,ms,agent-1,ap-south-1
svc-reports,reports-api,2025-04-19T03:30:00Z,200,712,ms,agent-1,ap-south-1
svc-payments,payments-api,2025-04-21T06:30:00Z,200,477,ms,agent-1,ap-south-1
svc-search,search-api,2025-04-14T07:00:00Z,200,0.375,s,agent-1,ap-south-1
svc-reports,reports-api,2025-04-19T18:30:00Z,200,694,ms,agent-1,ap-south-1
svc-notify,notify-worker,2025-04-10T15:30:00Z,200,76,ms,agent-1,ap-south-1
svc-notify,notify-worker,2025-04-21T16:45:00Z,200,116,ms,agent-1,ap-south-1
svc-payments,payments-api,2025-04-11T12:30:00Z,200,472,ms,agent-1,ap-south-1
svc-reports,reports-api,2025-04-17T20:45:00Z,200,756,ms,agent-1,ap-south-1
svc-auth,auth-api,2025-04-18T06:00:00Z,200,191,ms,agent-1,ap-south-1
svc-auth,auth-api,2025-04-21T23:45:00Z,200,146,ms,agent-1,ap-south-1
svc-payments,payments-api,2025-04-17T01:00:00Z,200,304,ms,agent-1,ap-south-1
svc-payments,payments-api,2025-04-17T04:15:00Z,200,400,ms,agent-1,ap-south-1
svc-payments,payments-api,2025-04-15T22:30:00Z,200,328,ms,agent-1,ap-south-1
svc-payments,payments-api,2025-04-18T19:00:00Z,200,479,ms,agent-1,ap-south-1
svc-payments,payments-api,2025-04-17T17:30:00Z,200,470,ms,agent-1,ap-south-1
svc-notify,notify-worker,2025-04-10T21:15:00Z,200,86,ms,agent-1,ap-south-1
svc-auth,auth-api,2025-04-19T00:30:00Z,200,,ms,agent-1,ap-south-1
svc-auth,auth-api,2025-04-19T05:30:00Z,200,138,ms,agent-1,ap-south-1
svc-search,search-api,2025-04-18T21:45:00Z,200,0.596,s,agent-2,ap-south-1
svc-notify,notify-worker,2025-04-17T15:15:00Z,200,130,ms,agent-1,ap-south-1
svc-search,search-api,2025-04-15T22:00:00Z,200,0.486,s,agent-1,ap-south-1
svc-payments,payments-api,2025-04-13T05:45:00Z,200,342,ms,agent-1,ap-south-1
svc-auth,auth-api,2025-04-20T01:45:00Z,200,171,ms,agent-1,ap-south-1
svc-auth,auth-api,2025-04-10T15:15:00Z,200,,ms,agent-1,ap-south-1
svc-payments,payments-api,2025-04-19T14:00:00Z,200,456,ms,agent-1,ap-south-1
svc-search,search-api,2025-04-10T02:15:00Z,200,0.588,s,agent-1,ap-south-1
svc-reports,reports-api,2025-04-19T12:00:00Z,200,701,ms,agent-1,ap-south-1
svc-auth,auth-api,2025-04-13T05:15:00Z,200,134,ms,agent-1,ap-south-1
svc-payments,payments-api,2025-04-10T02:00:00Z,200,439,ms,agent-1,ap-south-1
svc-search,search-api,2025-04-17T04:15:00Z,200,0.581,s,agent-1,ap-south-1
svc-reports,reports-api,2025-04-11T04:15:00Z,500,791,ms,agent-1,ap-south-1
svc-search,search-api,2025-04-10T12:15:00Z,200,0.523,s,agent-1,ap-south-1
svc-payments,payments-api,2025-04-10T16:15:00Z,200,389,ms,agent-1,ap-south-1
svc-notify,notify-worker,2025-04-14T00:30:00Z,200,92,ms,agent-1,ap-south-1
svc-search,search-api,2025-04-13T23:45:00Z,200,0.54,s,agent-1,ap-south-1
svc-payments,payments-api,2025-04-18T14:30:00Z,200,486,ms,agent-1,ap-south-1
svc-search,search-api,2025-04-13T15:45:00Z,200,0.472,s,agent-1,ap-south-1
svc-payments,payments-api,2025-04-20T04:30:00Z,200,385,ms,agent-2,ap-south-1
svc-payments,payments-api,2025-04-18T01:00:00+05:30,200,352,ms,agent-1,ap-south-1
svc-search,search-api,2025-04-20T07:15:00Z,200,0.371,s,agent-1,ap-south-1
svc-payments,payments-api,2025-04-21T20:15:00Z,200,388,ms,agent-1,ap-south-1
svc-reports,reports-api,2025-04-12T08:45:00Z,200,771,ms,agent-1,ap-south-1
svc-reports,reports-api,2025-04-16T09:00:00Z,200,721,ms,agent-1,ap-south-1
svc-payments,payments-api,2025-04-15T22:00:00Z,200,382,ms,agent-1,ap-south-1
svc-search,search-api,2025-04-10T23:30:00Z,200,0.461,s,agent-1,ap-south-1
svc-payments,payments-api,2025-04-16T14:30:00Z,200,306,ms,agent-1,ap-south-1
svc-auth,auth-api,2025-04-13T08:00:00Z,200,181,ms,agent-1,ap-south-1
svc-payments,payments-api,2025-04-11T09:00:00Z,200,392,ms,agent-1,ap-south-1
svc-notify,notify-worker,2025-04-19T04:45:00Z,200,127,ms,agent-1,ap-south-1
svc-search,search-api,2025-04-11T12:15:00Z,200,0.472,s,agent-1,ap-south-1
svc-payments,payments-api,2025-04-10T03:15:00Z,200,269,ms,agent-1,ap-south-1
svc-search,search-api,2025-04-13T01:00:00Z,200,0.5,s,agent-1,ap-south-1
svc-auth,auth-api,2025-04-17T00:15:00Z,200,189,ms,agent-1,ap-south-1
svc-notify,notify-worker,2025-04-12T10:45:00Z,200,97,ms,agent-1,ap-south-1
svc-reports,reports-api,2025-04-10T02:45:00Z,200,650,ms,agent-1,ap-south-1
svc-reports,reports-api,2025-04-14T13:00:00Z,200,581,ms,agent-1,ap-south-1
svc-reports,reports-api,2025-04-13T11:15:00Z,200,673,ms,agent-1,ap-south-1
svc-search,search-api,2025-04-14T01:45:00Z,200,0.516,s,agent-1,ap-south-1
svc-notify,notify-worker,2025-04-12T04:15:00Z,200,112,ms,agent-1,ap-south-1
svc-reports,reports-api,2025-04-13T23:00:00Z,200,833,ms,agent-1,ap-south-1
svc-auth,auth-api,2025-04-12T23:00:00Z,200,186,ms,agent-1,ap-south-1
svc-reports,reports-api,2025-04-11T12:15:00Z,200,786,ms,agent-1,ap-south-1
svc-reports,reports-api,2025-04-19T12:15:00Z,200,786,ms,agent-1,ap-south-1
svc-payments,payments-api,2025-04-14T05:45:00Z,200,296,ms,agent-1,ap-south-1
svc-notify,notify-worker,2025-04-16T16:30:00Z,200,127,ms,agent-1,ap-south-1
svc-search,search-api,2025-04-21T14:00:00Z,200,0.627,s,agent-1,ap-south-1
svc-reports,reports-api,2025-04-16T06:15:00Z,200,612,ms,agent-1,ap-south-1
svc-notify,notify-worker,2025-04-13T09:15:00Z,200,124,ms,agent-1,ap-south-1
svc-reports,reports-api,2025-04-12T00:00:00Z,200,493,ms,agent-1,ap-south-1
svc-payments,payments-api,2025-04-16T19:30:00Z,200,307,ms,agent-1,ap-south-1
svc-notify,notify-worker,1745117100,200,125,ms,agent-1,ap-south-1
svc-search,search-api,2025-04-18T18:15:00Z,200,0.475,s,agent-1,ap-south-1
svc-search,search-api,2025-04-14T13:00:00Z,502,2.243,s,agent-1,ap-south-1
svc-search,search-api,2025-04-21T13:45:00Z,200,0.537,s,agent-1,ap-south-1
svc-search,search-api,2025-04-16T13:00:00Z,200,0.615,s,agent-1,ap-south-1
svc-reports,reports-api,2025-04-19T23:45:00Z,200,840,ms,agent-1,ap-south-1
svc-auth,auth-api,2025-04-10T04:30:00Z,200,126,ms,agent-1,ap-south-1
svc-notify,notify-worker,2025-04-21T01:45:00Z,200,111,ms,agent-2,ap-south-1
svc-search,search-api,2025-04-12T07:45:00Z,200,0.689,s,agent-1,ap-south-1
svc-payments,payments-api,2025-04-10T16:30:00Z,200,414,ms,agent-1,ap-south-1
svc-reports,reports-api,1745129700,200,830,ms,agent-1,ap-south-1
svc-payments,payments-api,2025-04-15T07:45:00Z,200,428,ms,agent-1,ap-south-1
svc-notify,notify-worker,2025-04-20T07:45:00Z,200,104,ms,agent-1,ap-south-1
svc-payments,payments-api,2025-04-11T08:45:00Z,200,489,ms,agent-1,ap-south-1
svc-auth,auth-api,2025-04-16T23:30:00Z,200,111,ms,agent-1,ap-south-1
svc-payments,payments-api,2025-04-20T02:15:00Z,200,450,ms,agent-1,ap-south-1
svc-notify,notify-worker,2025-04-19T13:00:00Z,200,97,ms,agent-1,ap-south-1
svc-notify,notify-worker,2025-04-16T03:15:00Z,200,130,ms,agent-1,ap-south-1
svc-payments,payments-api,2025-04-13T14:15:00Z,200,332,ms,agent-1,ap-south-1
svc-search,search-api,2025-04-19T16:45:00Z,200,0.386,s,agent-2,ap-south-1
svc-reports,reports-api,2025-04-12T03:15:00Z,200,489,ms,agent-1,ap-south-1
svc-notify,notify-worker,2025-04-15T17:45:00Z,200,94,ms,agent-1,ap-south-1
svc-notify,notify-worker,2025-04-16T05:30:00Z,200,147,ms,agent-1,ap-south-1
svc-auth,auth-api,2025-04-21T14:00:00Z,200,118,ms,agent-1,ap-south-1
svc-notify,notify-worker,2025-04-18T17:45:00Z,200,76,ms,agent-2,ap-south-1
svc-auth,auth-api,2025-04-21T06:00:00Z,200,169,ms,agent-1,ap-south-1
svc-notify,notify-worker,2025-04-17T08:30:00Z,200,95,ms,agent-1,ap-south-1
svc-reports,reports-api,2025-04-17T15:15:00Z,200,498,ms,agent-1,ap-south-1
svc-search,search-api,2025-04-16T22:00:00Z,200,0.543,s,agent-2,ap-south-1
svc-reports,reports-api,2025-04-14T08:00:00Z,200,535,ms,agent-1,ap-south-1
svc-search,search-api,2025-04-18T13:00:00Z,200,2.37,s,agent-1,ap-south-1
svc-notify,notify-worker,2025-04-17T16:00:00Z,200,97,ms,agent-2,ap-south-1
svc-notify,notify-worker,2025-04-19T21:45:00Z,200,125,ms,agent-1,ap-south-1
svc-search,search-api,1744806600,200,0.5,s,agent-1,ap-south-1
svc-auth,auth-api,2025-04-12T20:30:00Z,200,125,ms,agent-1,ap-south-1
svc-reports,reports-api,2025-04-15T20:30:00Z,200,725,ms,agent-1,ap-south-1
svc-payments,payments-api,2025-04-19T23:30:00Z,200,288,ms,agent-1,ap-south-1
svc-search,search-api,2025-04-19T09:00:00Z,200,0.711,s,agent-1,ap-south-1
svc-reports,reports-api,2025-04-21T16:15:00Z,200,533,ms,agent-1,ap-south-1
svc-auth,auth-api,2025-04-18T00:45:00Z,200,106,ms,agent-1,ap-south-1
svc-auth,auth-api,2025-04-21T10:00:00Z,200,149,ms,agent-1,ap-south-1
svc-payments,payments-api,2025-04-16T03:00:00Z,200,462,ms,agent-1,ap-south-1
svc-payments,payments-api,2025-04-15T10:30:00Z,200,283,ms,agent-1,ap-south-1
svc-search,search-api,2025-04-15T13:00:00Z,200,0.691,s,agent-1,ap-south-1
svc-search,search-api,2025-04-18T07:30:00Z,200,0.614,s,agent-2,ap-south-1
svc-notify,notify-worker,2025-04-15T01:00:00Z,200,79,ms,agent-1,ap-south-1
svc-reports,reports-api,2025-04-11T13:30:00Z,200,632,ms,agent-1,ap-south-1
svc-payments,payments-api,2025-04-16T20:45:00Z,200,281,ms,agent-1,ap-south-1
svc-payments,payments-api,2025-04-12T22:30:00Z,200,372,ms,agent-1,ap-south-1
svc-reports,reports-api,2025-04-10T23:15:00Z,200,463,ms,agent-1,ap-south-1
svc-auth,auth-api,2025-04-11T23:15:00Z,200,178,ms,agent-1,ap-south-1
svc-auth,auth-api,2025-04-18T04:15:00Z,200,158,ms,agent-1,ap-south-1
svc-notify,notify-worker,1744497900,200,143,ms,agent-1,ap-south-1
svc-payments,payments-api,2025-04-10T09:00:00Z,200,495,ms,agent-1,ap-south-1
svc-search,search-api,2025-04-16T08:30:00Z,200,0.52,s,agent-1,ap-south-1
svc-reports,reports-api,2025-04-21T17:30:00Z,200,734,ms,agent-1,ap-south-1
svc-reports,reports-api,2025-04-16T06:30:00Z,503,535,ms,agent-1,ap-south-1
svc-payments,payments-api,2025-04-19T13:15:00Z,200,355,ms,agent-1,ap-south-1
svc-reports,reports-api,2025-04-20T14:30:00Z,200,614,ms,agent-1,ap-south-1
svc-reports,reports-api,2025-04-19T21:15:00Z,200,670,ms,agent-1,ap-south-1
svc-notify,notify-worker,2025-04-14T08:00:00Z,200,110,ms,agent-1,ap-south-1
svc-auth,auth-api,2025-04-19T20:30:00Z,200,144,ms,agent-1,ap-south-1
svc-notify,notify-worker,2025-04-15T05:30:00Z,200,115,ms,agent-1,ap-south-1
svc-payments,payments-api,2025-04-19T17:30:00Z,200,290,ms,agent-1,ap-south-1
svc-notify,notify-worker,2025-04-20T11:30:00Z,200,83,ms,agent-1,ap-south-1
svc-notify,notify-worker,2025-04-14T17:30:00Z,200,101,ms,agent-1,ap-south-1
svc-search,search-api,2025-04-10T18:45:00Z,200,0.671,s,agent-1,ap-south-1
svc-payments,payments-api,2025-04-11T11:45:00Z,200,427,ms,agent-1,ap-south-1
svc-reports,reports-api,2025-04-17T10:15:00Z,200,833,ms,agent-1,ap-south-1
svc-payments,payments-api,2025-04-17T03:45:00Z,200,412,ms,agent-2,ap-south-1
svc-payments,payments-api,2025-04-13T03:00:00Z,200,435,ms,agent-1,ap-south-1
svc-reports,reports-api,2025-04-19T18:15:00Z,200,711,ms,agent-1,ap-south-1
svc-auth,auth-api,2025-04-16T06:00:00Z,200,179,ms,agent-2,ap-south-1
svc-reports,reports-api,2025-04-10T05:15:00Z,200,577,ms,agent-1,ap-south-1
svc-auth,auth-api,2025-04-11T22:30:00Z,200,109,ms,agent-1,ap-south-1
svc-auth,auth-api,2025-04-15T21:00:00Z,200,132,ms,agent-1,ap-south-1
svc-search,search-api,2025-04-19T01:45:00Z,200,0.607,s,agent-1,ap-south-1
svc-auth,auth-api,2025-04-18T23:15:00Z,200,119,ms,agent-1,ap-south-1
svc-notify,notify-worker,2025-04-12T07:45:00Z,200,107,ms,agent-1,ap-south-1
svc-notify,notify-worker,2025-04-18T06:00:00Z,200,120,ms,agent-1,ap-south-1
svc-search,search-api,2025-04-20T09:15:00Z,200,0.524,s,agent-1,ap-south-1
svc-notify,notify-worker,2025-04-12T06:30:00Z,200,94,ms,agent-1,ap-south-1
svc-payments,payments-api,2025-04-18T18:30:00Z,200,369,ms,agent-1,ap-south-1
svc-auth,auth-api,2025-04-10T10:30:00Z,200,181,ms,agent-1,ap-south-1
svc-notify,notify-worker,2025-04-19T22:30:00Z,200,101,ms,agent-1,ap-south-1
svc-notify,notify-worker,2025-04-12T05:30:00Z,200,139,ms,agent-1,ap-south-1
svc-payments,payments-api,2025-04-15T03:00:00Z,200,359,ms,agent-1,ap-south-1
svc-auth,auth-api,2025-04-19T03:45:00Z,500,197,ms,agent-2,ap-south-1
svc-payments,payments-api,2025-04-18T09:45:00Z,200,386,ms,agent-1,ap-south-1
svc-payments,payments-api,2025-04-11T03:00:00Z,200,412,ms,agent-1,ap-south-1
svc-search,search-api,2025-04-21T17:15:00Z,200,,s,agent-1,ap-south-1
svc-notify,notify-worker,2025-04-21T17:15:00Z,200,135,ms,agent-1,ap-south-1
svc-notify,notify-worker,2025-04-17T02:00:00Z,200,128,ms,agent-1,ap-south-1
svc-reports,reports-api,2025-04-13T06:30:00Z,200,440,ms,agent-1,ap-south-1
svc-payments,payments-api,2025-04-11T19:00:00Z,200,263,ms,agent-1,ap-south-1
svc-auth,auth-api,2025-04-14T10:30:00Z,200,102,ms,agent-1,ap-south-1
svc-search,search-api,2025-04-13T21:30:00Z,200,0.7,s,agent-1,ap-south-1
svc-reports,reports-api,2025-04-10T01:00:00Z,200,516,ms,agent-1,ap-south-1
svc-search,search-api,2025-04-10T20:30:00Z,200,0.714,s,agent-1,ap-south-1
svc-payments,payments-api,2025-04-20T19:45:00Z,200,471,ms,agent-1,ap-south-1
svc-search,search-api,2025-04-10T01:30:00Z,200,0.47,s,agent-1,ap-south-1
svc-reports,reports-api,2025-04-14T11:15:00Z,200,647,ms,agent-1,ap-south-1
svc-auth,auth-api,2025-04-18T03:15:00Z,200,159,ms,agent-1,ap-south-1
svc-notify,notify-worker,2025-04-16T09:30:00Z,200,137,ms,agent-1,ap-south-1
svc-reports,reports-api,2025-04-19T05:15:00Z,200,764,ms,agent-1,ap-south-1
svc-reports,reports-api,2025-04-18T09:45:00Z,200,812,ms,agent-1,ap-south-1
svc-auth,auth-api,2025-04-12T12:00:00Z,200,147,ms,agent-1,ap-south-1
svc-search,search-api,2025-04-10T02:00:00Z,200,0.657,s,agent-1,ap-south-1
svc-reports,reports-api,2025-04-13T17:30:00Z,503,497,ms,agent-1,ap-south-1
svc-auth,auth-api,2025-04-21T01:00:00Z,200,173,ms,agent-1,ap-south-1
svc-auth,auth-api,2025-04-10T23:00:00Z,200,129,ms,agent-1,ap-south-1
svc-payments,payments-api,2025-04-12T06:45:00Z,200,434,ms,agent-2,ap-south-1
svc-payments,payments-api,2025-04-19T16:00:00Z,200,485,ms,agent-1,ap-south-1
svc-auth,auth-api,2025-04-20T23:00:00Z,200,161,ms,agent-1,ap-south-1
svc-reports,reports-api,2025-04-12T19:15:00Z,200,497,ms,agent-1,ap-south-1
svc-search,search-api,2025-04-18T14:00:00Z,200,0.584,s,agent-1,ap-south-1
svc-payments,payments-api,2025-04-20T12:30:00Z,200,326,ms,agent-2,ap-south-1
svc-payments,payments-api,2025-04-17T00:30:00Z,200,427,ms,agent-2,ap-south-1
svc-notify,notify-worker,2025-04-14T20:00:00Z,200,148,ms,agent-1,ap-south-1
svc-notify,notify-worker,2025-04-17T09:00:00Z,200,97,ms,agent-1,ap-south-1
svc-search,search-api,2025-04-11T20:45:00Z,200,0.567,s,agent-1,ap-south-1
svc-reports,reports-api,2025-04-16T03:00:00Z,200,,ms,agent-2,ap-south-1
svc-reports,reports-api,2025-04-20T15:15:00Z,200,703,ms,agent-1,ap-south-1
svc-reports,reports-api,2025-04-20T10:15:00Z,200,604,ms,agent-1,ap-south-1
svc-reports,reports-api,2025-04-12T22:45:00Z,200,495,ms,agent-1,ap-south-1
svc-auth,auth-api,2025-04-12T08:00:00Z,200,154,ms,agent-1,ap-south-1
svc-reports,reports-api,2025-04-11T02:30:00Z,200,558,ms,agent-1,ap-south-1
svc-notify,notify-worker,2025-04-15T06:45:00Z,200,89,ms,agent-1,ap-south-1
svc-search,search-api,2025-04-18T20:15:00Z,200,0.42,s,agent-1,ap-south-1
svc-auth,auth-api,2025-04-20T21:45:00Z,200,118,ms,agent-1,ap-south-1
svc-reports,reports-api,2025-04-14T07:30:00Z,200,527,ms,agent-1,ap-south-1
svc-notify,notify-worker,2025-04-21T13:15:00Z,200,94,ms,agent-1,ap-south-1
svc-auth,auth-api,2025-04-17T20:30:00Z,200,156,ms,agent-1,ap-south-1
svc-reports,reports-api,2025-04-17T23:30:00Z,200,785,ms,agent-1,ap-south-1
svc-payments,payments-api,2025-04-15T08:15:00Z,200,465,ms,agent-1,ap-south-1
svc-notify,notify-worker,2025-04-19T20:30:00Z,200,133,ms,agent-1,ap-south-1
svc-auth,auth-api,2025-04-12T19:30:00Z,200,190,ms,agent-1,ap-south-1
svc-payments,payments-api,2025-04-13T15:00:00Z,200,417,ms,agent-2,ap-south-1
svc-search,search-api,2025-04-19T21:15:00Z,200,0.482,s,agent-1,ap-south-1
svc-auth,auth-api,2025-04-17T13:15:00Z,200,122,ms,agent-1,ap-south-1
svc-search,search-api,2025-04-11T00:00:00Z,200,0.684,s,agent-1,ap-south-1
svc-auth,auth-api,2025-04-16T15:15:00Z,200,135,ms,agent-1,ap-south-1
svc-search,search-api,2025-04-16T14:30:00Z,200,0.551,s,agent-1,ap-south-1
svc-search,search-api,2025-04-15T22:15:00Z,200,0.367,s,agent-1,ap-south-1
svc-reports,reports-api,2025-04-12T22:30:00Z,200,638,ms,agent-1,ap-south-1
svc-reports,reports-api,2025-04-15T00:45:00Z,200,791,ms,agent-1,ap-south-1
svc-reports,reports-api,2025-04-13T17:00:00Z,200,567,ms,agent-1,ap-south-1
svc-auth,auth-api,2025-04-20T18:00:00Z,200,163,ms,agent-1,ap-south-1
svc-payments,payments-api,2025-04-14T13:00:00Z,200,278,ms,agent-1,ap-south-1
svc-payments,payments-api,2025-04-17T13:45:00Z,200,382,ms,agent-1,ap-south-1
svc-reports,reports-api,2025-04-19T20:00:00Z,200,525,ms,agent-2,ap-south-1
svc-reports,reports-api,2025-04-20T04:15:00Z,200,465,ms,agent-1,ap-south-1
svc-payments,payments-api,2025-04-10T23:45:00Z,200,318,ms,agent-1,ap-south-1
svc-reports,reports-api,2025-04-10T23:45:00Z,200,655,ms,agent-2,ap-south-1
svc-notify,notify-worker,2025-04-11T03:45:00Z,200,108,ms,agent-2,ap-south-1
svc-search,search-api,2025-04-14T06:00:00Z,200,0.501,s,agent-1,ap-south-1
svc-reports,reports-api,2025-04-17T01:45:00Z,200,626,ms,agent-1,ap-south-1
svc-auth,auth-api,2025-04-17T16:15:00Z,200,129,ms,agent-1,ap-south-1
svc-reports,reports-api,2025-04-16T09:15:00Z,200,631,ms,agent-1,ap-south-1
svc-search,search-api,2025-04-20T21:15:00Z,200,0.357,s,agent-2,ap-south-1
svc-auth,auth-api,2025-04-10T10:00:00Z,200,185,ms,agent-1,ap-south-1
svc-payments,payments-api,2025-04-11T09:45:00Z,200,319,ms,agent-1,ap-south-1
svc-search,search-api,2025-04-12T09:30:00Z,200,0.6,s,agent-1,ap-south-1
svc-notify,notify-worker,2025-04-10T16:00:00Z,200,90,ms,agent-1,ap-south-1
svc-payments,payments-api,2025-04-13T19:30:00Z,200,260,ms,agent-1,ap-south-1
svc-search,search-api,2025-04-15T16:30:00Z,200,0.426,s,agent-1,ap-south-1
svc-payments,payments-api,2025-04-21T06:00:00Z,200,306,ms,agent-1,ap-south-1
svc-notify,notify-worker,2025-04-16T17:45:00Z,200,140,ms,agent-1,ap-south-1
svc-auth,auth-api,2025-04-21T11:00:00Z,200,133,ms,agent-1,ap-south-1
svc-reports,reports-api,2025-04-18T00:00:00Z,200,706,ms,agent-1,ap-south-1
svc-reports,reports-api,2025-04-18T08:00:00Z,200,576,ms,agent-1,ap-south-1
svc-search,search-api,2025-04-15T15:30:00Z,200,0.676,s,agent-1,ap-south-1
svc-payments,payments-api,2025-04-11T12:15:00Z,200,333,ms,agent-1,ap-south-1
svc-search,search-api,1744574400,200,0.717,s,agent-1,ap-south-1
svc-payments,payments-api,2025-04-11T01:15:00Z,200,284,ms,agent-1,ap-south-1
svc-reports,reports-api,2025-04-19T03:15:00Z,200,,ms,agent-1,ap-south-1
svc-search,search-api,2025-04-14T03:30:00Z,200,0.479,s,agent-1,ap-south-1
svc-reports,reports-api,2025-04-17T14:15:00Z,200,574,ms,agent-1,ap-south-1
svc-reports,reports-api,2025-04-17T10:00:00Z,200,450,ms,agent-2,ap-south-1
svc-payments,payments-api,2025-04-10T09:45:00Z,200,445,ms,agent-1,ap-south-1
svc-reports,reports-api,2025-04-11T01:30:00Z,200,486,ms,agent-1,ap-south-1
svc-notify,notify-worker,2025-04-14T15:15:00Z,200,142,ms,agent-1,ap-south-1
svc-payments,payments-api,2025-04-19T02:45:00Z,200,277,ms,agent-1,ap-south-1
svc-payments,payments-api,2025-04-13T20:15:00Z,200,273,ms,agent-1,ap-south-1
svc-auth,auth-api,2025-04-16T06:45:00Z,200,128,ms,agent-1,ap-south-1
svc-notify,notify-worker,2025-04-16T01:00:00Z,200,,ms,agent-1,ap-south-1
svc-reports,reports-api,2025-04-11T19:00:00Z,200,603,ms,agent-1,ap-south-1
svc-search,search-api,2025-04-21T12:45:00Z,200,0.639,s,agent-1,ap-south-1
svc-auth,auth-api,2025-04-12T04:45:00Z,200,183,ms,agent-1,ap-south-1
svc-payments,payments-api,2025-04-11T21:00:00Z,200,466,ms,agent-1,ap-south-1
svc-auth,auth-api,2025-04-13T10:15:00Z,200,137,ms,agent-1,ap-south-1
svc-search,search-api,2025-04-13T19:30:00Z,200,0.639,s,agent-1,ap-south-1
svc-auth,auth-api,2025-04-20T22:45:00Z,200,118,ms,agent-1,ap-south-1
svc-search,search-api,2025-04-18T16:30:00Z,200,0.577,s,agent-1,ap-south-1
svc-auth,auth-api,2025-04-20T05:00:00Z,200,108,ms,agent-1,ap-south-1
svc-auth,auth-api,2025-04-17T06:15:00Z,200,134,ms,agent-1,ap-south-1
svc-notify,notify-worker,2025-04-18T03:00:00Z,200,81,ms,agent-1,ap-south-1
svc-reports,reports-api,2025-04-17T14:30:00Z,200,692,ms,agent-1,ap-south-1
svc-notify,notify-worker,2025-04-11T18:45:00Z,200,128,ms,agent-1,ap-south-1
svc-reports,reports-api,2025-04-12T14:45:00Z,200,557,ms,agent-1,ap-south-1
svc-payments,payments-api,2025-04-21T18:15:00Z,200,415,ms,agent-1,ap-south-1
svc-notify,notify-worker,2025-04-19T06:00:00Z,200,86,ms,agent-1,ap-south-1
svc-notify,notify-worker,2025-04-17T06:00:00Z,200,104,ms,agent-1,ap-south-1
svc-reports,reports-api,2025-04-21T11:15:00Z,200,641,ms,agent-1,ap-south-1
svc-auth,auth-api,2025-04-15T21:15:00Z,200,152,ms,agent-1,ap-south-1
svc-reports,reports-api,2025-04-15T11:15:00Z,200,676,ms,agent-1,ap-south-1
svc-reports,reports-api,2025-04-20T19:45:00Z,200,781,ms,agent-1,ap-south-1
svc-auth,auth-api,2025-04-18T18:30:00Z,200,137,ms,agent-1,ap-south-1
svc-auth,auth-api,2025-04-18T02:15:00Z,200,113,ms,agent-1,ap-south-1
svc-notify,notify-worker,1744701300,200,132,ms,agent-1,ap-south-1
svc-notify,notify-worker,2025-04-12T08:00:00Z,200,101,ms,agent-1,ap-south-1
svc-search,search-api,2025-04-19T04:00:00Z,200,0.563,s,agent-1,ap-south-1
svc-search,search-api,2025-04-17T11:15:00Z,200,0.495,s,agent-1,ap-south-1
svc-payments,payments-api,2025-04-10T16:45:00Z,200,461,ms,agent-1,ap-south-1
svc-reports,reports-api,2025-04-12T03:45:00Z,200,852,ms,agent-1,ap-south-1
svc-payments,payments-api,2025-04-18T03:15:00+05:30,200,292,ms,agent-1,ap-south-1
svc-auth,auth-api,2025-04-18T10:30:00Z,200,132,ms,agent-1,ap-south-1
svc-search,search-api,2025-04-16T14:00:00Z,200,0.615,s,agent-1,ap-south-1
svc-search,search-api,2025-04-18T21:30:00Z,200,0.578,s,agent-1,ap-south-1
svc-notify,notify-worker,2025-04-20T10:30:00Z,200,117,ms,agent-2,ap-south-1
svc-notify,notify-worker,2025-04-18T14:30:00Z,200,117,ms,agent-1,ap-south-1
svc-search,search-api,2025-04-17T02:00:00Z,200,0.595,s,agent-1,ap-south-1
svc-search,search-api,2025-04-20T20:30:00Z,200,0.554,s,agent-1,ap-south-1
svc-notify,notify-worker,2025-04-18T07:30:00Z,200,84,ms,agent-1,ap-south-1
svc-notify,notify-worker,2025-04-12T14:15:00Z,200,81,ms,agent-1,ap-south-1
svc-search,search-api,2025-04-16T02:15:00Z,200,0.425,s,agent-1,ap-south-1
svc-auth,auth-api,2025-04-13T11:30:00Z,200,191,ms,agent-1,ap-south-1
svc-notify,notify-worker,2025-04-14T23:30:00Z,200,117,ms,agent-1,ap-south-1
svc-search,search-api,2025-04-13T14:45:00Z,200,0.537,s,agent-1,ap-south-1
svc-auth,auth-api,2025-04-14T05:45:00Z,200,158,ms,agent-1,ap-south-1
svc-reports,reports-api,2025-04-20T08:00:00Z,200,682,ms,agent-1,ap-south-1
svc-auth,auth-api,2025-04-12T02:45:00Z,200,135,ms,agent-1,ap-south-1
svc-reports,reports-api,2025-04-16T23:45:00Z,200,570,ms,agent-1,ap-south-1
svc-reports,reports-api,2025-04-15T09:45:00Z,200,716,ms,agent-1,ap-south-1
svc-reports,reports-api,2025-04-16T14:15:00Z,200,661,ms,agent-1,ap-south-1
svc-search,search-api,2025-04-17T05:30:00Z,200,0.528,s,agent-1,ap-south-1
svc-payments,payments-api,2025-04-17T13:30:00Z,200,279,ms,agent-1,ap-south-1
svc-search,search-api,2025-04-14T23:15:00Z,200,0.46,s,agent-1,ap-south-1
svc-payments,payments-api,2025-04-12T10:15:00Z,200,372,ms,agent-1,ap-south-1
svc-reports,reports-api,2025-04-20T22:15:00Z,200,470,ms,agent-1,ap-south-1
svc-search,search-api,2025-04-10T07:45:00Z,200,0.579,s,agent-2,ap-south-1
svc-reports,reports-api,2025-04-14T15:15:00Z,200,440,ms,agent-1,ap-south-1
svc-payments,payments-api,2025-04-15T09:45:00Z,200,337,ms,agent-1,ap-south-1
svc-reports,reports-api,2025-04-15T05:45:00Z,200,683,ms,agent-1,ap-south-1
svc-auth,auth-api,2025-04-14T21:45:00Z,200,117,ms,agent-2,ap-south-1
svc-payments,payments-api,2025-04-11T18:00:00Z,200,283,ms,agent-1,ap-south-1
svc-auth,auth-api,2025-04-15T05:00:00Z,200,124,ms,agent-2,ap-south-1
svc-notify,notify-worker,2025-04-14T23:15:00Z,200,102,ms,agent-1,ap-south-1
svc-reports,reports-api,2025-04-15T13:45:00Z,200,691,ms,agent-1,ap-south-1
svc-payments,payments-api,2025-04-10T05:00:00Z,200,427,ms,agent-1,ap-south-1
svc-notify,notify-worker,2025-04-20T22:30:00Z,200,136,ms,agent-1,ap-south-1
svc-search,search-api,2025-04-10T01:00:00Z,200,0.418,s,agent-1,ap-south-1
svc-auth,auth-api,2025-04-10T16:30:00Z,200,116,ms,agent-1,ap-south-1
svc-reports,reports-api,2025-04-18T09:00:00Z,200,859,ms,agent-1,ap-south-1
svc-payments,payments-api,2025-04-11T20:30:00Z,200,311,ms,agent-1,ap-south-1
svc-auth,auth-api,2025-04-13T18:30:00Z,200,148,ms,agent-1,ap-south-1
svc-reports,reports-api,2025-04-14T12:45:00Z,200,526,ms,agent-1,ap-south-1
svc-auth,auth-api,2025-04-17T05:00:00Z,200,183,ms,agent-1,ap-south-1
svc-search,search-api,2025-04-15T17:30:00Z,200,0.607,s,agent-1,ap-south-1
svc-payments,payments-api,2025-04-14T12:15:00Z,200,450,ms,agent-1,ap-south-1
svc-auth,auth-api,2025-04-21T13:15:00Z,200,188,ms,agent-1,ap-south-1
svc-notify,notify-worker,2025-04-16T07:15:00Z,200,141,ms,agent-1,ap-south-1
svc-payments,payments-api,2025-04-12T07:15:00Z,200,357,ms,agent-1,ap-south-1
svc-reports,reports-api,2025-04-13T02:00:00Z,200,853,ms,agent-1,ap-south-1
svc-reports,reports-api,2025-04-18T23:15:00Z,200,850,ms,agent-2,ap-south-1
svc-payments,payments-api,2025-04-16T11:00:00Z,200,431,ms,agent-1,ap-south-1
svc-search,search-api,2025-04-12T11:30:00Z,200,0.451,s,agent-1,ap-south-1
svc-payments,payments-api,2025-04-14T01:15:00Z,200,248,ms,agent-1,ap-south-1
svc-search,search-api,2025-04-10T23:00:00Z,200,0.499,s,agent-1,ap-south-1
svc-auth,auth-api,2025-04-10T07:30:00Z,200,157,ms,agent-2,ap-south-1
svc-auth,auth-api,2025-04-20T08:30:00Z,200,169,ms,agent-1,ap-south-1
svc-payments,payments-api,2025-04-10T11:15:00Z,200,350,ms,agent-1,ap-south-1
svc-search,search-api,2025-04-11T05:15:00Z,200,0.513,s,agent-1,ap-south-1
svc-notify,notify-worker,2025-04-19T05:00:00Z,200,94,ms,agent-1,ap-south-1
svc-auth,auth-api,2025-04-12T01:30:00Z,200,182,ms,agent-1,ap-south-1
svc-notify,notify-worker,2025-04-12T17:30:00Z,200,123,ms,agent-1,ap-south-1
svc-search,search-api,2025-04-18T10:15:00Z,200,0.697,s,agent-1,ap-south-1
svc-auth,auth-api,2025-04-14T11:45:00Z,200,147,ms,agent-1,ap-south-1
svc-auth,auth-api,2025-04-15T03:00:00Z,200,153,ms,agent-1,ap-south-1
svc-auth,auth-api,2025-04-16T10:00:00Z,200,110,ms,agent-1,ap-south-1
svc-reports,reports-api,2025-04-21T13:00:00Z,200,627,ms,agent-1,ap-south-1
svc-notify,notify-worker,2025-04-11T06:45:00Z,200,150,ms,agent-1,ap-south-1
svc-payments,payments-api,2025-04-20T16:30:00Z,200,313,ms,agent-1,ap-south-1
svc-notify,notify-worker,2025-04-21T07:15:00Z,200,100,ms,agent-1,ap-south-1
svc-reports,reports-api,2025-04-11T16:15:00Z,200,566,ms,agent-1,ap-south-1
svc-auth,auth-api,2025-04-16T21:30:00Z,200,120,ms,agent-1,ap-south-1
svc-reports,reports-api,2025-04-14T08:45:00Z,200,790,ms,agent-1,ap-south-1
svc-notify,notify-worker,2025-04-18T01:00:00Z,200,136,ms,agent-1,ap-south-1
svc-payments,payments-api,2025-04-16T21:15:00Z,200,483,ms,agent-1,ap-south-1
svc-auth,auth-api,2025-04-19T03:45:00Z,500,187,ms,agent-1,ap-south-1
svc-search,search-api,2025-04-17T08:15:00Z,200,0.698,s,agent-1,ap-south-1
svc-payments,payments-api,2025-04-16T07:15:00Z,200,386,ms,agent-1,ap-south-1
svc-search,search-api,2025-04-14T23:15:00Z,200,0.474,s,agent-2,ap-south-1
svc-notify,notify-worker,2025-04-16T07:00:00Z,200,138,ms,agent-1,ap-south-1
svc-auth,auth-api,2025-04-17T16:30:00Z,200,190,ms,agent-1,ap-south-1
svc-auth,auth-api,2025-04-20T05:45:00Z,200,104,ms,agent-1,ap-south-1
svc-auth,auth-api,2025-04-17T02:45:00Z,200,174,ms,agent-1,ap-south-1
svc-payments,payments-api,2025-04-21T05:00:00Z,200,460,ms,agent-1,ap-south-1
svc-payments,payments-api,2025-04-13T18:30:00Z,200,349,ms,agent-1,ap-south-1
svc-notify,notify-worker,2025-04-14T19:30:00Z,200,85,ms,agent-1,ap-south-1
svc-auth,auth-api,2025-04-10T17:45:00Z,200,102,ms,agent-1,ap-south-1
svc-notify,notify-worker,2025-04-12T10:00:00Z,200,87,ms,agent-1,ap-south-1
svc-payments,payments-api,2025-04-15T17:45:00Z,200,367,ms,agent-1,ap-south-1
svc-reports,reports-api,2025-04-19T12:30:00Z,200,759,ms,agent-1,ap-south-1
svc-search,search-api,2025-04-15T05:45:00Z,200,0.442,s,agent-1,ap-south-1
svc-notify,notify-worker,2025-04-19T16:30:00Z,200,134,ms,agent-1,ap-south-1
svc-reports,reports-api,2025-04-10T16:00:00Z,200,707,ms,agent-1,ap-south-1
svc-notify,notify-worker,2025-04-15T12:15:00Z,200,119,ms,agent-1,ap-south-1
svc-payments,payments-api,2025-04-14T00:30:00Z,200,383,ms,agent-1,ap-south-1
svc-notify,notify-worker,2025-04-18T13:45:00Z,200,148,ms,agent-1,ap-south-1
svc-search,search-api,1744736400,200,0.715,s,agent-2,ap-south-1
svc-payments,payments-api,2025-04-12T22:00:00Z,200,309,ms,agent-2,ap-south-1
svc-reports,reports-api,2025-04-13T10:00:00Z,200,687,ms,agent-2,ap-south-1
svc-notify,notify-worker,2025-04-18T20:15:00Z,200,136,ms,agent-1,ap-south-1
svc-reports,reports-api,2025-04-13T15:45:00Z,200,786,ms,agent-2,ap-south-1
svc-search,search-api,2025-04-10T04:30:00Z,200,0.372,s,agent-1,ap-south-1
svc-reports,reports-api,2025-04-17T20:00:00Z,200,621,ms,agent-1,ap-south-1
svc-reports,reports-api,2025-04-19T06:00:00Z,200,530,ms,agent-1,ap-south-1
svc-auth,auth-api,2025-04-12T03:45:00Z,200,181,ms,agent-1,ap-south-1
svc-search,search-api,2025-04-11T03:30:00Z,200,0.468,s,agent-1,ap-south-1
svc-notify,notify-worker,2025-04-20T09:45:00Z,200,113,ms,agent-1,ap-south-1
svc-auth,auth-api,1744649100,200,131,ms,agent-1,ap-south-1
svc-notify,notify-worker,2025-04-10T03:00:00Z,200,119,ms,agent-1,ap-south-1
svc-auth,auth-api,2025-04-19T12:30:00Z,200,184,ms,agent-1,ap-south-1
svc-notify,notify-worker,2025-04-16T10:30:00Z,200,136,ms,agent-1,ap-south-1
svc-search,search-api,2025-04-16T22:00:00Z,200,0.538,s,agent-1,ap-south-1
svc-search,search-api,2025-04-19T04:45:00Z,200,0.637,s,agent-1,ap-south-1
svc-search,search-api,2025-04-10T19:15:00Z,200,0.718,s,agent-1,ap-south-1
svc-search,search-api,2025-04-12T19:00:00Z,200,0.441,s,agent-2,ap-south-1
svc-payments,payments-api,2025-04-21T01:15:00Z,200,343,ms,agent-1,ap-south-1
svc-payments,payments-api,2025-04-16T22:15:00Z,200,495,ms,agent-1,ap-south-1
svc-notify,notify-worker,2025-04-15T20:15:00Z,200,95,ms,agent-1,ap-south-1
svc-reports,reports-api,2025-04-21T12:15:00Z,200,753,ms,agent-1,ap-south-1
svc-auth,auth-api,2025-04-14T12:15:00Z,200,189,ms,agent-1,ap-south-1
svc-search,search-api,2025-04-17T13:15:00Z,200,0.568,s,agent-1,ap-south-1
svc-payments,payments-api,2025-04-13T05:30:00Z,200,451,ms,agent-1,ap-south-1
svc-notify,notify-worker,2025-04-15T19:45:00Z,200,151,ms,agent-1,ap-south-1
svc-reports,reports-api,2025-04-18T04:00:00Z,200,863,ms,agent-1,ap-south-1
svc-payments,payments-api,2025-04-15T17:00:00Z,200,277,ms,agent-1,ap-south-1
svc-payments,payments-api,2025-04-17T08:45:00Z,200,331,ms,agent-1,ap-south-1
svc-reports,reports-api,2025-04-13T15:15:00Z,200,466,ms,agent-1,ap-south-1
svc-auth,auth-api,2025-04-18T17:00:00Z,200,127,ms,agent-1,ap-south-1
svc-notify,notify-worker,2025-04-20T02:15:00Z,200,149,ms,agent-1,ap-south-1
svc-reports,reports-api,2025-04-14T02:45:00Z,200,830,ms,agent-1,ap-south-1
svc-auth,auth-api,2025-04-20T06:00:00Z,200,146,ms,agent-1,ap-south-1
svc-search,search-api,2025-04-11T04:45:00Z,200,0.606,s,agent-1,ap-south-1
svc-search,search-api,2025-04-21T14:30:00Z,200,0.65,s,agent-1,ap-south-1
svc-reports,reports-api,2025-04-15T06:30:00Z,200,799,ms,agent-1,ap-south-1
svc-auth,auth-api,2025-04-11T11:15:00Z,200,127,ms,agent-1,ap-south-1
svc-search,search-api,2025-04-10T13:00:00Z,200,0.648,s,agent-1,ap-south-1
svc-auth,auth-api,2025-04-19T16:45:00Z,200,,ms,agent-1,ap-south-1
svc-notify,notify-worker,2025-04-19T14:15:00Z,200,-296,ms,agent-1,ap-south-1
svc-search,search-api,2025-04-13T21:00:00Z,200,0.647,s,agent-1,ap-south-1
svc-notify,notify-worker,2025-04-10T11:45:00Z,200,142,ms,agent-1,ap-south-1
svc-payments,payments-api,2025-04-14T08:45:00Z,200,293,ms,agent-1,ap-south-1
svc-auth,auth-api,2025-04-18T06:45:00Z,200,172,ms,agent-1,ap-south-1
svc-notify,notify-worker,2025-04-13T13:30:00Z,200,131,ms,agent-1,ap-south-1
svc-reports,reports-api,2025-04-19T06:15:00Z,200,795,ms,agent-1,ap-south-1
svc-payments,payments-api,2025-04-11T08:30:00Z,200,287,ms,agent-1,ap-south-1
svc-notify,notify-worker,1744703100,200,107,ms,agent-1,ap-south-1
svc-search,search-api,2025-04-21T07:00:00Z,200,0.648,s,agent-1,ap-south-1
svc-search,search-api,2025-04-21T23:00:00Z,200,0.603,s,agent-1,ap-south-1
svc-payments,payments-api,2025-04-13T21:15:00Z,200,390,ms,agent-1,ap-south-1
svc-payments,payments-api,2025-04-19T00:30:00Z,200,322,ms,agent-1,ap-south-1
svc-payments,payments-api,2025-04-12T13:00:00Z,200,488,ms,agent-1,ap-south-1
svc-auth,auth-api,2025-04-21T07:30:00Z,200,143,ms,agent-2,ap-south-1
svc-search,search-api,2025-04-17T18:30:00Z,200,0.442,s,agent-1,ap-south-1
svc-payments,payments-api,2025-04-21T19:00:00Z,200,474,ms,agent-1,ap-south-1
svc-auth,auth-api,2025-04-20T12:30:00Z,200,143,ms,agent-1,ap-south-1
svc-auth,auth-api,2025-04-17T20:45:00Z,200,143,ms,agent-1,ap-south-1
svc-payments,payments-api,2025-04-15T05:00:00Z,200,409,ms,agent-1,ap-south-1
svc-auth,auth-api,2025-04-14T23:00:00Z,200,157,ms,agent-2,ap-south-1
svc-notify,notify-worker,2025-04-18T00:45:00Z,200,121,ms,agent-1,ap-south-1
svc-payments,payments-api,2025-04-11T07:15:00Z,200,385,ms,agent-1,ap-south-1
svc-search,search-api,2025-04-12T14:30:00Z,200,0.706,s,agent-1,ap-south-1
svc-reports,reports-api,2025-04-16T11:45:00Z,200,436,ms,agent-1,ap-south-1
svc-payments,payments-api,2025-04-14T16:15:00Z,200,312,ms,agent-1,ap-south-1
svc-payments,payments-api,2025-04-21T17:00:00Z,200,327,ms,agent-1,ap-south-1
svc-search,search-api,2025-04-20T04:00:00Z,200,0.61,s,agent-1,ap-south-1
svc-notify,notify-worker,2025-04-19T16:45:00Z,200,112,ms,agent-1,ap-south-1
svc-auth,auth-api,2025-04-13T03:15:00Z,200,133,ms,agent-1,ap-south-1
svc-auth,auth-api,2025-04-15T16:15:00Z,200,103,ms,agent-1,ap-south-1
svc-reports,reports-api,2025-04-17T04:00:00Z,200,564,ms,agent-1,ap-south-1
svc-reports,reports-api,2025-04-20T11:45:00Z,200,489,ms,agent-1,ap-south-1
svc-auth,auth-api,2025-04-17T12:30:00Z,200,132,ms,agent-1,ap-south-1
svc-payments,payments-api,2025-04-15T03:30:00Z,200,323,ms,agent-1,ap-south-1
svc-reports,reports-api,2025-04-16T12:45:00Z,200,697,ms,agent-1,ap-south-1
svc-auth,auth-api,2025-04-20T17:00:00Z,200,119,ms,agent-1,ap-south-1
svc-notify,notify-worker,2025-04-10T02:30:00Z,200,148,ms,agent-1,ap-south-1
svc-notify,notify-worker,2025-04-12T17:00:00Z,200,108,ms,agent-1,ap-south-1
svc-payments,payments-api,2025-04-21T03:45:00Z,200,254,ms,agent-1,ap-south-1
svc-search,search-api,2025-04-17T17:00:00Z,200,0.616,s,agent-1,ap-south-1
svc-payments,payments-api,2025-04-10T17:00:00Z,200,258,ms,agent-1,ap-south-1
svc-notify,notify-worker,2025-04-15T23:00:00Z,200,112,ms,agent-1,ap-south-1
svc-auth,auth-api,2025-04-12T02:15:00Z,200,96,ms,agent-1,ap-south-1
svc-notify,notify-worker,2025-04-14T11:45:00Z,200,121,ms,agent-1,ap-south-1
svc-payments,payments-api,2025-04-14T09:30:00Z,200,465,ms,agent-1,ap-south-1
svc-search,search-api,2025-04-20T21:00:00Z,200,0.585,s,agent-1,ap-south-1
svc-reports,reports-api,2025-04-20T11:00:00Z,200,645,ms,agent-1,ap-south-1
svc-notify,notify-worker,2025-04-19T12:00:00Z,200,79,ms,agent-1,ap-south-1
svc-reports,reports-api,2025-04-16T02:00:00Z,200,817,ms,agent-1,ap-south-1
svc-reports,reports-api,2025-04-18T00:15:00Z,200,820,ms,agent-1,ap-south-1
svc-search,search-api,2025-04-11T23:00:00Z,200,0.662,s,agent-2,ap-south-1
svc-notify,notify-worker,2025-04-11T15:30:00Z,200,139,ms,agent-1,ap-south-1
svc-auth,auth-api,2025-04-17T03:00:00Z,200,178,ms,agent-1,ap-south-1
svc-reports,reports-api,2025-04-16T02:45:00Z,200,633,ms,agent-1,ap-south-1
svc-payments,payments-api,2025-04-21T23:00:00Z,200,276,ms,agent-1,ap-south-1
svc-notify,notify-worker,2025-04-10T15:45:00Z,200,80,ms,agent-1,ap-south-1
svc-search,search-api,2025-04-19T23:45:00Z,200,0.632,s,agent-1,ap-south-1
svc-auth,auth-api,2025-04-14T03:45:00Z,200,187,ms,agent-1,ap-south-1
svc-notify,notify-worker,2025-04-12T18:15:00Z,200,149,ms,agent-1,ap-south-1
svc-payments,payments-api,2025-04-18T11:00:00Z,200,326,ms,agent-1,ap-south-1
svc-reports,reports-api,2025-04-21T09:00:00Z,200,819,ms,agent-1,ap-south-1
svc-payments,payments-api,2025-04-17T19:15:00Z,200,418,ms,agent-1,ap-south-1
svc-auth,auth-api,2025-04-16T13:15:00Z,200,131,ms,agent-1,ap-south-1
svc-payments,payments-api,2025-04-11T02:30:00Z,200,457,ms,agent-1,ap-south-1
svc-reports,reports-api,2025-04-13T21:45:00Z,200,757,ms,agent-1,ap-south-1
svc-search,search-api,2025-04-20T14:45:00Z,200,0.63,s,agent-1,ap-south-1
svc-notify,notify-worker,2025-04-10T04:45:00Z,200,77,ms,agent-1,ap-south-1
svc-reports,reports-api,2025-04-10T05:00:00Z,200,529,ms,agent-1,ap-south-1
svc-payments,payments-api,2025-04-11T14:45:00Z,200,413,ms,agent-1,ap-south-1
svc-notify,notify-worker,2025-04-14T04:45:00Z,200,119,ms,agent-1,ap-south-1
svc-reports,reports-api,2025-04-19T00:15:00Z,200,708,ms,agent-1,ap-south-1
svc-reports,reports-api,2025-04-10T22:30:00Z,200,571,ms,agent-1,ap-south-1
svc-payments,payments-api,2025-04-20T03:15:00Z,200,466,ms,agent-1,ap-south-1
svc-search,search-api,2025-04-21T22:15:00Z,200,0.619,s,agent-1,ap-south-1
svc-auth,auth-api,2025-04-15T13:00:00Z,200,172,ms,agent-1,ap-south-1
svc-payments,payments-api,2025-04-19T08:00:00Z,200,408,ms,agent-1,ap-south-1
svc-notify,notify-worker,2025-04-18T09:45:00Z,200,142,ms,agent-1,ap-south-1
svc-payments,payments-api,2025-04-12T20:45:00Z,200,353,ms,agent-1,ap-south-1
svc-payments,payments-api,2025-04-13T02:30:00Z,200,376,ms,agent-1,ap-south-1
svc-auth,auth-api,2025-04-10T00:45:00Z,200,128,ms,agent-1,ap-south-1
svc-search,search-api,2025-04-11T18:45:00Z,200,0.369,s,agent-1,ap-south-1
svc-payments,payments-api,2025-04-15T14:00:00Z,200,484,ms,agent-1,ap-south-1
svc-reports,reports-api,2025-04-11T23:15:00Z,200,457,ms,agent-1,ap-south-1
svc-notify,notify-worker,2025-04-19T07:00:00Z,200,97,ms,agent-1,ap-south-1
svc-reports,reports-api,2025-04-17T10:45:00Z,200,848,ms,agent-1,ap-south-1
svc-auth,auth-api,2025-04-10T22:45:00Z,200,161,ms,agent-1,ap-south-1
svc-notify,notify-worker,2025-04-14T07:00:00Z,200,88,ms,agent-1,ap-south-1
svc-reports,reports-api,2025-04-14T00:00:00Z,200,603,ms,agent-1,ap-south-1
svc-payments,payments-api,2025-04-12T01:00:00Z,200,485,ms,agent-1,ap-south-1
svc-reports,reports-api,2025-04-12T15:15:00Z,200,512,ms,agent-1,ap-south-1
svc-search,search-api,2025-04-21T06:00:00Z,200,0.71,s,agent-1,ap-south-1
svc-notify,notify-worker,2025-04-13T10:15:00Z,200,96,ms,agent-1,ap-south-1
svc-reports,reports-api,2025-04-16T20:45:00Z,200,453,ms,agent-1,ap-south-1
svc-auth,auth-api,2025-04-15T17:45:00Z,200,107,ms,agent-1,ap-south-1
svc-notify,notify-worker,2025-04-17T12:00:00Z,200,94,ms,agent-2,ap-south-1
svc-payments,payments-api,2025-04-20T09:30:00Z,200,460,ms,agent-1,ap-south-1
svc-notify,notify-worker,2025-04-16T01:30:00Z,200,132,ms,agent-1,ap-south-1
svc-notify,notify-worker,2025-04-17T19:30:00Z,200,82,ms,agent-1,ap-south-1
svc-reports,reports-api,2025-04-20T08:30:00Z,200,454,ms,agent-1,ap-south-1
svc-reports,reports-api,2025-04-21T19:15:00Z,200,627,ms,agent-1,ap-south-1
svc-search,search-api,2025-04-15T13:45:00Z,200,0.388,s,agent-1,ap-south-1
svc-auth,auth-api,2025-04-16T00:15:00Z,200,174,ms,agent-1,ap-south-1
svc-auth,auth-api,2025-04-10T05:15:00Z,200,128,ms,agent-1,ap-south-1
svc-reports,reports-api,2025-04-13T07:00:00Z,200,444,ms,agent-1,ap-south-1
svc-reports,reports-api,2025-04-17T23:00:00Z,200,819,ms,agent-1,ap-south-1
svc-notify,notify-worker,2025-04-11T07:00:00Z,200,140,ms,agent-1,ap-south-1
svc-reports,reports-api,2025-04-16T09:30:00Z,200,645,ms,agent-1,ap-south-1
svc-payments,payments-api,2025-04-20T07:30:00Z,200,356,ms,agent-1,ap-south-1
svc-notify,notify-worker,2025-04-18T11:45:00Z,200,96,ms,agent-1,ap-south-1
svc-notify,notify-worker,2025-04-20T00:00:00Z,200,78,ms,agent-1,ap-south-1
svc-reports,reports-api,2025-04-13T03:30:00Z,200,859,ms,agent-1,ap-south-1
svc-auth,auth-api,2025-04-19T06:30:00+05:30,200,99,ms,agent-1,ap-south-1
svc-search,search-api,2025-04-19T16:15:00Z,200,0.457,s,agent-1,ap-south-1
svc-payments,payments-api,2025-04-18T13:30:00Z,200,453,ms,agent-1,ap-south-1
svc-notify,notify-worker,2025-04-16T07:30:00Z,502,142,ms,agent-1,ap-south-1
svc-reports,reports-api,2025-04-11T07:45:00Z,200,497,ms,agent-1,ap-south-1
svc-payments,payments-api,2025-04-15T06:15:00Z,200,317,ms,agent-1,ap-south-1
svc-search,search-api,2025-04-12T01:15:00Z,200,0.536,s,agent-1,ap-south-1
svc-notify,notify-worker,2025-04-20T08:00:00Z,200,119,ms,agent-1,ap-south-1
svc-auth,auth-api,2025-04-14T14:45:00Z,200,177,ms,agent-1,ap-south-1
svc-notify,notify-worker,2025-04-20T16:45:00Z,200,131,ms,agent-1,ap-south-1
svc-payments,payments-api,2025-04-17T07:15:00Z,200,393,ms,agent-1,ap-south-1
svc-payments,payments-api,2025-04-10T22:45:00Z,200,319,ms,agent-1,ap-south-1
svc-auth,auth-api,2025-04-11T15:45:00Z,200,167,ms,agent-1,ap-south-1
svc-auth,auth-api,2025-04-20T19:45:00Z,200,178,ms,agent-1,ap-south-1
svc-search,search-api,2025-04-16T05:15:00Z,200,0.423,s,agent-1,ap-south-1
svc-search,search-api,2025-04-14T08:45:00Z,200,0.386,s,agent-1,ap-south-1
svc-reports,reports-api,2025-04-15T10:00:00Z,200,649,ms,agent-1,ap-south-1
svc-reports,reports-api,2025-04-15T13:30:00Z,200,597,ms,agent-1,ap-south-1
svc-notify,notify-worker,2025-04-20T02:30:00Z,200,143,ms,agent-1,ap-south-1
svc-auth,auth-api,2025-04-20T20:00:00Z,200,97,ms,agent-1,ap-south-1
svc-notify,notify-worker,2025-04-11T17:45:00Z,200,82,ms,agent-1,ap-south-1
svc-notify,notify-worker,2025-04-17T09:15:00Z,200,152,ms,agent-2,ap-south-1
svc-notify,notify-worker,2025-04-14T13:45:00Z,200,82,ms,agent-1,ap-south-1
svc-auth,auth-api,2025-04-21T17:15:00Z,200,118,ms,agent-1,ap-south-1
svc-auth,auth-api,2025-04-15T02:45:00Z,200,102,ms,agent-2,ap-south-1
svc-notify,notify-worker,2025-04-14T01:15:00Z,200,145,ms,agent-1,ap-south-1
svc-payments,payments-api,2025-04-19T00:15:00Z,200,407,ms,agent-1,ap-south-1
svc-auth,auth-api,2025-04-20T07:15:00Z,200,101,ms,agent-1,ap-south-1
svc-notify,notify-worker,2025-04-20T05:45:00Z,200,122,ms,agent-1,ap-south-1
svc-auth,auth-api,2025-04-16T20:00:00Z,200,174,ms,agent-1,ap-south-1
svc-auth,auth-api,2025-04-17T17:30:00Z,200,182,ms,agent-1,ap-south-1
svc-auth,auth-api,2025-04-12T11:45:00Z,200,108,ms,agent-1,ap-south-1
svc-auth,auth-api,2025-04-20T22:15:00Z,500,105,ms,agent-1,ap-south-1
svc-notify,notify-worker,2025-04-18T15:45:00Z,200,87,ms,agent-1,ap-south-1
svc-search,search-api,2025-04-13T20:15:00Z,200,0.392,s,agent-2,ap-south-1
svc-payments,payments-api,2025-04-18T11:15:00Z,200,259,ms,agent-1,ap-south-1
svc-reports,reports-api,2025-04-11T01:15:00Z,200,663,ms,agent-1,ap-south-1
svc-search,search-api,2025-04-17T06:30:00Z,200,0.482,s,agent-1,ap-south-1
svc-auth,auth-api,2025-04-13T17:15:00Z,200,181,ms,agent-1,ap-south-1
svc-notify,notify-worker,2025-04-21T09:00:00Z,200,109,ms,agent-1,ap-south-1
svc-search,search-api,2025-04-14T06:30:00Z,200,0.448,s,agent-1,ap-south-1
svc-reports,reports-api,2025-04-10T22:45:00Z,200,633,ms,agent-1,ap-south-1
svc-reports,reports-api,2025-04-18T12:30:00Z,200,680,ms,agent-1,ap-south-1
svc-reports,reports-api,2025-04-17T18:30:00Z,200,505,ms,agent-1,ap-south-1
svc-notify,notify-worker,2025-04-12T08:45:00Z,200,124,ms,agent-1,ap-south-1
svc-notify,notify-worker,2025-04-16T17:00:00Z,200,151,ms,agent-1,ap-south-1
svc-payments,payments-api,2025-04-12T11:30:00Z,200,463,ms,agent-1,ap-south-1
svc-notify,notify-worker,2025-04-14T18:00:00Z,200,76,ms,agent-1,ap-south-1
svc-reports,reports-api,2025-04-12T01:30:00Z,200,620,ms,agent-1,ap-south-1
svc-notify,notify-worker,2025-04-20T00:45:00Z,200,,ms,agent-1,ap-south-1
svc-payments,payments-api,2025-04-11T00:45:00+05:30,200,362,ms,agent-1,ap-south-1
svc-reports,reports-api,2025-04-19T04:15:00Z,200,735,ms,agent-1,ap-south-1
svc-payments,payments-api,2025-04-14T21:30:00Z,200,315,ms,agent-1,ap-south-1
svc-auth,auth-api,2025-04-13T04:30:00Z,200,156,ms,agent-1,ap-south-1
svc-search,search-api,2025-04-15T18:30:00Z,200,0.555,s,agent-1,ap-south-1
svc-reports,reports-api,2025-04-20T13:15:00Z,200,848,ms,agent-1,ap-south-1
svc-reports,reports-api,2025-04-13T00:00:00Z,200,470,ms,agent-1,ap-south-1
svc-reports,reports-api,2025-04-21T22:15:00Z,200,751,ms,agent-1,ap-south-1
svc-reports,reports-api,2025-04-14T07:15:00Z,200,819,ms,agent-1,ap-south-1
svc-search,search-api,2025-04-21T18:00:00Z,200,0.693,s,agent-1,ap-south-1
svc-search,search-api,2025-04-21T01:15:00Z,500,0.622,s,agent-1,ap-south-1
svc-search,search-api,2025-04-20T11:15:00Z,200,0.664,s,agent-1,ap-south-1
svc-notify,notify-worker,2025-04-18T05:30:00Z,200,132,ms,agent-1,ap-south-1
svc-auth,auth-api,2025-04-18T20:30:00Z,200,99,ms,agent-1,ap-south-1
svc-reports,reports-api,2025-04-10T19:30:00Z,200,765,ms,agent-1,ap-south-1
svc-search,search-api,2025-04-10T10:30:00Z,200,0.588,s,agent-1,ap-south-1
svc-reports,reports-api,2025-04-14T09:00:00Z,200,537,ms,agent-1,ap-south-1
svc-payments,payments-api,2025-04-14T22:15:00Z,200,250,ms,agent-1,ap-south-1
svc-auth,auth-api,2025-04-20T03:45:00Z,200,105,ms,agent-1,ap-south-1
svc-reports,reports-api,2025-04-11T23:45:00Z,200,699,ms,agent-1,ap-south-1
svc-notify,notify-worker,2025-04-18T15:00:00Z,200,79,ms,agent-1,ap-south-1
svc-search,search-api,2025-04-20T17:15:00Z,200,0.399,s,agent-1,ap-south-1
svc-search,search-api,2025-04-10T01:45:00Z,200,0.626,s,agent-1,ap-south-1
svc-search,search-api,2025-04-20T23:15:00Z,200,0.459,s,agent-1,ap-south-1
svc-notify,notify-worker,2025-04-14T18:15:00Z,200,121,ms,agent-1,ap-south-1
svc-auth,auth-api,2025-04-12T23:45:00Z,200,141,ms,agent-1,ap-south-1
svc-auth,auth-api,2025-04-20T11:45:00Z,200,143,ms,agent-1,ap-south-1
svc-notify,notify-worker,2025-04-17T12:00:00Z,200,94,ms,agent-1,ap-south-1
svc-payments,payments-api,2025-04-18T08:15:00Z,200,293,ms,agent-1,ap-south-1
svc-reports,reports-api,2025-04-16T23:15:00Z,200,812,ms,agent-1,ap-south-1
svc-payments,payments-api,2025-04-12T12:45:00Z,200,281,ms,agent-1,ap-south-1
svc-reports,reports-api,2025-04-13T22:00:00Z,200,781,ms,agent-1,ap-south-1
svc-reports,reports-api,2025-04-11T18:15:00Z,503,772,ms,agent-1,ap-south-1
svc-reports,reports-api,2025-04-17T19:00:00Z,200,551,ms,agent-1,ap-south-1
svc-auth,auth-api,2025-04-10T13:15:00Z,200,171,ms,agent-1,ap-south-1
svc-payments,payments-api,2025-04-17T18:15:00Z,200,310,ms,agent-1,ap-south-1
svc-payments,payments-api,2025-04-21T15:15:00Z,200,382,ms,agent-1,ap-south-1
svc-payments,payments-api,2025-04-20T20:15:00Z,200,290,ms,agent-1,ap-south-1
svc-search,search-api,2025-04-21T08:45:00Z,200,0.405,s,agent-1,ap-south-1
svc-notify,notify-worker,2025-04-19T17:45:00Z,200,85,ms,agent-1,ap-south-1
svc-notify,notify-worker,1745270100,200,133,ms,agent-1,ap-south-1
svc-payments,payments-api,2025-04-21T11:15:00Z,200,355,ms,agent-1,ap-south-1
svc-notify,notify-worker,2025-04-12T02:15:00Z,200,133,ms,agent-1,ap-south-1
svc-notify,notify-worker,2025-04-15T13:15:00Z,200,120,ms,agent-1,ap-south-1
svc-notify,notify-worker,2025-04-15T12:00:00Z,200,138,ms,agent-1,ap-south-1
svc-payments,payments-api,2025-04-19T23:15:00Z,200,464,ms,agent-1,ap-south-1
svc-payments,payments-api,2025-04-18T11:45:00Z,200,478,ms,agent-1,ap-south-1
svc-reports,reports-api,2025-04-11T18:30:00Z,200,844,ms,agent-1,ap-south-1
svc-payments,payments-api,2025-04-12T00:30:00Z,200,446,ms,agent-1,ap-south-1
svc-payments,payments-api,2025-04-17T12:30:00Z,200,389,ms,agent-1,ap-south-1
svc-auth,auth-api,2025-04-14T21:30:00Z,200,122,ms,agent-1,ap-south-1
svc-notify,notify-worker,2025-04-13T09:30:00Z,200,78,ms,agent-1,ap-south-1
svc-payments,payments-api,2025-04-16T11:15:00Z,200,290,ms,agent-1,ap-south-1
svc-notify,notify-worker,2025-04-20T09:00:00Z,200,112,ms,agent-1,ap-south-1
svc-auth,auth-api,2025-04-17T18:15:00Z,200,133,ms,agent-1,ap-south-1
svc-search,search-api,2025-04-12T02:45:00Z,200,0.592,s,agent-1,ap-south-1
svc-reports,reports-api,2025-04-13T21:00:00Z,200,455,ms,agent-1,ap-south-1
svc-notify,notify-worker,2025-04-17T04:00:00Z,200,85,ms,agent-2,ap-south-1
svc-search,search-api,2025-04-18T19:00:00Z,200,0.567,s,agent-1,ap-south-1
svc-payments,payments-api,2025-04-20T11:30:00Z,200,377,ms,agent-2,ap-south-1
svc-search,search-api,2025-04-18T23:15:00Z,200,0.531,s,agent-1,ap-south-1
svc-auth,auth-api,2025-04-15T17:00:00Z,200,167,ms,agent-1,ap-south-1
svc-reports,reports-api,2025-04-19T16:30:00Z,200,748,ms,agent-2,ap-south-1
svc-notify,notify-worker,2025-04-10T01:45:00Z,200,149,ms,agent-1,ap-south-1
svc-reports,reports-api,2025-04-11T07:00:00Z,200,588,ms,agent-1,ap-south-1
svc-notify,notify-worker,2025-04-16T04:15:00Z,200,101,ms,agent-1,ap-south-1
svc-search,search-api,2025-04-17T19:30:00Z,200,0.434,s,agent-1,ap-south-1
svc-notify,notify-worker,2025-04-21T23:30:00Z,200,113,ms,agent-1,ap-south-1
svc-search,search-api,2025-04-20T07:00:00Z,200,0.523,s,agent-1,ap-south-1
svc-payments,payments-api,2025-04-20T15:00:00Z,200,252,ms,agent-1,ap-south-1
svc-notify,notify-worker,2025-04-12T23:00:00Z,200,109,ms,agent-1,ap-south-1
svc-search,search-api,2025-04-14T01:15:00Z,200,0.403,s,agent-1,ap-south-1
svc-reports,reports-api,2025-04-13T19:45:00Z,200,837,ms,agent-1,ap-south-1
svc-reports,reports-api,2025-04-13T10:00:00Z,200,668,ms,agent-1,ap-south-1
svc-payments,payments-api,2025-04-10T01:45:00Z,200,355,ms,agent-1,ap-south-1
svc-payments,payments-api,2025-04-17T19:00:00Z,200,382,ms,agent-2,ap-south-1
svc-notify,notify-worker,2025-04-11T16:00:00Z,200,126,ms,agent-1,ap-south-1
svc-notify,notify-worker,2025-04-17T02:45:00Z,200,79,ms,agent-1,ap-south-1
svc-payments,payments-api,2025-04-17T21:00:00Z,200,356,ms,agent-1,ap-south-1
svc-search,search-api,2025-04-21T00:30:00Z,200,0.572,s,agent-1,ap-south-1
svc-notify,notify-worker,2025-04-14T10:00:00Z,200,121,ms,agent-1,ap-south-1
svc-notify,notify-worker,2025-04-19T11:00:00Z,200,145,ms,agent-1,ap-south-1
svc-auth,auth-api,2025-04-17T05:45:00Z,200,161,ms,agent-1,ap-south-1
svc-payments,payments-api,2025-04-11T16:45:00Z,200,433,ms,agent-1,ap-south-1
svc-auth,auth-api,2025-04-14T21:00:00Z,200,107,ms,agent-2,ap-south-1
svc-reports,reports-api,2025-04-17T11:15:00Z,200,582,ms,agent-1,ap-south-1
svc-notify,notify-worker,2025-04-18T07:15:00Z,200,78,ms,agent-1,ap-south-1
svc-search,search-api,2025-04-13T09:15:00Z,200,0.552,s,agent-1,ap-south-1
svc-search,search-api,2025-04-15T01:00:00Z,200,0.656,s,agent-1,ap-south-1
svc-auth,auth-api,2025-04-20T21:00:00Z,200,168,ms,agent-2,ap-south-1
svc-payments,payments-api,2025-04-21T13:30:00Z,200,392,ms,agent-1,ap-south-1
svc-payments,payments-api,2025-04-20T10:00:00Z,200,241,ms,agent-2,ap-south-1
svc-search,search-api,2025-04-10T14:45:00Z,200,0.421,s,agent-1,ap-south-1
svc-reports,reports-api,2025-04-19T06:30:00Z,200,449,ms,agent-1,ap-south-1
svc-search,search-api,2025-04-11T22:15:00Z,200,0.559,s,agent-1,ap-south-1
svc-notify,notify-worker,2025-04-11T12:15:00Z,200,123,ms,agent-1,ap-south-1
svc-auth,auth-api,2025-04-10T17:00:00Z,200,122,ms,agent-1,ap-south-1
svc-auth,auth-api,2025-04-17T00:45:00Z,200,114,ms,agent-1,ap-south-1
svc-search,search-api,2025-04-10T21:30:00Z,200,0.411,s,agent-1,ap-south-1
svc-notify,notify-worker,2025-04-12T03:00:00Z,200,101,ms,agent-1,ap-south-1
svc-auth,auth-api,2025-04-21T00:00:00Z,200,132,ms,agent-1,ap-south-1
svc-notify,notify-worker,2025-04-21T10:30:00Z,200,130,ms,agent-1,ap-south-1
svc-auth,auth-api,2025-04-17T14:00:00Z,200,110,ms,agent-1,ap-south-1
svc-payments,payments-api,2025-04-15T13:45:00Z,200,262,ms,agent-1,ap-south-1
svc-notify,notify-worker,2025-04-13T01:15:00Z,200,112,ms,agent-1,ap-south-1
svc-auth,auth-api,2025-04-19T14:30:00Z,200,169,ms,agent-1,ap-south-1
svc-auth,auth-api,2025-04-15T02:30:00Z,200,185,ms,agent-1,ap-south-1
svc-notify,notify-worker,2025-04-17T17:00:00Z,200,144,ms,agent-1,ap-south-1
svc-search,search-api,1745240400,200,0.51,s,agent-1,ap-south-1
svc-search,search-api,2025-04-14T18:00:00Z,200,0.521,s,agent-1,ap-south-1
svc-search,search-api,2025-04-14T21:00:00Z,200,0.375,s,agent-1,ap-south-1
svc-auth,auth-api,2025-04-15T15:15:00Z,200,160,ms,agent-1,ap-south-1
svc-notify,notify-worker,2025-04-14T03:15:00Z,200,148,ms,agent-1,ap-south-1
svc-payments,payments-api,2025-04-19T17:15:00Z,200,253,ms,agent-1,ap-south-1
svc-notify,notify-worker,2025-04-18T23:15:00Z,200,133,ms,agent-1,ap-south-1
svc-payments,payments-api,2025-04-17T16:30:00Z,200,364,ms,agent-1,ap-south-1
svc-auth,auth-api,2025-04-11T13:15:00Z,200,146,ms,agent-1,ap-south-1
svc-notify,notify-worker,2025-04-17T07:30:00Z,200,130,ms,agent-1,ap-south-1
svc-reports,reports-api,2025-04-10T01:15:00Z,200,583,ms,agent-1,ap-south-1
svc-auth,auth-api,2025-04-14T23:00:00Z,200,161,ms,agent-1,ap-south-1
svc-payments,payments-api,2025-04-18T23:45:00Z,200,255,ms,agent-1,ap-south-1
svc-search,search-api,2025-04-10T12:30:00Z,200,0.61,s,agent-1,ap-south-1
svc-reports,reports-api,2025-04-21T02:15:00Z,200,444,ms,agent-1,ap-south-1
svc-notify,notify-worker,2025-04-15T15:30:00Z,200,81,ms,agent-1,ap-south-1
svc-auth,auth-api,2025-04-18T19:15:00Z,200,144,ms,agent-1,ap-south-1
svc-search,search-api,2025-04-20T16:45:00Z,200,0.639,s,agent-1,ap-south-1
svc-auth,auth-api,2025-04-21T13:45:00Z,200,149,ms,agent-1,ap-south-1
svc-auth,auth-api,2025-04-14T22:30:00Z,200,139,ms,agent-1,ap-south-1
svc-notify,notify-worker,2025-04-20T08:45:00Z,200,150,ms,agent-1,ap-south-1
svc-notify,notify-worker,2025-04-10T19:45:00Z,200,121,ms,agent-1,ap-south-1
svc-reports,reports-api,2025-04-14T08:30:00Z,200,755,ms,agent-1,ap-south-1
svc-search,search-api,2025-04-11T11:15:00Z,200,0.441,s,agent-1,ap-south-1
svc-notify,notify-worker,2025-04-14T02:30:00Z,200,89,ms,agent-1,ap-south-1
svc-notify,notify-worker,2025-04-21T05:30:00Z,200,134,ms,agent-1,ap-south-1
svc-notify,notify-worker,2025-04-13T12:30:00Z,200,95,ms,agent-1,ap-south-1
svc-search,search-api,2025-04-10T06:00:00Z,200,0.547,s,agent-2,ap-south-1
svc-payments,payments-api,2025-04-18T02:00:00Z,200,368,ms,agent-1,ap-south-1
svc-reports,reports-api,2025-04-21T21:30:00Z,200,778,ms,agent-1,ap-south-1
svc-reports,reports-api,2025-04-14T09:15:00Z,200,545,ms,agent-1,ap-south-1
svc-auth,auth-api,2025-04-19T13:00:00Z,200,127,ms,agent-1,ap-south-1
svc-reports,reports-api,2025-04-16T08:45:00Z,200,735,ms,agent-1,ap-south-1
svc-auth,auth-api,2025-04-11T14:00:00Z,200,179,ms,agent-1,ap-south-1
svc-notify,notify-worker,2025-04-13T18:15:00Z,200,128,ms,agent-1,ap-south-1
svc-auth,auth-api,2025-04-11T03:45:00Z,200,151,ms,agent-1,ap-south-1
svc-payments,payments-api,2025-04-14T23:45:00Z,200,350,ms,agent-1,ap-south-1
svc-auth,auth-api,2025-04-17T22:15:00Z,200,107,ms,agent-1,ap-south-1
svc-notify,notify-worker,2025-04-16T22:45:00Z,200,112,ms,agent-1,ap-south-1
svc-reports,reports-api,2025-04-19T15:30:00Z,200,739,ms,agent-1,ap-south-1
svc-search,search-api,2025-04-11T06:45:00Z,200,0.548,s,agent-2,ap-south-1
svc-search,search-api,2025-04-10T16:45:00Z,200,0.607,s,agent-1,ap-south-1
svc-notify,notify-worker,2025-04-16T01:45:00Z,200,127,ms,agent-1,ap-south-1
svc-payments,payments-api,2025-04-12T01:15:00Z,200,379,ms,agent-1,ap-south-1
svc-payments,payments-api,2025-04-10T07:15:00Z,200,426,ms,agent-1,ap-south-1
svc-payments,payments-api,2025-04-19T08:30:00Z,200,442,ms,agent-1,ap-south-1
svc-auth,auth-api,2025-04-19T22:00:00Z,200,96,ms,agent-1,ap-south-1
svc-search,search-api,2025-04-12T14:15:00Z,200,0.504,s,agent-1,ap-south-1
svc-payments,payments-api,2025-04-12T11:15:00Z,200,461,ms,agent-1,ap-south-1
svc-notify,notify-worker,2025-04-16T13:45:00Z,200,99,ms,agent-1,ap-south-1
svc-search,search-api,2025-04-17T22:30:00Z,200,0.673,s,agent-1,ap-south-1
svc-reports,reports-api,2025-04-13T02:15:00Z,200,717,ms,agent-1,ap-south-1
svc-search,search-api,2025-04-16T17:15:00Z,200,0.66,s,agent-1,ap-south-1
svc-auth,auth-api,2025-04-11T06:30:00Z,200,125,ms,agent-1,ap-south-1
svc-reports,reports-api,2025-04-10T17:00:00Z,200,508,ms,agent-1,ap-south-1
svc-reports,reports-api,2025-04-13T10:45:00Z,200,508,ms,agent-1,ap-south-1
svc-reports,reports-api,2025-04-18T22:45:00Z,200,730,ms,agent-1,ap-south-1
svc-payments,payments-api,2025-04-19T08:15:00Z,200,294,ms,agent-1,ap-south-1
svc-auth,auth-api,2025-04-16T10:15:00Z,200,152,ms,agent-1,ap-south-1
svc-reports,reports-api,2025-04-20T03:00:00Z,200,616,ms,agent-1,ap-south-1
svc-reports,reports-api,2025-04-11T04:45:00Z,200,750,ms,agent-1,ap-south-1
svc-auth,auth-api,2025-04-20T16:30:00Z,200,163,ms,agent-1,ap-south-1
svc-reports,reports-api,2025-04-15T18:30:00Z,200,660,ms,agent-1,ap-south-1
svc-search,search-api,2025-04-10T11:30:00Z,200,0.478,s,agent-1,ap-south-1
svc-auth,auth-api,2025-04-13T13:30:00Z,200,146,ms,agent-1,ap-south-1
svc-search,search-api,2025-04-11T01:30:00Z,200,0.571,s,agent-1,ap-south-1
svc-reports,reports-api,2025-04-11T21:30:00Z,200,705,ms,agent-1,ap-south-1
svc-reports,reports-api,2025-04-18T05:00:00Z,200,736,ms,agent-2,ap-south-1
svc-search,search-api,2025-04-19T07:45:00Z,200,0.638,s,agent-1,ap-south-1
svc-notify,notify-worker,2025-04-14T13:30:00Z,200,112,ms,agent-1,ap-south-1
svc-auth,auth-api,2025-04-15T04:30:00Z,200,152,ms,agent-1,ap-south-1
svc-auth,auth-api,2025-04-19T12:00:00Z,200,164,ms,agent-1,ap-south-1
svc-search,search-api,2025-04-12T15:15:00Z,200,0.472,s,agent-2,ap-south-1
svc-search,search-api,2025-04-15T22:30:00Z,200,0.743,s,agent-2,ap-south-1
svc-notify,notify-worker,2025-04-19T09:15:00Z,200,90,ms,agent-1,ap-south-1
svc-notify,notify-worker,2025-04-10T02:00:00Z,200,106,ms,agent-1,ap-south-1
svc-payments,payments-api,2025-04-15T10:00:00Z,200,488,ms,agent-1,ap-south-1
svc-notify,notify-worker,2025-04-16T22:30:00Z,200,88,ms,agent-1,ap-south-1
svc-reports,reports-api,2025-04-20T10:00:00Z,200,734,ms,agent-1,ap-south-1
svc-payments,payments-api,2025-04-12T19:30:00+05:30,200,366,ms,agent-1,ap-south-1
svc-auth,auth-api,2025-04-19T01:15:00Z,200,137,ms,agent-1,ap-south-1
svc-auth,auth-api,2025-04-20T01:30:00Z,200,164,ms,agent-1,ap-south-1
svc-reports,reports-api,2025-04-16T15:30:00Z,200,735,ms,agent-1,ap-south-1
svc-payments,payments-api,2025-04-10T14:45:00Z,200,446,ms,agent-1,ap-south-1
svc-payments,payments-api,2025-04-10T18:00:00Z,200,467,ms,agent-1,ap-south-1
svc-search,search-api,2025-04-15T03:15:00Z,200,0.418,s,agent-1,ap-south-1
svc-auth,auth-api,2025-04-19T21:45:00Z,200,183,ms,agent-1,ap-south-1
svc-payments,payments-api,2025-04-11T01:30:00Z,200,357,ms,agent-1,ap-south-1
svc-auth,auth-api,2025-04-16T19:45:00Z,200,130,ms,agent-1,ap-south-1
svc-payments,payments-api,2025-04-16T23:15:00Z,200,392,ms,agent-1,ap-south-1
svc-payments,payments-api,2025-04-12T18:45:00Z,200,371,ms,agent-1,ap-south-1
svc-search,search-api,2025-04-11T14:15:00Z,200,0.617,s,agent-1,ap-south-1
svc-auth,auth-api,2025-04-14T16:30:00Z,200,109,ms,agent-1,ap-south-1
svc-reports,reports-api,2025-04-18T13:15:00Z,200,626,ms,agent-1,ap-south-1
svc-auth,auth-api,2025-04-14T06:15:00Z,200,143,ms,agent-1,ap-south-1
svc-auth,auth-api,2025-04-20T21:00:00Z,200,158,ms,agent-1,ap-south-1
svc-auth,auth-api,2025-04-16T11:15:00Z,200,113,ms,agent-1,ap-south-1
svc-auth,auth-api,2025-04-16T02:30:00Z,200,130,ms,agent-1,ap-south-1
svc-auth,auth-api,2025-04-21T03:15:00Z,200,127,ms,agent-1,ap-south-1
svc-notify,notify-worker,2025-04-16T14:45:00Z,200,,ms,agent-1,ap-south-1
svc-payments,payments-api,2025-04-10T06:45:00Z,200,292,ms,agent-1,ap-south-1
svc-search,search-api,2025-04-10T17:15:00Z,200,0.569,s,agent-1,ap-south-1
svc-notify,notify-worker,2025-04-13T12:15:00Z,200,114,ms,agent-1,ap-south-1
svc-search,search-api,2025-04-14T07:15:00Z,200,0.483,s,agent-2,ap-south-1
svc-auth,auth-api,2025-04-21T13:00:00Z,200,183,ms,agent-1,ap-south-1
svc-payments,payments-api,2025-04-14T04:30:00Z,200,434,ms,agent-1,ap-south-1
svc-payments,payments-api,1744901100,200,336,ms,agent-1,ap-south-1
svc-payments,payments-api,2025-04-12T06:00:00Z,200,369,ms,agent-1,ap-south-1
svc-notify,notify-worker,2025-04-13T05:15:00Z,200,85,ms,agent-1,ap-south-1
svc-auth,auth-api,2025-04-14T04:30:00Z,200,184,ms,agent-1,ap-south-1
svc-payments,payments-api,2025-04-16T12:00:00Z,200,371,ms,agent-1,ap-south-1
svc-auth,auth-api,2025-04-19T11:00:00Z,200,181,ms,agent-1,ap-south-1
svc-notify,notify-worker,2025-04-20T15:30:00Z,200,141,ms,agent-1,ap-south-1
svc-reports,reports-api,2025-04-20T12:30:00Z,200,854,ms,agent-1,ap-south-1
svc-auth,auth-api,2025-04-13T05:00:00Z,200,132,ms,agent-1,ap-south-1
svc-reports,reports-api,2025-04-16T16:00:00Z,200,692,ms,agent-1,ap-south-1
svc-payments,payments-api,2025-04-16T01:00:00Z,200,297,ms,agent-1,ap-south-1
svc-search,search-api,2025-04-11T23:15:00Z,200,0.567,s,agent-1,ap-south-1
svc-auth,auth-api,2025-04-17T12:15:00Z,200,108,ms,agent-1,ap-south-1
svc-search,search-api,2025-04-12T01:00:00Z,200,0.643,s,agent-1,ap-south-1
svc-search,search-api,2025-04-17T13:45:00Z,200,0.532,s,agent-1,ap-south-1
svc-notify,notify-worker,2025-04-18T09:15:00Z,200,130,ms,agent-1,ap-south-1
svc-auth,auth-api,2025-04-20T14:15:00Z,200,161,ms,agent-1,ap-south-1
svc-auth,auth-api,2025-04-21T12:00:00Z,200,180,ms,agent-1,ap-south-1
svc-payments,payments-api,2025-04-18T04:15:00Z,200,353,ms,agent-1,ap-south-1
svc-search,search-api,2025-04-21T11:30:00Z,200,0.506,s,agent-1,ap-south-1
svc-payments,payments-api,2025-04-21T18:45:00Z,200,453,ms,agent-1,ap-south-1
svc-notify,notify-worker,2025-04-19T03:15:00Z,200,115,ms,agent-1,ap-south-1
svc-search,search-api,2025-04-10T17:30:00Z,200,0.591,s,agent-1,ap-south-1
svc-payments,payments-api,2025-04-17T02:30:00Z,200,331,ms,agent-1,ap-south-1
svc-auth,auth-api,2025-04-16T15:00:00Z,200,151,ms,agent-1,ap-south-1
svc-reports,reports-api,2025-04-13T05:45:00Z,200,758,ms,agent-1,ap-south-1
svc-search,search-api,2025-04-12T23:00:00Z,200,0.437,s,agent-1,ap-south-1
svc-notify,notify-worker,2025-04-17T19:45:00Z,200,140,ms,agent-1,ap-south-1
svc-auth,auth-api,2025-04-11T19:15:00Z,502,142,ms,agent-1,ap-south-1
svc-reports,reports-api,2025-04-12T01:45:00Z,200,568,ms,agent-1,ap-south-1
svc-notify,notify-worker,2025-04-21T01:15:00Z,200,101,ms,agent-2,ap-south-1
svc-notify,notify-worker,2025-04-18T02:00:00Z,200,147,ms,agent-1,ap-south-1
svc-auth,auth-api,2025-04-14T04:15:00Z,200,118,ms,agent-1,ap-south-1
svc-search,search-api,2025-04-12T05:45:00Z,200,0.567,s,agent-1,ap-south-1
svc-notify,notify-worker,2025-04-14T17:15:00Z,200,106,ms,agent-2,ap-south-1
svc-notify,notify-worker,2025-04-18T08:00:00Z,200,83,ms,agent-1,ap-south-1
svc-auth,auth-api,2025-04-10T11:00:00Z,200,147,ms,agent-1,ap-south-1
svc-notify,notify-worker,2025-04-13T06:00:00Z,200,127,ms,agent-1,ap-south-1
svc-search,search-api,2025-04-11T21:15:00Z,200,0.606,s,agent-1,ap-south-1
svc-payments,payments-api,2025-04-20T15:45:00Z,200,411,ms,agent-1,ap-south-1
svc-reports,reports-api,2025-04-18T13:30:00Z,200,563,ms,agent-1,ap-south-1
svc-search,search-api,2025-04-13T05:45:00+05:30,200,,s,agent-1,ap-south-1
svc-payments,payments-api,2025-04-18T14:00:00Z,200,495,ms,agent-1,ap-south-1
svc-payments,payments-api,2025-04-10T00:00:00Z,200,398,ms,agent-1,ap-south-1
svc-payments,payments-api,2025-04-16T02:45:00Z,200,411,ms,agent-1,ap-south-1
svc-reports,reports-api,2025-04-20T21:30:00Z,200,794,ms,agent-1,ap-south-1
svc-notify,notify-worker,2025-04-15T18:15:00Z,200,144,ms,agent-1,ap-south-1
svc-auth,auth-api,2025-04-21T17:00:00Z,200,115,ms,agent-1,ap-south-1
svc-search,search-api,2025-04-12T06:15:00Z,200,0.513,s,agent-1,ap-south-1
svc-payments,payments-api,2025-04-17T08:00:00Z,200,356,ms,agent-1,ap-south-1
svc-payments,payments-api,1744646400,200,469,ms,agent-1,ap-south-1
svc-reports,reports-api,1744392600,200,485,ms,agent-1,ap-south-1
svc-notify,notify-worker,2025-04-16T13:30:00Z,200,134,ms,agent-2,ap-south-1
svc-payments,payments-api,2025-04-18T22:15:00Z,200,271,ms,agent-2,ap-south-1
svc-payments,payments-api,2025-04-15T07:30:00Z,200,381,ms,agent-1,ap-south-1
svc-search,search-api,2025-04-13T15:30:00Z,200,0.376,s,agent-1,ap-south-1
svc-notify,notify-worker,2025-04-11T10:00:00Z,200,117,ms,agent-1,ap-south-1
svc-reports,reports-api,2025-04-13T16:00:00Z,200,797,ms,agent-1,ap-south-1
svc-reports,reports-api,2025-04-20T07:00:00Z,200,531,ms,agent-1,ap-south-1
svc-auth,auth-api,1744250400,200,146,ms,agent-1,ap-south-1
svc-payments,payments-api,2025-04-20T23:00:00Z,200,298,ms,agent-1,ap-south-1
svc-auth,auth-api,2025-04-15T08:30:00Z,200,182,ms,agent-1,ap-south-1
svc-reports,reports-api,2025-04-18T05:30:00Z,200,445,ms,agent-1,ap-south-1
svc-notify,notify-worker,2025-04-15T10:45:00Z,200,135,ms,agent-1,ap-south-1
svc-notify,notify-worker,2025-04-12T19:15:00Z,200,98,ms,agent-1,ap-south-1
svc-search,search-api,2025-04-16T05:45:00Z,200,0.705,s,agent-1,ap-south-1
svc-search,search-api,2025-04-10T21:45:00Z,200,0.528,s,agent-1,ap-south-1
svc-reports,reports-api,2025-04-16T05:00:00Z,200,813,ms,agent-1,ap-south-1
svc-notify,notify-worker,2025-04-17T20:30:00Z,200,108,ms,agent-1,ap-south-1
svc-search,search-api,2025-04-14T04:45:00Z,200,0.372,s,agent-1,ap-south-1
svc-notify,notify-worker,2025-04-11T04:15:00Z,200,135,ms,agent-1,ap-south-1
svc-reports,reports-api,2025-04-14T10:30:00Z,200,863,ms,agent-1,ap-south-1
svc-reports,reports-api,2025-04-15T16:15:00Z,502,815,ms,agent-1,ap-south-1
svc-reports,reports-api,2025-04-14T00:15:00Z,200,808,ms,agent-1,ap-south-1
svc-notify,notify-worker,2025-04-14T03:45:00Z,200,118,ms,agent-1,ap-south-1
svc-reports,reports-api,2025-04-11T00:30:00Z,200,463,ms,agent-1,ap-south-1
svc-auth,auth-api,2025-04-18T14:30:00Z,200,181,ms,agent-1,ap-south-1
svc-auth,auth-api,2025-04-11T19:45:00Z,200,164,ms,agent-1,ap-south-1
svc-notify,notify-worker,2025-04-19T01:00:00Z,200,134,ms,agent-1,ap-south-1
svc-payments,payments-api,2025-04-11T00:00:00Z,200,362,ms,agent-1,ap-south-1
svc-notify,notify-worker,2025-04-10T11:15:00Z,200,124,ms,agent-1,ap-south-1
svc-reports,reports-api,2025-04-19T16:00:00Z,200,626,ms,agent-1,ap-south-1
svc-reports,reports-api,2025-04-15T07:00:00Z,200,579,ms,agent-1,ap-south-1
svc-payments,payments-api,2025-04-12T02:45:00Z,200,315,ms,agent-1,ap-south-1
svc-payments,payments-api,2025-04-18T02:30:00Z,200,338,ms,agent-1,ap-south-1
svc-reports,reports-api,2025-04-15T01:30:00Z,200,765,ms,agent-2,ap-south-1
svc-notify,notify-worker,2025-04-18T23:00:00Z,200,,ms,agent-1,ap-south-1
svc-payments,payments-api,2025-04-14T14:30:00Z,200,488,ms,agent-1,ap-south-1
svc-reports,reports-api,1745229600,200,639,ms,agent-1,ap-south-1
svc-reports,reports-api,2025-04-12T15:30:00Z,200,808,ms,agent-1,ap-south-1
svc-auth,auth-api,2025-04-11T18:45:00Z,200,184,ms,agent-1,ap-south-1
svc-auth,auth-api,2025-04-15T14:30:00Z,200,175,ms,agent-2,ap-south-1
svc-notify,notify-worker,2025-04-11T16:15:00Z,200,124,ms,agent-1,ap-south-1
svc-payments,payments-api,2025-04-13T01:00:00Z,200,269,ms,agent-1,ap-south-1
svc-auth,auth-api,2025-04-12T00:00:00Z,200,188,ms,agent-1,ap-south-1
svc-reports,reports-api,2025-04-14T04:15:00Z,200,842,ms,agent-1,ap-south-1
svc-auth,auth-api,2025-04-13T09:45:00Z,200,123,ms,agent-2,ap-south-1
svc-auth,auth-api,2025-04-15T04:15:00Z,200,118,ms,agent-1,ap-south-1
svc-auth,auth-api,2025-04-12T19:00:00Z,200,124,ms,agent-1,ap-south-1
svc-auth,auth-api,2025-04-15T23:00:00Z,200,107,ms,agent-1,ap-south-1
svc-notify,notify-worker,2025-04-19T02:30:00Z,200,134,ms,agent-1,ap-south-1
svc-reports,reports-api,2025-04-21T21:15:00Z,200,834,ms,agent-1,ap-south-1
svc-search,search-api,2025-04-12T04:15:00Z,200,0.407,s,agent-1,ap-south-1
svc-auth,auth-api,2025-04-19T06:15:00Z,200,116,ms,agent-1,ap-south-1
svc-auth,auth-api,2025-04-11T02:45:00Z,200,121,ms,agent-2,ap-south-1
svc-search,search-api,2025-04-15T03:45:00Z,200,0.562,s,agent-1,ap-south-1
svc-payments,payments-api,2025-04-20T18:30:00Z,200,469,ms,agent-1,ap-south-1
svc-reports,reports-api,2025-04-21T01:15:00Z,200,435,ms,agent-1,ap-south-1
svc-auth,auth-api,2025-04-16T07:30:00Z,200,98,ms,agent-1,ap-south-1
svc-payments,payments-api,2025-04-14T01:30:00Z,200,288,ms,agent-1,ap-south-1
svc-reports,reports-api,2025-04-11T08:00:00Z,200,788,ms,agent-1,ap-south-1
svc-reports,reports-api,2025-04-21T21:45:00Z,200,489,ms,agent-1,ap-south-1
svc-search,search-api,2025-04-13T07:00:00Z,200,0.498,s,agent-1,ap-south-1
svc-search,search-api,2025-04-11T04:45:00Z,200,0.614,s,agent-2,ap-south-1
svc-notify,notify-worker,2025-04-20T20:15:00Z,200,84,ms,agent-1,ap-south-1
svc-auth,auth-api,2025-04-14T10:45:00Z,200,146,ms,agent-1,ap-south-1
svc-payments,payments-api,2025-04-13T06:30:00Z,200,316,ms,agent-1,ap-south-1
svc-payments,payments-api,2025-04-17T18:45:00Z,200,394,ms,agent-1,ap-south-1
svc-auth,auth-api,2025-04-17T08:15:00Z,200,111,ms,agent-1,ap-south-1
svc-auth,auth-api,2025-04-13T08:45:00Z,200,116,ms,agent-1,ap-south-1
svc-payments,payments-api,2025-04-18T18:45:00Z,200,393,ms,agent-1,ap-south-1
svc-payments,payments-api,2025-04-13T09:15:00Z,200,467,ms,agent-1,ap-south-1
svc-reports,reports-api,2025-04-11T04:00:00Z,200,847,ms,agent-1,ap-south-1
svc-reports,reports-api,2025-04-19T10:45:00Z,200,604,ms,agent-1,ap-south-1
svc-search,search-api,2025-04-18T12:00:00Z,200,0.364,s,agent-1,ap-south-1
svc-notify,notify-worker,2025-04-14T01:00:00Z,200,82,ms,agent-1,ap-south-1
svc-payments,payments-api,2025-04-16T16:00:00Z,200,422,ms,agent-1,ap-south-1
svc-auth,auth-api,2025-04-19T19:30:00Z,200,160,ms,agent-1,ap-south-1
svc-payments,payments-api,2025-04-19T04:45:00Z,200,470,ms,agent-1,ap-south-1
svc-auth,auth-api,2025-04-19T02:00:00Z,200,139,ms,agent-1,ap-south-1
svc-search,search-api,2025-04-11T12:00:00Z,200,0.702,s,agent-1,ap-south-1
svc-reports,reports-api,2025-04-11T18:45:00Z,200,556,ms,agent-1,ap-south-1
svc-search,search-api,2025-04-21T23:15:00Z,200,0.43,s,agent-1,ap-south-1
svc-reports,reports-api,2025-04-14T22:00:00Z,200,846,ms,agent-1,ap-south-1
svc-notify,notify-worker,2025-04-10T12:45:00Z,200,151,ms,agent-1,ap-south-1
svc-notify,notify-worker,2025-04-15T14:30:00Z,200,133,ms,agent-1,ap-south-1
svc-search,search-api,2025-04-15T16:15:00Z,200,0.69,s,agent-1,ap-south-1
svc-payments,payments-api,2025-04-16T04:15:00Z,200,321,ms,agent-1,ap-south-1
svc-notify,notify-worker,2025-04-12T07:15:00Z,200,139,ms,agent-1,ap-south-1
svc-auth,auth-api,2025-04-20T14:00:00Z,200,178,ms,agent-2,ap-south-1
svc-auth,auth-api,2025-04-14T16:15:00Z,200,156,ms,agent-1,ap-south-1
svc-payments,payments-api,2025-04-13T19:15:00Z,200,334,ms,agent-1,ap-south-1
svc-reports,reports-api,2025-04-21T09:45:00Z,200,837,ms,agent-1,ap-south-1
svc-payments,payments-api,2025-04-12T21:00:00Z,200,385,ms,agent-1,ap-south-1
svc-auth,auth-api,2025-04-13T00:15:00Z,200,176,ms,agent-1,ap-south-1
svc-payments,payments-api,2025-04-15T18:45:00Z,503,463,ms,agent-1,ap-south-1
svc-search,search-api,2025-04-16T15:30:00Z,200,0.593,s,agent-1,ap-south-1
svc-search,search-api,2025-04-19T01:00:00Z,200,0.604,s,agent-1,ap-south-1
svc-reports,reports-api,2025-04-17T13:00:00Z,200,454,ms,agent-1,ap-south-1
svc-payments,payments-api,2025-04-16T07:45:00Z,200,,ms,agent-1,ap-south-1
svc-reports,reports-api,2025-04-14T12:15:00Z,200,640,ms,agent-1,ap-south-1
svc-search,search-api,2025-04-15T06:15:00Z,200,0.464,s,agent-1,ap-south-1
svc-search,search-api,2025-04-19T16:15:00Z,200,0.449,s,agent-2,ap-south-1
svc-notify,notify-worker,2025-04-21T13:00:00Z,200,113,ms,agent-1,ap-south-1
svc-auth,auth-api,2025-04-21T18:45:00Z,200,176,ms,agent-1,ap-south-1
svc-payments,payments-api,2025-04-16T14:00:00Z,200,388,ms,agent-1,ap-south-1
svc-notify,notify-worker,2025-04-16T19:00:00Z,200,119,ms,agent-1,ap-south-1
svc-notify,notify-worker,2025-04-12T15:15:00Z,200,121,ms,agent-1,ap-south-1
svc-notify,notify-worker,2025-04-17T14:15:00Z,200,150,ms,agent-1,ap-south-1
svc-search,search-api,2025-04-20T19:00:00Z,200,0.639,s,agent-1,ap-south-1
svc-reports,reports-api,2025-04-18T15:45:00Z,200,777,ms,agent-1,ap-south-1
svc-notify,notify-worker,2025-04-14T10:30:00Z,200,91,ms,agent-1,ap-south-1
svc-search,search-api,2025-04-10T15:15:00Z,200,0.465,s,agent-1,ap-south-1
svc-auth,auth-api,2025-04-13T03:45:00Z,200,157,ms,agent-1,ap-south-1
svc-reports,reports-api,2025-04-21T15:45:00Z,200,506,ms,agent-1,ap-south-1
svc-payments,payments-api,2025-04-13T16:00:00Z,200,,ms,agent-1,ap-south-1
svc-reports,reports-api,2025-04-10T08:00:00Z,500,720,ms,agent-1,ap-south-1
svc-auth,auth-api,2025-04-17T04:45:00Z,200,107,ms,agent-1,ap-south-1
svc-payments,payments-api,2025-04-20T02:00:00Z,200,,ms,agent-1,ap-south-1
svc-reports,reports-api,2025-04-21T19:45:00Z,200,522,ms,agent-1,ap-south-1
svc-search,search-api,2025-04-11T09:45:00Z,200,0.366,s,agent-1,ap-south-1
svc-payments,payments-api,2025-04-18T15:45:00Z,200,342,ms,agent-1,ap-south-1
svc-auth,auth-api,2025-04-12T22:00:00Z,200,149,ms,agent-2,ap-south-1
svc-reports,reports-api,2025-04-10T21:15:00Z,200,584,ms,agent-1,ap-south-1
svc-notify,notify-worker,1744364700,200,130,ms,agent-1,ap-south-1
svc-notify,notify-worker,2025-04-12T15:00:00Z,200,146,ms,agent-1,ap-south-1
svc-auth,auth-api,2025-04-20T19:00:00Z,200,122,ms,agent-1,ap-south-1
svc-payments,payments-api,2025-04-10T04:00:00Z,200,322,ms,agent-1,ap-south-1
svc-notify,notify-worker,2025-04-14T21:45:00Z,200,109,ms,agent-1,ap-south-1
svc-search,search-api,2025-04-20T00:30:00Z,200,0.562,s,agent-1,ap-south-1
svc-auth,auth-api,1744469100,200,161,ms,agent-1,ap-south-1
svc-auth,auth-api,2025-04-15T15:30:00Z,200,135,ms,agent-1,ap-south-1
svc-auth,auth-api,2025-04-17T22:45:00Z,200,161,ms,agent-1,ap-south-1
svc-search,search-api,2025-04-14T17:30:00Z,200,0.519,s,agent-1,ap-south-1
svc-search,search-api,2025-04-12T12:45:00Z,200,0.588,s,agent-1,ap-south-1
svc-reports,reports-api,2025-04-18T10:45:00Z,200,748,ms,agent-1,ap-south-1
svc-auth,auth-api,2025-04-21T00:45:00Z,200,124,ms,agent-1,ap-south-1
svc-payments,payments-api,2025-04-12T03:30:00Z,200,421,ms,agent-1,ap-south-1
svc-auth,auth-api,2025-04-17T12:30:00Z,200,124,ms,agent-2,ap-south-1
svc-search,search-api,2025-04-11T19:15:00Z,200,0.65,s,agent-1,ap-south-1
svc-notify,notify-worker,2025-04-17T06:30:00Z,200,84,ms,agent-1,ap-south-1
svc-reports,reports-api,2025-04-19T10:00:00Z,200,780,ms,agent-1,ap-south-1
svc-notify,notify-worker,2025-04-17T22:30:00Z,200,142,ms,agent-1,ap-south-1
svc-reports,reports-api,2025-04-21T10:15:00Z,200,,ms,agent-1,ap-south-1
svc-payments,payments-api,2025-04-12T16:00:00Z,200,289,ms,agent-1,ap-south-1
svc-auth,auth-api,2025-04-10T08:00:00Z,200,128,ms,agent-1,ap-south-1
svc-notify,notify-worker,2025-04-17T04:45:00Z,200,151,ms,agent-1,ap-south-1
svc-auth,auth-api,2025-04-14T00:00:00Z,200,122,ms,agent-1,ap-south-1
svc-search,search-api,2025-04-11T17:30:00Z,200,0.48,s,agent-1,ap-south-1
svc-reports,reports-api,2025-04-19T03:45:00Z,200,857,ms,agent-1,ap-south-1
svc-search,search-api,2025-04-15T01:30:00Z,200,0.64,s,agent-1,ap-south-1
svc-search,search-api,2025-04-15T19:00:00Z,200,0.374,s,agent-1,ap-south-1
svc-search,search-api,2025-04-21T23:30:00Z,200,0.625,s,agent-1,ap-south-1
svc-search,search-api,2025-04-17T12:45:00Z,200,0.711,s,agent-1,ap-south-1
svc-reports,reports-api,2025-04-20T17:00:00Z,200,717,ms,agent-1,ap-south-1
svc-search,search-api,2025-04-21T18:15:00Z,200,0.588,s,agent-1,ap-south-1
svc-search,search-api,2025-04-10T03:15:00Z,200,0.395,s,agent-1,ap-south-1
svc-search,search-api,2025-04-16T03:45:00Z,200,0.517,s,agent-1,ap-south-1
svc-search,search-api,2025-04-21T14:45:00Z,200,0.395,s,agent-1,ap-south-1
svc-search,search-api,2025-04-20T22:15:00Z,200,0.466,s,agent-1,ap-south-1
svc-auth,auth-api,2025-04-14T20:45:00Z,200,110,ms,agent-1,ap-south-1
svc-payments,payments-api,2025-04-15T01:30:00Z,200,290,ms,agent-1,ap-south-1
svc-payments,payments-api,2025-04-13T07:00:00Z,200,274,ms,agent-1,ap-south-1
svc-reports,reports-api,2025-04-11T13:00:00Z,200,554,ms,agent-1,ap-south-1
svc-auth,auth-api,2025-04-16T00:00:00Z,200,186,ms,agent-1,ap-south-1
svc-auth,auth-api,2025-04-17T07:30:00Z,200,128,ms,agent-1,ap-south-1
svc-auth,auth-api,2025-04-12T04:00:00Z,200,153,ms,agent-1,ap-south-1
svc-notify,notify-worker,2025-04-12T11:30:00Z,200,135,ms,agent-1,ap-south-1
svc-auth,auth-api,2025-04-17T15:15:00Z,200,162,ms,agent-1,ap-south-1
svc-reports,reports-api,2025-04-11T16:45:00Z,200,589,ms,agent-1,ap-south-1
svc-payments,payments-api,2025-04-14T19:30:00Z,200,466,ms,agent-1,ap-south-1
svc-auth,auth-api,2025-04-10T10:15:00Z,200,148,ms,agent-1,ap-south-1
svc-reports,reports-api,2025-04-14T23:00:00Z,200,502,ms,agent-1,ap-south-1
svc-reports,reports-api,2025-04-17T02:15:00Z,200,743,ms,agent-1,ap-south-1
svc-auth,auth-api,2025-04-17T01:15:00Z,200,119,ms,agent-1,ap-south-1
svc-reports,reports-api,2025-04-20T16:30:00Z,200,495,ms,agent-1,ap-south-1
svc-notify,notify-worker,2025-04-12T17:15:00Z,200,141,ms,agent-1,ap-south-1
svc-notify,notify-worker,2025-04-19T12:30:00Z,200,78,ms,agent-1,ap-south-1
svc-search,search-api,2025-04-19T11:00:00Z,200,0.376,s,agent-1,ap-south-1
svc-reports,reports-api,2025-04-12T21:15:00Z,200,802,ms,agent-1,ap-south-1
svc-notify,notify-worker,2025-04-12T23:15:00Z,200,150,ms,agent-1,ap-south-1
svc-payments,payments-api,2025-04-16T11:30:00Z,200,454,ms,agent-1,ap-south-1
svc-search,search-api,2025-04-16T01:15:00Z,200,0.662,s,agent-1,ap-south-1
svc-notify,notify-worker,2025-04-18T12:45:00Z,200,146,ms,agent-1,ap-south-1
svc-search,search-api,2025-04-20T04:45:00Z,200,0.476,s,agent-1,ap-south-1
svc-reports,reports-api,2025-04-18T08:45:00Z,200,536,ms,agent-1,ap-south-1
svc-reports,reports-api,2025-04-21T04:15:00Z,200,706,ms,agent-1,ap-south-1
svc-payments,payments-api,2025-04-10T14:15:00Z,200,282,ms,agent-1,ap-south-1
svc-reports,reports-api,2025-04-17T23:15:00Z,200,825,ms,agent-1,ap-south-1
svc-search,search-api,2025-04-17T13:00:00Z,200,0.709,s,agent-1,ap-south-1
svc-auth,auth-api,2025-04-17T00:15:00Z,200,184,ms,agent-2,ap-south-1
svc-search,search-api,2025-04-19T18:00:00Z,200,0.437,s,agent-1,ap-south-1
svc-auth,auth-api,2025-04-13T21:00:00Z,200,124,ms,agent-1,ap-south-1
svc-payments,payments-api,2025-04-18T02:15:00Z,200,380,ms,agent-1,ap-south-1
svc-search,search-api,2025-04-18T19:30:00Z,200,0.72,s,agent-1,ap-south-1
svc-auth,auth-api,2025-04-17T10:45:00Z,200,146,ms,agent-1,ap-south-1
svc-auth,auth-api,2025-04-10T22:30:00Z,200,151,ms,agent-1,ap-south-1
svc-notify,notify-worker,2025-04-18T16:45:00Z,200,100,ms,agent-1,ap-south-1
svc-search,search-api,2025-04-13T15:00:00Z,200,0.515,s,agent-1,ap-south-1
svc-reports,reports-api,2025-04-20T14:45:00Z,200,635,ms,agent-1,ap-south-1
svc-search,search-api,2025-04-18T13:30:00Z,503,1.26,s,agent-2,ap-south-1
svc-search,search-api,2025-04-17T18:00:00Z,200,0.414,s,agent-1,ap-south-1
svc-notify,notify-worker,2025-04-15T13:00:00Z,200,90,ms,agent-1,ap-south-1
svc-notify,notify-worker,2025-04-10T05:45:00Z,200,133,ms,agent-1,ap-south-1
svc-search,search-api,2025-04-11T08:30:00Z,200,0.462,s,agent-1,ap-south-1
svc-reports,reports-api,2025-04-11T17:15:00Z,200,455,ms,agent-1,ap-south-1
svc-reports,reports-api,2025-04-12T12:30:00Z,200,795,ms,agent-1,ap-south-1
svc-auth,auth-api,2025-04-18T03:00:00Z,200,178,ms,agent-1,ap-south-1
svc-notify,notify-worker,2025-04-14T00:00:00Z,200,94,ms,agent-1,ap-south-1
svc-notify,notify-worker,2025-04-10T00:30:00Z,200,104,ms,agent-1,ap-south-1
svc-search,search-api,2025-04-10T13:30:00Z,200,0.396,s,agent-1,ap-south-1
svc-notify,notify-worker,2025-04-18T06:15:00Z,200,78,ms,agent-2,ap-south-1
svc-search,search-api,2025-04-14T02:45:00Z,200,0.399,s,agent-1,ap-south-1
svc-payments,payments-api,2025-04-20T09:45:00Z,200,447,ms,agent-1,ap-south-1
svc-notify,notify-worker,2025-04-20T13:30:00Z,200,106,ms,agent-1,ap-south-1
svc-notify,notify-worker,2025-04-14T13:15:00Z,200,105,ms,agent-2,ap-south-1
svc-auth,auth-api,2025-04-21T04:00:00Z,200,,ms,agent-1,ap-south-1
svc-auth,auth-api,2025-04-21T08:15:00Z,200,128,ms,agent-1,ap-south-1
svc-notify,notify-worker,2025-04-12T12:00:00Z,200,114,ms,agent-1,ap-south-1
svc-payments,payments-api,2025-04-14T11:00:00Z,200,393,ms,agent-1,ap-south-1
svc-search,search-api,2025-04-15T23:45:00Z,200,0.478,s,agent-1,ap-south-1
svc-auth,auth-api,2025-04-11T07:00:00Z,200,140,ms,agent-1,ap-south-1
svc-search,search-api,2025-04-16T07:00:00Z,200,0.411,s,agent-1,ap-south-1
svc-reports,reports-api,2025-04-19T13:45:00Z,200,714,ms,agent-1,ap-south-1
svc-reports,reports-api,2025-04-13T19:00:00Z,200,467,ms,agent-1,ap-south-1
svc-auth,auth-api,2025-04-14T12:45:00Z,200,97,ms,agent-1,ap-south-1
svc-reports,reports-api,2025-04-10T00:00:00Z,200,712,ms,agent-2,ap-south-1
svc-reports,reports-api,2025-04-14T10:00:00Z,200,804,ms,agent-1,ap-south-1
svc-search,search-api,2025-04-13T21:45:00Z,200,0.666,s,agent-1,ap-south-1
svc-search,search-api,2025-04-11T21:00:00Z,200,0.478,s,agent-1,ap-south-1
svc-reports,reports-api,2025-04-19T20:45:00Z,200,716,ms,agent-1,ap-south-1
svc-payments,payments-api,2025-04-14T03:15:00Z,200,446,ms,agent-2,ap-south-1
svc-notify,notify-worker,2025-04-17T22:00:00Z,200,117,ms,agent-1,ap-south-1
svc-search,search-api,2025-04-10T03:45:00Z,200,0.633,s,agent-1,ap-south-1
svc-auth,auth-api,2025-04-10T04:15:00Z,200,111,ms,agent-1,ap-south-1
svc-payments,payments-api,2025-04-15T21:00:00Z,200,433,ms,agent-2,ap-south-1
svc-auth,auth-api,2025-04-17T18:45:00Z,200,127,ms,agent-1,ap-south-1
svc-reports,reports-api,2025-04-10T10:30:00Z,200,725,ms,agent-1,ap-south-1
svc-auth,auth-api,2025-04-14T02:45:00Z,200,178,ms,agent-1,ap-south-1
svc-reports,reports-api,2025-04-12T16:15:00Z,200,603,ms,agent-1,ap-south-1
svc-reports,reports-api,2025-04-19T14:45:00Z,200,718,ms,agent-1,ap-south-1
svc-reports,reports-api,2025-04-18T03:30:00Z,200,436,ms,agent-1,ap-south-1
svc-search,search-api,2025-04-18T01:00:00Z,200,0.656,s,agent-1,ap-south-1
svc-notify,notify-worker,2025-04-12T14:00:00Z,200,114,ms,agent-1,ap-south-1
svc-reports,reports-api,2025-04-16T10:15:00Z,200,488,ms,agent-1,ap-south-1
svc-auth,auth-api,2025-04-20T00:00:00Z,200,136,ms,agent-1,ap-south-1
svc-reports,reports-api,2025-04-14T03:45:00Z,200,774,ms,agent-1,ap-south-1
svc-payments,payments-api,2025-04-14T09:45:00Z,200,257,ms,agent-1,ap-south-1
svc-payments,payments-api,2025-04-10T11:15:00Z,200,361,ms,agent-2,ap-south-1
svc-reports,reports-api,2025-04-19T01:15:00Z,200,778,ms,agent-1,ap-south-1
svc-auth,auth-api,2025-04-18T05:30:00Z,200,153,ms,agent-1,ap-south-1
svc-auth,auth-api,2025-04-20T10:45:00Z,200,111,ms,agent-1,ap-south-1
svc-auth,auth-api,2025-04-20T23:30:00Z,200,157,ms,agent-2,ap-south-1
svc-reports,reports-api,2025-04-17T21:45:00Z,200,454,ms,agent-1,ap-south-1
svc-payments,payments-api,2025-04-11T18:30:00Z,200,290,ms,agent-1,ap-south-1
svc-auth,auth-api,2025-04-19T02:30:00Z,200,153,ms,agent-1,ap-south-1
svc-search,search-api,2025-04-10T07:45:00Z,200,0.595,s,agent-1,ap-south-1
svc-auth,auth-api,2025-04-18T18:15:00Z,200,184,ms,agent-1,ap-south-1
svc-payments,payments-api,2025-04-14T17:15:00Z,200,374,ms,agent-1,ap-south-1
svc-auth,auth-api,2025-04-21T21:00:00Z,200,119,ms,agent-1,ap-south-1
svc-notify,notify-worker,2025-04-14T14:30:00Z,200,99,ms,agent-1,ap-south-1
svc-search,search-api,2025-04-10T19:30:00Z,200,0.399,s,agent-1,ap-south-1
svc-payments,payments-api,2025-04-16T00:15:00Z,200,250,ms,agent-1,ap-south-1
svc-auth,auth-api,2025-04-21T06:30:00Z,200,191,ms,agent-1,ap-south-1
svc-auth,auth-api,2025-04-13T06:00:00Z,200,180,ms,agent-1,ap-south-1
svc-reports,reports-api,2025-04-17T16:45:00Z,200,717,ms,agent-1,ap-south-1
svc-search,search-api,2025-04-13T02:00:00Z,200,0.677,s,agent-1,ap-south-1
svc-reports,reports-api,2025-04-12T23:45:00Z,200,805,ms,agent-1,ap-south-1
svc-search,search-api,2025-04-14T00:45:00Z,200,0.483,s,agent-1,ap-south-1
svc-payments,payments-api,2025-04-18T16:00:00Z,200,315,ms,agent-1,ap-south-1
svc-reports,reports-api,2025-04-13T16:45:00Z,200,834,ms,agent-1,ap-south-1
svc-auth,auth-api,2025-04-21T00:15:00Z,200,128,ms,agent-1,ap-south-1
svc-notify,notify-worker,2025-04-15T00:45:00Z,200,125,ms,agent-1,ap-south-1
svc-reports,reports-api,2025-04-20T07:15:00Z,200,487,ms,agent-1,ap-south-1
svc-payments,payments-api,2025-04-17T13:00:00Z,200,466,ms,agent-1,ap-south-1
svc-notify,notify-worker,2025-04-15T03:15:00Z,200,138,ms,agent-1,ap-south-1
svc-notify,notify-worker,2025-04-15T12:30:00Z,200,79,ms,agent-1,ap-south-1
svc-search,search-api,2025-04-15T16:00:00Z,200,0.589,s,agent-1,ap-south-1
svc-notify,notify-worker,2025-04-17T10:45:00Z,200,111,ms,agent-1,ap-south-1
svc-auth,auth-api,2025-04-13T15:45:00Z,200,143,ms,agent-1,ap-south-1
svc-notify,notify-worker,2025-04-15T20:30:00Z,200,118,ms,agent-1,ap-south-1
svc-search,search-api,2025-04-14T10:15:00Z,200,0.588,s,agent-2,ap-south-1
svc-notify,notify-worker,2025-04-15T13:30:00Z,200,91,ms,agent-1,ap-south-1
svc-reports,reports-api,2025-04-16T07:00:00Z,200,770,ms,agent-1,ap-south-1
svc-reports,reports-api,2025-04-21T23:15:00Z,200,451,ms,agent-1,ap-south-1
svc-auth,auth-api,2025-04-10T08:30:00Z,200,143,ms,agent-1,ap-south-1
svc-notify,notify-worker,2025-04-16T20:45:00Z,200,119,ms,agent-1,ap-south-1
svc-search,search-api,2025-04-11T22:30:00Z,200,0.368,s,agent-1,ap-south-1
svc-reports,reports-api,2025-04-10T06:00:00Z,200,785,ms,agent-1,ap-south-1
svc-payments,payments-api,2025-04-21T09:00:00Z,200,292,ms,agent-1,ap-south-1
svc-notify,notify-worker,2025-04-18T22:45:00Z,200,113,ms,agent-2,ap-south-1
svc-payments,payments-api,2025-04-15T08:30:00Z,200,456,ms,agent-1,ap-south-1
svc-auth,auth-api,2025-04-16T01:15:00Z,200,172,ms,agent-1,ap-south-1
svc-payments,payments-api,2025-04-12T19:00:00Z,200,435,ms,agent-1,ap-south-1
svc-search,search-api,2025-04-17T16:30:00Z,200,0.378,s,agent-1,ap-south-1
svc-search,search-api,2025-04-19T19:30:00Z,200,0.469,s,agent-1,ap-south-1
svc-reports,reports-api,2025-04-16T17:30:00Z,200,491,ms,agent-1,ap-south-1
svc-search,search-api,2025-04-15T20:15:00Z,200,0.702,s,agent-1,ap-south-1
svc-search,search-api,2025-04-15T22:45:00Z,200,0.659,s,agent-1,ap-south-1
svc-reports,reports-api,2025-04-17T05:00:00Z,200,664,ms,agent-1,ap-south-1
svc-notify,notify-worker,2025-04-11T22:00:00Z,200,106,ms,agent-1,ap-south-1
svc-payments,payments-api,2025-04-15T17:30:00Z,200,420,ms,agent-1,ap-south-1
svc-reports,reports-api,2025-04-10T06:45:00Z,200,478,ms,agent-1,ap-south-1
svc-notify,notify-worker,2025-04-10T17:30:00Z,200,100,ms,agent-1,ap-south-1
svc-notify,notify-worker,2025-04-15T02:45:00Z,200,87,ms,agent-1,ap-south-1
svc-payments,payments-api,2025-04-13T18:45:00Z,200,382,ms,agent-1,ap-south-1
svc-search,search-api,2025-04-16T10:45:00Z,200,,s,agent-1,ap-south-1
svc-payments,payments-api,2025-04-21T13:00:00Z,200,275,ms,agent-1,ap-south-1
svc-payments,payments-api,2025-04-15T13:30:00Z,200,421,ms,agent-2,ap-south-1
svc-payments,payments-api,2025-04-14T03:15:00Z,200,477,ms,agent-1,ap-south-1
svc-auth,auth-api,2025-04-10T23:30:00Z,200,,ms,agent-1,ap-south-1
svc-auth,auth-api,2025-04-17T23:45:00Z,200,186,ms,agent-1,ap-south-1
svc-auth,auth-api,2025-04-20T12:45:00Z,200,113,ms,agent-1,ap-south-1
svc-payments,payments-api,2025-04-15T12:45:00Z,200,388,ms,agent-1,ap-south-1
svc-payments,payments-api,2025-04-12T23:00:00Z,200,453,ms,agent-2,ap-south-1
svc-payments,payments-api,2025-04-15T14:45:00Z,200,285,ms,agent-1,ap-south-1
svc-auth,auth-api,2025-04-18T21:30:00Z,200,185,ms,agent-1,ap-south-1
svc-reports,reports-api,2025-04-11T13:45:00Z,200,599,ms,agent-2,ap-south-1
svc-payments,payments-api,2025-04-20T13:15:00Z,200,332,ms,agent-1,ap-south-1
svc-reports,reports-api,2025-04-14T05:45:00Z,200,501,ms,agent-1,ap-south-1
svc-auth,auth-api,2025-04-19T11:45:00Z,200,140,ms,agent-1,ap-south-1
svc-notify,notify-worker,2025-04-19T20:00:00Z,200,82,ms,agent-1,ap-south-1
svc-notify,notify-worker,2025-04-17T19:15:00Z,200,104,ms,agent-1,ap-south-1
svc-reports,reports-api,2025-04-18T11:30:00Z,200,832,ms,agent-1,ap-south-1
svc-reports,reports-api,2025-04-11T17:45:00Z,200,595,ms,agent-1,ap-south-1
svc-search,search-api,2025-04-16T11:00:00Z,200,0.67,s,agent-1,ap-south-1
svc-reports,reports-api,2025-04-12T13:45:00Z,200,724,ms,agent-1,ap-south-1
svc-reports,reports-api,2025-04-11T04:15:00Z,500,760,ms,agent-2,ap-south-1
svc-search,search-api,2025-04-14T08:00:00Z,200,0.662,s,agent-1,ap-south-1
svc-reports,reports-api,2025-04-13T03:45:00Z,200,813,ms,agent-1,ap-south-1
svc-auth,auth-api,2025-04-20T09:15:00Z,200,139,ms,agent-1,ap-south-1
svc-auth,auth-api,2025-04-13T02:30:00Z,200,172,ms,agent-1,ap-south-1
svc-reports,reports-api,2025-04-10T15:30:00Z,200,549,ms,agent-1,ap-south-1
svc-reports,reports-api,2025-04-21T20:15:00Z,200,654,ms,agent-1,ap-south-1
svc-reports,reports-api,2025-04-14T17:45:00Z,200,694,ms,agent-1,ap-south-1
svc-notify,notify-worker,2025-04-17T13:00:00Z,200,121,ms,agent-1,ap-south-1
svc-notify,notify-worker,2025-04-13T06:45:00Z,200,118,ms,agent-1,ap-south-1
svc-notify,notify-worker,2025-04-16T23:30:00Z,200,143,ms,agent-1,ap-south-1
svc-auth,auth-api,2025-04-15T11:00:00Z,200,140,ms,agent-1,ap-south-1
svc-notify,notify-worker,2025-04-14T23:00:00Z,200,82,ms,agent-1,ap-south-1
svc-payments,payments-api,2025-04-14T00:45:00Z,200,290,ms,agent-1,ap-south-1
svc-notify,notify-worker,2025-04-13T15:00:00Z,200,87,ms,agent-1,ap-south-1
svc-payments,payments-api,2025-04-12T04:45:00Z,200,419,ms,agent-1,ap-south-1
svc-notify,notify-worker,2025-04-14T03:30:00+05:30,200,138,ms,agent-1,ap-south-1
svc-reports,reports-api,2025-04-12T19:30:00Z,200,452,ms,agent-1,ap-south-1
svc-notify,notify-worker,2025-04-18T19:45:00Z,200,91,ms,agent-1,ap-south-1
svc-search,search-api,2025-04-20T01:45:00Z,200,0.543,s,agent-1,ap-south-1
svc-reports,reports-api,2025-04-17T22:45:00Z,200,662,ms,agent-1,ap-south-1
svc-auth,auth-api,2025-04-21T22:00:00Z,200,189,ms,agent-1,ap-south-1
svc-search,search-api,2025-04-17T09:00:00Z,200,0.403,s,agent-1,ap-south-1
svc-search,search-api,2025-04-18T13:30:00Z,503,1.268,s,agent-1,ap-south-1
svc-search,search-api,2025-04-14T12:00:00Z,500,1.537,s,agent-1,ap-south-1
svc-reports,reports-api,2025-04-12T00:30:00Z,200,744,ms,agent-1,ap-south-1
svc-payments,payments-api,2025-04-19T19:30:00Z,200,295,ms,agent-1,ap-south-1
svc-payments,payments-api,2025-04-11T08:15:00Z,200,372,ms,agent-1,ap-south-1
svc-payments,payments-api,2025-04-11T15:45:00Z,200,298,ms,agent-1,ap-south-1
svc-auth,auth-api,2025-04-15T05:00:00Z,200,119,ms,agent-1,ap-south-1
svc-payments,payments-api,2025-04-16T14:45:00Z,200,249,ms,agent-1,ap-south-1
svc-auth,auth-api,2025-04-15T01:00:00Z,200,141,ms,agent-1,ap-south-1
svc-reports,reports-api,2025-04-19T05:00:00Z,200,609,ms,agent-1,ap-south-1
svc-search,search-api,2025-04-11T21:30:00Z,200,0.415,s,agent-1,ap-south-1
svc-auth,auth-api,2025-04-13T22:30:00Z,200,126,ms,agent-1,ap-south-1
svc-notify,notify-worker,2025-04-21T16:00:00Z,200,85,ms,agent-1,ap-south-1
svc-reports,reports-api,2025-04-21T13:30:00Z,200,734,ms,agent-1,ap-south-1
svc-auth,auth-api,2025-04-12T11:15:00Z,200,129,ms,agent-1,ap-south-1
svc-notify,notify-worker,2025-04-12T15:30:00Z,200,90,ms,agent-1,ap-south-1
svc-auth,auth-api,2025-04-19T23:45:00Z,200,154,ms,agent-1,ap-south-1
svc-search,search-api,2025-04-10T21:15:00Z,200,0.402,s,agent-1,ap-south-1
svc-search,search-api,2025-04-18T15:15:00Z,200,0.408,s,agent-1,ap-south-1
svc-auth,auth-api,2025-04-16T06:00:00Z,200,169,ms,agent-1,ap-south-1
svc-reports,reports-api,2025-04-15T17:45:00Z,200,772,ms,agent-1,ap-south-1
svc-reports,reports-api,2025-04-20T06:00:00Z,200,689,ms,agent-2,ap-south-1
svc-payments,payments-api,2025-04-20T14:30:00Z,200,261,ms,agent-1,ap-south-1
svc-search,search-api,2025-04-17T00:00:00Z,200,0.606,s,agent-1,ap-south-1
svc-notify,notify-worker,2025-04-18T10:30:00Z,200,134,ms,agent-1,ap-south-1
svc-auth,auth-api,2025-04-18T18:00:00Z,200,116,ms,agent-1,ap-south-1
svc-auth,auth-api,2025-04-10T21:45:00Z,200,,ms,agent-1,ap-south-1
svc-search,search-api,2025-04-15T20:45:00Z,200,0.671,s,agent-1,ap-south-1
svc-payments,payments-api,2025-04-20T06:30:00Z,200,378,ms,agent-1,ap-south-1
svc-payments,payments-api,2025-04-12T07:30:00Z,200,284,ms,agent-1,ap-south-1
svc-payments,payments-api,2025-04-17T20:30:00Z,200,315,ms,agent-1,ap-south-1
svc-auth,auth-api,2025-04-14T23:15:00Z,200,105,ms,agent-1,ap-south-1
svc-auth,auth-api,2025-04-19T04:15:00Z,200,148,ms,agent-1,ap-south-1
svc-payments,payments-api,2025-04-18T12:45:00Z,200,,ms,agent-1,ap-south-1
svc-auth,auth-api,2025-04-14T06:30:00Z,200,146,ms,agent-1,ap-south-1
svc-notify,notify-worker,2025-04-15T05:00:00Z,200,118,ms,agent-1,ap-south-1
svc-search,search-api,2025-04-16T15:00:00Z,200,0.435,s,agent-1,ap-south-1
svc-notify,notify-worker,2025-04-10T18:15:00Z,200,136,ms,agent-1,ap-south-1
svc-reports,reports-api,2025-04-17T12:30:00Z,200,754,ms,agent-1,ap-south-1
svc-payments,payments-api,2025-04-10T02:15:00Z,200,279,ms,agent-2,ap-south-1
svc-payments,payments-api,2025-04-13T16:15:00Z,200,388,ms,agent-1,ap-south-1
svc-payments,payments-api,2025-04-10T03:30:00Z,200,473,ms,agent-1,ap-south-1
svc-payments,payments-api,2025-04-14T15:00:00Z,200,295,ms,agent-1,ap-south-1
svc-notify,notify-worker,2025-04-18T08:00:00Z,200,77,ms,agent-2,ap-south-1
svc-reports,reports-api,2025-04-13T18:30:00Z,200,767,ms,agent-1,ap-south-1
svc-search,search-api,2025-04-15T05:15:00Z,200,0.451,s,agent-1,ap-south-1
svc-search,search-api,2025-04-15T22:30:00Z,200,0.703,s,agent-1,ap-south-1
svc-search,search-api,2025-04-18T03:30:00Z,200,0.472,s,agent-1,ap-south-1
svc-search,search-api,2025-04-16T20:15:00Z,200,0.532,s,agent-1,ap-south-1
svc-reports,reports-api,2025-04-15T04:45:00Z,200,630,ms,agent-1,ap-south-1
svc-auth,auth-api,2025-04-18T08:30:00Z,200,112,ms,agent-1,ap-south-1
svc-auth,auth-api,2025-04-12T14:00:00Z,200,191,ms,agent-1,ap-south-1
svc-search,search-api,2025-04-10T15:00:00Z,200,0.645,s,agent-1,ap-south-1
svc-search,search-api,2025-04-13T08:30:00Z,200,0.424,s,agent-1,ap-south-1
svc-payments,payments-api,2025-04-10T10:45:00Z,200,478,ms,agent-2,ap-south-1
svc-payments,payments-api,2025-04-14T19:00:00Z,200,474,ms,agent-1,ap-south-1
svc-search,search-api,2025-04-11T11:00:00Z,200,0.369,s,agent-1,ap-south-1
svc-notify,notify-worker,2025-04-19T19:45:00Z,200,139,ms,agent-1,ap-south-1
svc-auth,auth-api,2025-04-18T11:00:00Z,200,162,ms,agent-1,ap-south-1
svc-auth,auth-api,2025-04-13T05:45:00Z,200,143,ms,agent-1,ap-south-1
svc-notify,notify-worker,2025-04-13T08:00:00Z,200,142,ms,agent-1,ap-south-1
svc-notify,notify-worker,2025-04-19T13:45:00Z,200,92,ms,agent-1,ap-south-1
svc-payments,payments-api,2025-04-21T23:45:00Z,200,325,ms,agent-1,ap-south-1
svc-auth,auth-api,2025-04-14T11:00:00Z,200,134,ms,agent-1,ap-south-1
svc-auth,auth-api,2025-04-11T16:30:00Z,200,109,ms,agent-1,ap-south-1
svc-notify,notify-worker,2025-04-10T06:00:00Z,200,102,ms,agent-1,ap-south-1
svc-payments,payments-api,2025-04-15T21:30:00Z,200,381,ms,agent-1,ap-south-1
svc-notify,notify-worker,2025-04-11T04:30:00Z,200,106,ms,agent-1,ap-south-1
svc-reports,reports-api,2025-04-20T00:15:00Z,200,528,ms,agent-1,ap-south-1
svc-auth,auth-api,2025-04-18T15:45:00Z,200,192,ms,agent-2,ap-south-1
svc-search,search-api,2025-04-20T02:15:00Z,200,0.64,s,agent-1,ap-south-1
svc-notify,notify-worker,1745133300,200,86,ms,agent-1,ap-south-1
svc-payments,payments-api,2025-04-15T16:15:00Z,200,249,ms,agent-1,ap-south-1
svc-reports,reports-api,2025-04-18T07:15:00Z,200,592,ms,agent-1,ap-south-1
svc-payments,payments-api,2025-04-10T21:45:00Z,200,247,ms,agent-2,ap-south-1
svc-payments,payments-api,2025-04-19T21:45:00Z,200,489,ms,agent-1,ap-south-1
svc-search,search-api,2025-04-17T10:45:00Z,200,0.694,s,agent-1,ap-south-1
svc-notify,notify-worker,2025-04-21T09:30:00Z,200,134,ms,agent-1,ap-south-1
svc-payments,payments-api,2025-04-10T05:45:00Z,200,452,ms,agent-2,ap-south-1
svc-auth,auth-api,2025-04-21T21:30:00Z,200,152,ms,agent-2,ap-south-1
svc-payments,payments-api,2025-04-14T12:45:00Z,200,393,ms,agent-2,ap-south-1
svc-notify,notify-worker,2025-04-16T20:00:00Z,200,144,ms,agent-1,ap-south-1
svc-auth,auth-api,2025-04-12T13:45:00Z,200,141,ms,agent-1,ap-south-1
svc-auth,auth-api,2025-04-15T21:30:00Z,200,105,ms,agent-1,ap-south-1
svc-search,search-api,2025-04-12T08:00:00Z,200,0.598,s,agent-1,ap-south-1
svc-reports,reports-api,2025-04-20T05:00:00Z,200,820,ms,agent-1,ap-south-1
svc-notify,notify-worker,2025-04-15T18:00:00Z,200,113,ms,agent-1,ap-south-1
svc-reports,reports-api,2025-04-10T16:45:00Z,200,757,ms,agent-1,ap-south-1
svc-search,search-api,2025-04-21T06:30:00Z,200,0.597,s,agent-1,ap-south-1
svc-auth,auth-api,2025-04-20T18:00:00Z,200,154,ms,agent-2,ap-south-1
svc-search,search-api,2025-04-20T11:00:00Z,200,0.465,s,agent-1,ap-south-1
svc-payments,payments-api,2025-04-17T00:45:00Z,200,260,ms,agent-1,ap-south-1
svc-search,search-api,2025-04-19T18:15:00Z,200,0.52,s,agent-1,ap-south-1
svc-reports,reports-api,2025-04-18T00:30:00Z,200,647,ms,agent-1,ap-south-1
svc-notify,notify-worker,2025-04-19T04:00:00Z,200,114,ms,agent-1,ap-south-1
svc-reports,reports-api,2025-04-12T14:00:00Z,200,617,ms,agent-1,ap-south-1
svc-notify,notify-worker,2025-04-16T06:30:00Z,200,123,ms,agent-2,ap-south-1
svc-search,search-api,2025-04-20T10:45:00Z,200,0.58,s,agent-2,ap-south-1
svc-payments,payments-api,2025-04-20T04:30:00Z,200,368,ms,agent-1,ap-south-1
svc-payments,payments-api,2025-04-13T08:15:00Z,502,358,ms,agent-1,ap-south-1
svc-reports,reports-api,2025-04-17T00:00:00Z,200,760,ms,agent-1,ap-south-1
svc-reports,reports-api,2025-04-21T05:45:00Z,200,735,ms,agent-1,ap-south-1
svc-auth,auth-api,2025-04-19T14:00:00Z,200,154,ms,agent-1,ap-south-1
svc-reports,reports-api,2025-04-14T19:00:00Z,200,824,ms,agent-1,ap-south-1
svc-reports,reports-api,2025-04-21T18:30:00Z,200,775,ms,agent-1,ap-south-1
svc-reports,reports-api,2025-04-21T14:15:00Z,200,783,ms,agent-1,ap-south-1
svc-search,search-api,2025-04-14T02:15:00Z,200,0.375,s,agent-1,ap-south-1
svc-notify,notify-worker,2025-04-19T07:45:00Z,200,78,ms,agent-2,ap-south-1
svc-auth,auth-api,2025-04-14T02:30:00Z,200,109,ms,agent-1,ap-south-1
svc-payments,payments-api,2025-04-20T17:30:00Z,200,317,ms,agent-1,ap-south-1
svc-search,search-api,2025-04-17T16:45:00Z,200,0.692,s,agent-1,ap-south-1
svc-reports,reports-api,2025-04-20T14:00:00Z,200,735,ms,agent-1,ap-south-1
svc-reports,reports-api,2025-04-12T11:00:00Z,200,454,ms,agent-1,ap-south-1
svc-reports,reports-api,2025-04-12T15:00:00Z,200,816,ms,agent-1,ap-south-1
svc-search,search-api,2025-04-15T04:30:00Z,200,0.69,s,agent-1,ap-south-1
svc-auth,auth-api,2025-04-15T00:45:00Z,200,157,ms,agent-1,ap-south-1
svc-payments,payments-api,2025-04-11T04:15:00Z,200,397,ms,agent-1,ap-south-1
svc-auth,auth-api,2025-04-10T11:30:00Z,200,107,ms,agent-1,ap-south-1
svc-payments,payments-api,2025-04-11T23:15:00Z,200,352,ms,agent-1,ap-south-1
svc-payments,payments-api,2025-04-17T05:00:00Z,200,283,ms,agent-1,ap-south-1
svc-notify,notify-worker,2025-04-15T00:30:00Z,200,129,ms,agent-1,ap-south-1
svc-search,search-api,2025-04-21T16:45:00Z,200,0.647,s,agent-1,ap-south-1
svc-search,search-api,2025-04-13T17:45:00Z,200,0.591,s,agent-1,ap-south-1
svc-notify,notify-worker,2025-04-10T19:00:00Z,200,140,ms,agent-1,ap-south-1
svc-notify,notify-worker,2025-04-10T11:30:00Z,200,91,ms,agent-1,ap-south-1
svc-payments,payments-api,2025-04-13T01:45:00+05:30,200,266,ms,agent-1,ap-south-1
svc-reports,reports-api,2025-04-17T16:30:00Z,200,520,ms,agent-1,ap-south-1
svc-auth,auth-api,2025-04-11T00:30:00Z,200,184,ms,agent-1,ap-south-1
svc-search,search-api,2025-04-14T12:45:00Z,503,1.341,s,agent-1,ap-south-1
svc-search,search-api,1745008200,200,0.562,s,agent-1,ap-south-1
svc-reports,reports-api,2025-04-11T22:15:00Z,200,812,ms,agent-1,ap-south-1
svc-auth,auth-api,2025-04-15T00:45:00Z,200,152,ms,agent-2,ap-south-1
svc-auth,auth-api,2025-04-13T17:45:00Z,200,107,ms,agent-1,ap-south-1
svc-notify,notify-worker,2025-04-10T15:15:00Z,200,129,ms,agent-1,ap-south-1
svc-payments,payments-api,2025-04-15T02:15:00Z,200,427,ms,agent-1,ap-south-1
svc-auth,auth-api,2025-04-12T10:45:00Z,200,142,ms,agent-1,ap-south-1
svc-search,search-api,2025-04-21T18:30:00Z,200,0.43,s,agent-1,ap-south-1
svc-payments,payments-api,2025-04-13T09:30:00Z,200,345,ms,agent-1,ap-south-1
svc-search,search-api,2025-04-19T09:45:00Z,200,0.524,s,agent-1,ap-south-1
svc-auth,auth-api,2025-04-13T02:00:00Z,200,180,ms,agent-1,ap-south-1
svc-auth,auth-api,2025-04-21T19:15:00Z,200,119,ms,agent-1,ap-south-1
svc-notify,notify-worker,2025-04-12T01:00:00Z,200,137,ms,agent-1,ap-south-1
svc-search,search-api,2025-04-16T00:30:00Z,200,0.461,s,agent-1,ap-south-1
svc-payments,payments-api,2025-04-12T05:30:00Z,200,336,ms,agent-1,ap-south-1
svc-auth,auth-api,2025-04-12T11:00:00Z,200,176,ms,agent-1,ap-south-1
svc-reports,reports-api,2025-04-11T14:45:00Z,200,529,ms,agent-1,ap-south-1
svc-reports,reports-api,2025-04-18T08:15:00Z,200,650,ms,agent-1,ap-south-1
svc-search,search-api,2025-04-11T05:45:00Z,200,0.461,s,agent-1,ap-south-1
svc-reports,reports-api,2025-04-17T00:15:00Z,200,825,ms,agent-1,ap-south-1
svc-search,search-api,2025-04-20T01:15:00Z,200,0.625,s,agent-1,ap-south-1
svc-search,search-api,2025-04-10T06:45:00Z,200,0.676,s,agent-1,ap-south-1
svc-reports,reports-api,2025-04-19T19:30:00Z,200,753,ms,agent-1,ap-south-1
svc-reports,reports-api,2025-04-15T17:00:00Z,200,817,ms,agent-1,ap-south-1
svc-search,search-api,2025-04-13T08:15:00Z,200,0.524,s,agent-1,ap-south-1
svc-search,search-api,2025-04-14T14:15:00Z,500,2.452,s,agent-1,ap-south-1
svc-search,search-api,2025-04-17T15:15:00Z,200,0.453,s,agent-2,ap-south-1
svc-notify,notify-worker,2025-04-19T08:00:00Z,200,96,ms,agent-1,ap-south-1
svc-reports,reports-api,2025-04-18T11:45:00Z,200,636,ms,agent-1,ap-south-1
svc-payments,payments-api,2025-04-21T23:15:00Z,200,444,ms,agent-1,ap-south-1
svc-auth,auth-api,2025-04-20T08:00:00Z,200,132,ms,agent-1,ap-south-1
svc-search,search-api,2025-04-13T19:15:00Z,200,0.471,s,agent-1,ap-south-1
svc-payments,payments-api,2025-04-19T00:00:00Z,200,439,ms,agent-2,ap-south-1
svc-auth,auth-api,2025-04-11T08:45:00Z,200,138,ms,agent-1,ap-south-1
svc-payments,payments-api,2025-04-17T19:45:00Z,200,490,ms,agent-1,ap-south-1
svc-reports,reports-api,2025-04-16T16:30:00Z,200,775,ms,agent-1,ap-south-1
svc-search,search-api,2025-04-21T04:00:00Z,200,0.376,s,agent-1,ap-south-1
svc-search,search-api,2025-04-14T13:30:00Z,502,2.36,s,agent-1,ap-south-1
svc-notify,notify-worker,2025-04-18T05:45:00Z,200,103,ms,agent-2,ap-south-1
svc-reports,reports-api,2025-04-17T11:45:00Z,200,776,ms,agent-1,ap-south-1
svc-search,search-api,2025-04-10T15:30:00Z,200,0.518,s,agent-1,ap-south-1
svc-notify,notify-worker,2025-04-20T20:30:00Z,200,130,ms,agent-1,ap-south-1
svc-reports,reports-api,2025-04-11T02:45:00Z,200,747,ms,agent-2,ap-south-1
svc-notify,notify-worker,2025-04-20T17:00:00Z,200,137,ms,agent-1,ap-south-1
svc-search,search-api,2025-04-18T23:30:00Z,200,0.384,s,agent-1,ap-south-1
svc-search,search-api,2025-04-17T20:15:00Z,200,0.369,s,agent-1,ap-south-1
svc-search,search-api,2025-04-17T02:15:00Z,200,0.361,s,agent-1,ap-south-1
svc-auth,auth-api,2025-04-10T12:00:00Z,200,127,ms,agent-1,ap-south-1
svc-payments,payments-api,2025-04-17T06:15:00Z,200,251,ms,agent-1,ap-south-1
svc-auth,auth-api,2025-04-12T23:15:00Z,200,162,ms,agent-1,ap-south-1
svc-payments,payments-api,2025-04-19T16:15:00Z,200,347,ms,agent-1,ap-south-1
svc-auth,auth-api,2025-04-14T11:30:00Z,200,,ms,agent-1,ap-south-1
svc-auth,auth-api,2025-04-21T06:15:00Z,200,195,ms,agent-2,ap-south-1
svc-reports,reports-api,2025-04-10T10:45:00Z,200,546,ms,agent-1,ap-south-1
svc-search,search-api,2025-04-15T02:30:00Z,200,0.394,s,agent-1,ap-south-1
svc-search,search-api,2025-04-17T18:45:00Z,200,0.367,s,agent-1,ap-south-1
svc-auth,auth-api,2025-04-18T00:15:00Z,200,114,ms,agent-1,ap-south-1
svc-notify,notify-worker,2025-04-16T14:30:00Z,200,113,ms,agent-1,ap-south-1
svc-search,search-api,2025-04-11T06:00:00Z,500,0.586,s,agent-1,ap-south-1
svc-notify,notify-worker,2025-04-13T07:30:00Z,200,151,ms,agent-1,ap-south-1
svc-reports,reports-api,2025-04-12T19:45:00Z,200,566,ms,agent-1,ap-south-1
svc-search,search-api,2025-04-15T18:45:00Z,200,0.666,s,agent-2,ap-south-1
svc-reports,reports-api,2025-04-12T06:15:00Z,200,492,ms,agent-1,ap-south-1
svc-search,search-api,2025-04-21T14:15:00Z,200,0.578,s,agent-1,ap-south-1
svc-auth,auth-api,2025-04-14T19:45:00Z,200,118,ms,agent-1,ap-south-1
svc-payments,payments-api,2025-04-13T05:00:00Z,200,395,ms,agent-2,ap-south-1
svc-search,search-api,2025-04-16T20:45:00Z,200,0.586,s,agent-1,ap-south-1
svc-auth,auth-api,2025-04-11T18:30:00Z,200,164,ms,agent-1,ap-south-1
svc-search,search-api,2025-04-12T20:15:00Z,200,0.627,s,agent-1,ap-south-1
svc-reports,reports-api,1744548300,200,493,ms,agent-1,ap-south-1
svc-payments,payments-api,2025-04-13T11:15:00Z,200,273,ms,agent-1,ap-south-1
svc-reports,reports-api,2025-04-18T07:45:00Z,200,595,ms,agent-1,ap-south-1
svc-payments,payments-api,2025-04-13T02:00:00Z,200,295,ms,agent-1,ap-south-1
svc-payments,payments-api,2025-04-15T01:15:00Z,200,467,ms,agent-1,ap-south-1
svc-reports,reports-api,2025-04-12T04:45:00Z,200,624,ms,agent-1,ap-south-1
svc-payments,payments-api,2025-04-13T16:30:00Z,200,401,ms,agent-1,ap-south-1
svc-auth,auth-api,2025-04-16T10:30:00Z,200,126,ms,agent-1,ap-south-1
svc-reports,reports-api,2025-04-15T19:00:00Z,200,710,ms,agent-1,ap-south-1
svc-search,search-api,2025-04-12T12:15:00Z,200,0.567,s,agent-1,ap-south-1
svc-payments,payments-api,2025-04-19T04:15:00Z,200,454,ms,agent-1,ap-south-1
svc-search,search-api,2025-04-17T05:15:00Z,200,0.403,s,agent-1,ap-south-1
svc-notify,notify-worker,2025-04-12T13:15:00Z,200,95,ms,agent-1,ap-south-1
svc-auth,auth-api,2025-04-21T12:15:00Z,200,180,ms,agent-1,ap-south-1
svc-search,search-api,2025-04-12T04:00:00Z,200,0.632,s,agent-1,ap-south-1
svc-reports,reports-api,2025-04-11T15:15:00Z,200,742,ms,agent-1,ap-south-1
svc-search,search-api,2025-04-20T08:15:00Z,200,0.404,s,agent-1,ap-south-1
svc-payments,payments-api,2025-04-15T16:45:00Z,200,280,ms,agent-1,ap-south-1
svc-reports,reports-api,2025-04-10T13:00:00Z,200,734,ms,agent-2,ap-south-1
svc-search,search-api,2025-04-13T12:15:00Z,200,0.676,s,agent-1,ap-south-1
svc-reports,reports-api,2025-04-16T13:30:00Z,200,757,ms,agent-1,ap-south-1
svc-reports,reports-api,2025-04-19T08:45:00Z,200,541,ms,agent-1,ap-south-1
svc-notify,notify-worker,2025-04-10T01:30:00Z,200,84,ms,agent-1,ap-south-1
svc-reports,reports-api,2025-04-12T14:15:00Z,200,857,ms,agent-1,ap-south-1
svc-search,search-api,2025-04-18T07:45:00Z,200,0.51,s,agent-1,ap-south-1
svc-reports,reports-api,2025-04-13T15:45:00Z,200,809,ms,agent-1,ap-south-1
svc-payments,payments-api,2025-04-11T06:30:00Z,200,392,ms,agent-1,ap-south-1
svc-reports,reports-api,2025-04-20T04:45:00Z,200,510,ms,agent-1,ap-south-1
svc-reports,reports-api,2025-04-20T00:45:00Z,200,810,ms,agent-1,ap-south-1
svc-notify,notify-worker,2025-04-16T15:45:00Z,200,140,ms,agent-1,ap-south-1
svc-reports,reports-api,2025-04-16T18:30:00Z,200,490,ms,agent-1,ap-south-1
svc-notify,notify-worker,2025-04-16T04:00:00Z,200,91,ms,agent-1,ap-south-1
svc-notify,notify-worker,2025-04-15T23:30:00Z,200,90,ms,agent-1,ap-south-1
svc-payments,payments-api,2025-04-18T08:45:00Z,200,286,ms,agent-1,ap-south-1
svc-payments,payments-api,2025-04-12T13:15:00Z,200,317,ms,agent-1,ap-south-1
svc-search,search-api,2025-04-19T10:15:00Z,200,0.715,s,agent-1,ap-south-1
svc-payments,payments-api,2025-04-18T09:00:00Z,200,268,ms,agent-1,ap-south-1
svc-payments,payments-api,2025-04-18T18:00:00Z,200,416,ms,agent-1,ap-south-1
svc-auth,auth-api,2025-04-17T22:00:00Z,200,130,ms,agent-2,ap-south-1
svc-payments,payments-api,2025-04-14T14:45:00Z,200,316,ms,agent-1,ap-south-1
svc-notify,notify-worker,2025-04-13T05:45:00Z,200,102,ms,agent-1,ap-south-1
svc-auth,auth-api,2025-04-10T03:00:00Z,200,131,ms,agent-1,ap-south-1
svc-auth,auth-api,2025-04-11T19:30:00Z,200,163,ms,agent-1,ap-south-1
svc-auth,auth-api,2025-04-10T21:15:00Z,200,173,ms,agent-1,ap-south-1
svc-search,search-api,2025-04-14T19:30:00Z,200,0.531,s,agent-1,ap-south-1
svc-search,search-api,2025-04-21T13:15:00Z,200,0.641,s,agent-1,ap-south-1
svc-reports,reports-api,2025-04-18T00:45:00Z,200,695,ms,agent-1,ap-south-1
svc-reports,reports-api,2025-04-10T20:45:00Z,200,673,ms,agent-1,ap-south-1
svc-reports,reports-api,2025-04-13T23:30:00Z,200,606,ms,agent-1,ap-south-1
svc-reports,reports-api,2025-04-21T02:45:00Z,502,556,ms,agent-1,ap-south-1
svc-notify,notify-worker,2025-04-21T11:30:00Z,200,92,ms,agent-1,ap-south-1
svc-notify,notify-worker,2025-04-11T04:45:00Z,200,81,ms,agent-1,ap-south-1
svc-search,search-api,2025-04-18T02:00:00+05:30,200,0.51,s,agent-1,ap-south-1
svc-payments,payments-api,2025-04-20T07:45:00Z,200,383,ms,agent-1,ap-south-1
svc-reports,reports-api,2025-04-20T08:45:00Z,200,665,ms,agent-1,ap-south-1
svc-auth,auth-api,2025-04-20T21:15:00Z,200,181,ms,agent-1,ap-south-1
svc-auth,auth-api,2025-04-21T11:45:00Z,200,138,ms,agent-1,ap-south-1
svc-auth,auth-api,2025-04-18T06:15:00Z,200,146,ms,agent-1,ap-south-1
svc-search,search-api,2025-04-13T05:00:00Z,200,0.424,s,agent-1,ap-south-1
svc-auth,auth-api,2025-04-15T18:00:00Z,200,106,ms,agent-1,ap-south-1
svc-notify,notify-worker,2025-04-14T20:15:00Z,200,101,ms,agent-2,ap-south-1
svc-notify,notify-worker,2025-04-14T16:45:00Z,200,142,ms,agent-1,ap-south-1
svc-reports,reports-api,2025-04-20T16:45:00+05:30,200,812,ms,agent-1,ap-south-1
svc-search,search-api,2025-04-16T03:30:00Z,200,0.532,s,agent-1,ap-south-1
svc-search,search-api,2025-04-16T00:00:00Z,200,0.615,s,agent-1,ap-south-1
svc-notify,notify-worker,2025-04-14T10:15:00Z,200,148,ms,agent-2,ap-south-1
svc-notify,notify-worker,2025-04-18T18:45:00Z,200,93,ms,agent-2,ap-south-1
svc-notify,notify-worker,2025-04-21T10:45:00Z,200,102,ms,agent-1,ap-south-1
svc-reports,reports-api,2025-04-13T11:00:00Z,200,717,ms,agent-1,ap-south-1
svc-reports,reports-api,2025-04-15T20:00:00Z,200,827,ms,agent-1,ap-south-1
svc-notify,notify-worker,2025-04-19T09:45:00Z,200,107,ms,agent-1,ap-south-1
svc-auth,auth-api,2025-04-11T05:30:00Z,200,171,ms,agent-1,ap-south-1
svc-reports,reports-api,2025-04-13T03:15:00Z,200,515,ms,agent-1,ap-south-1
svc-reports,reports-api,2025-04-21T09:15:00Z,200,537,ms,agent-1,ap-south-1
svc-search,search-api,2025-04-18T03:00:00Z,200,0.704,s,agent-1,ap-south-1
svc-payments,payments-api,2025-04-12T18:30:00Z,200,399,ms,agent-1,ap-south-1
svc-notify,notify-worker,2025-04-13T20:45:00Z,200,107,ms,agent-1,ap-south-1
svc-auth,auth-api,1744645500,200,162,ms,agent-1,ap-south-1
svc-reports,reports-api,2025-04-18T19:15:00Z,200,706,ms,agent-1,ap-south-1
svc-reports,reports-api,2025-04-11T11:15:00Z,200,,ms,agent-1,ap-south-1
svc-auth,auth-api,2025-04-18T14:15:00Z,200,169,ms,agent-1,ap-south-1
svc-payments,payments-api,2025-04-21T18:00:00Z,200,451,ms,agent-1,ap-south-1
svc-reports,reports-api,2025-04-21T12:45:00Z,200,671,ms,agent-1,ap-south-1
svc-reports,reports-api,2025-04-18T02:00:00Z,200,683,ms,agent-1,ap-south-1
svc-payments,payments-api,2025-04-13T12:00:00Z,200,402,ms,agent-1,ap-south-1
svc-payments,payments-api,2025-04-11T14:15:00Z,200,399,ms,agent-1,ap-south-1
svc-payments,payments-api,2025-04-18T20:00:00Z,200,271,ms,agent-1,ap-south-1
svc-reports,reports-api,2025-04-11T12:00:00Z,200,493,ms,agent-1,ap-south-1
svc-search,search-api,2025-04-18T07:30:00Z,200,0.601,s,agent-1,ap-south-1
svc-payments,payments-api,2025-04-10T20:30:00Z,200,400,ms,agent-1,ap-south-1
svc-search,search-api,2025-04-11T07:45:00Z,503,0.432,s,agent-1,ap-south-1
svc-search,search-api,2025-04-21T18:45:00Z,200,0.696,s,agent-1,ap-south-1
svc-search,search-api,2025-04-19T20:15:00Z,200,0.455,s,agent-1,ap-south-1
svc-auth,auth-api,2025-04-18T21:15:00Z,200,114,ms,agent-1,ap-south-1
svc-search,search-api,2025-04-18T04:00:00Z,200,0.446,s,agent-2,ap-south-1
svc-payments,payments-api,2025-04-19T15:00:00Z,200,494,ms,agent-1,ap-south-1
svc-reports,reports-api,1744644600,200,513,ms,agent-1,ap-south-1
svc-search,search-api,2025-04-15T02:15:00Z,200,0.565,s,agent-1,ap-south-1
svc-reports,reports-api,2025-04-15T16:00:00Z,200,698,ms,agent-2,ap-south-1
svc-payments,payments-api,2025-04-10T06:45:00Z,200,277,ms,agent-2,ap-south-1
svc-reports,reports-api,2025-04-17T12:45:00Z,200,856,ms,agent-1,ap-south-1
svc-auth,auth-api,2025-04-15T10:00:00Z,200,157,ms,agent-1,ap-south-1
svc-auth,auth-api,2025-04-11T06:45:00Z,200,146,ms,agent-1,ap-south-1
svc-reports,reports-api,2025-04-11T13:45:00Z,200,622,ms,agent-1,ap-south-1
svc-payments,payments-api,2025-04-12T16:15:00Z,200,242,ms,agent-2,ap-south-1
svc-notify,notify-worker,2025-04-18T11:00:00Z,200,76,ms,agent-1,ap-south-1
svc-reports,reports-api,2025-04-16T16:15:00Z,200,437,ms,agent-1,ap-south-1
svc-reports,reports-api,2025-04-17T09:45:00Z,200,816,ms,agent-1,ap-south-1
svc-payments,payments-api,2025-04-14T22:30:00Z,200,,ms,agent-1,ap-south-1
svc-reports,reports-api,2025-04-14T20:45:00Z,200,694,ms,agent-1,ap-south-1
svc-payments,payments-api,2025-04-14T13:15:00Z,200,383,ms,agent-1,ap-south-1
svc-auth,auth-api,2025-04-11T19:00:00Z,200,99,ms,agent-1,ap-south-1
svc-search,search-api,2025-04-20T18:00:00Z,200,0.383,s,agent-1,ap-south-1
svc-payments,payments-api,2025-04-15T08:00:00Z,200,276,ms,agent-1,ap-south-1
svc-auth,auth-api,2025-04-20T13:45:00Z,200,121,ms,agent-1,ap-south-1
svc-reports,reports-api,2025-04-17T12:00:00Z,200,453,ms,agent-1,ap-south-1
svc-notify,notify-worker,2025-04-11T18:15:00Z,200,105,ms,agent-1,ap-south-1
svc-payments,payments-api,2025-04-19T03:45:00Z,200,349,ms,agent-1,ap-south-1
svc-auth,auth-api,2025-04-10T11:45:00Z,200,161,ms,agent-1,ap-south-1
svc-auth,auth-api,2025-04-11T22:00:00Z,200,138,ms,agent-1,ap-south-1
svc-reports,reports-api,2025-04-15T04:00:00Z,200,734,ms,agent-1,ap-south-1
svc-payments,payments-api,2025-04-15T20:45:00Z,200,324,ms,agent-1,ap-south-1
svc-reports,reports-api,2025-04-13T14:00:00Z,200,827,ms,agent-1,ap-south-1
svc-search,search-api,2025-04-15T19:30:00Z,200,0.432,s,agent-1,ap-south-1
svc-reports,reports-api,2025-04-16T05:45:00Z,200,787,ms,agent-1,ap-south-1
svc-notify,notify-worker,2025-04-21T14:30:00Z,200,149,ms,agent-1,ap-south-1
svc-reports,reports-api,2025-04-16T00:45:00Z,200,835,ms,agent-1,ap-south-1
svc-auth,auth-api,2025-04-17T13:00:00Z,200,167,ms,agent-1,ap-south-1
svc-auth,auth-api,2025-04-18T13:00:00Z,200,159,ms,agent-1,ap-south-1
svc-reports,reports-api,2025-04-12T05:45:00Z,200,684,ms,agent-1,ap-south-1
svc-reports,reports-api,2025-04-16T01:30:00Z,200,751,ms,agent-1,ap-south-1
svc-auth,auth-api,2025-04-14T17:30:00Z,200,164,ms,agent-1,ap-south-1
svc-notify,notify-worker,2025-04-10T12:30:00Z,200,82,ms,agent-1,ap-south-1
svc-notify,notify-worker,2025-04-12T07:30:00Z,200,121,ms,agent-2,ap-south-1
svc-notify,notify-worker,2025-04-14T08:30:00Z,200,78,ms,agent-1,ap-south-1
svc-notify,notify-worker,2025-04-15T09:30:00Z,200,98,ms,agent-1,ap-south-1
svc-auth,auth-api,2025-04-14T01:45:00Z,200,143,ms,agent-2,ap-south-1
svc-notify,notify-worker,2025-04-21T17:00:00Z,200,120,ms,agent-1,ap-south-1
svc-search,search-api,2025-04-19T21:00:00Z,200,0.551,s,agent-2,ap-south-1
svc-payments,payments-api,2025-04-21T18:30:00Z,200,316,ms,agent-1,ap-south-1
svc-payments,payments-api,2025-04-19T22:45:00Z,200,418,ms,agent-1,ap-south-1
svc-payments,payments-api,2025-04-21T14:30:00Z,200,384,ms,agent-2,ap-south-1
svc-payments,payments-api,2025-04-19T15:30:00Z,200,460,ms,agent-1,ap-south-1
svc-auth,auth-api,2025-04-19T13:30:00Z,200,136,ms,agent-1,ap-south-1
svc-auth,auth-api,2025-04-13T06:30:00Z,200,152,ms,agent-1,ap-south-1
svc-auth,auth-api,2025-04-11T08:15:00Z,200,146,ms,agent-1,ap-south-1
svc-payments,payments-api,2025-04-10T11:45:00Z,200,391,ms,agent-1,ap-south-1
svc-auth,auth-api,2025-04-14T01:15:00Z,200,98,ms,agent-1,ap-south-1
svc-auth,auth-api,2025-04-11T05:15:00Z,200,182,ms,agent-1,ap-south-1
svc-auth,auth-api,2025-04-20T01:00:00Z,200,126,ms,agent-1,ap-south-1
svc-auth,auth-api,2025-04-16T01:30:00Z,200,120,ms,agent-1,ap-south-1
svc-search,search-api,2025-04-13T09:00:00Z,200,0.673,s,agent-1,ap-south-1
svc-search,search-api,2025-04-14T09:00:00Z,200,0.478,s,agent-1,ap-south-1
svc-auth,auth-api,2025-04-19T14:45:00Z,200,160,ms,agent-1,ap-south-1
svc-notify,notify-worker,2025-04-16T03:45:00Z,200,127,ms,agent-1,ap-south-1
svc-search,search-api,2025-04-12T13:15:00Z,200,0.376,s,agent-1,ap-south-1
svc-notify,notify-worker,2025-04-21T18:30:00Z,200,116,ms,agent-1,ap-south-1
svc-search,search-api,2025-04-11T22:45:00Z,200,0.522,s,agent-1,ap-south-1
svc-reports,reports-api,2025-04-15T22:00:00Z,200,619,ms,agent-1,ap-south-1
svc-auth,auth-api,2025-04-19T05:45:00Z,200,171,ms,agent-1,ap-south-1
svc-auth,auth-api,2025-04-14T17:00:00Z,200,101,ms,agent-1,ap-south-1
svc-reports,reports-api,2025-04-21T20:15:00Z,200,649,ms,agent-2,ap-south-1
svc-auth,auth-api,2025-04-19T21:00:00Z,200,127,ms,agent-1,ap-south-1
svc-search,search-api,2025-04-20T04:30:00Z,200,0.441,s,agent-1,ap-south-1
svc-auth,auth-api,2025-04-21T09:30:00Z,200,108,ms,agent-1,ap-south-1
svc-search,search-api,2025-04-20T16:30:00Z,200,0.678,s,agent-1,ap-south-1
svc-reports,reports-api,2025-04-10T06:30:00Z,200,634,ms,agent-1,ap-south-1
svc-payments,payments-api,2025-04-10T00:15:00Z,200,380,ms,agent-1,ap-south-1
svc-search,search-api,2025-04-15T09:15:00Z,200,0.694,s,agent-1,ap-south-1
svc-reports,reports-api,2025-04-12T12:15:00Z,200,858,ms,agent-1,ap-south-1
svc-reports,reports-api,2025-04-20T16:00:00Z,200,466,ms,agent-1,ap-south-1
svc-notify,notify-worker,2025-04-20T03:15:00Z,200,81,ms,agent-1,ap-south-1
svc-auth,auth-api,2025-04-10T08:45:00Z,200,115,ms,agent-1,ap-south-1
svc-notify,notify-worker,2025-04-10T23:45:00Z,200,117,ms,agent-1,ap-south-1
svc-notify,notify-worker,2025-04-11T04:00:00Z,200,115,ms,agent-1,ap-south-1
svc-payments,payments-api,2025-04-12T03:15:00Z,200,458,ms,agent-1,ap-south-1
svc-notify,notify-worker,2025-04-18T22:00:00Z,200,129,ms,agent-1,ap-south-1
svc-auth,auth-api,2025-04-18T21:00:00Z,200,135,ms,agent-1,ap-south-1
svc-notify,notify-worker,2025-04-20T07:00:00Z,200,88,ms,agent-1,ap-south-1
svc-notify,notify-worker,2025-04-12T14:30:00Z,200,131,ms,agent-2,ap-south-1
svc-search,search-api,2025-04-11T20:30:00Z,200,0.357,s,agent-2,ap-south-1
svc-payments,payments-api,2025-04-21T20:45:00Z,200,268,ms,agent-1,ap-south-1
svc-reports,reports-api,2025-04-16T19:15:00Z,200,599,ms,agent-1,ap-south-1
svc-notify,notify-worker,2025-04-17T02:30:00Z,200,100,ms,agent-1,ap-south-1
svc-auth,auth-api,2025-04-18T12:00:00Z,200,113,ms,agent-1,ap-south-1
svc-auth,auth-api,2025-04-16T11:45:00Z,200,146,ms,agent-1,ap-south-1
svc-notify,notify-worker,2025-04-10T22:15:00Z,200,85,ms,agent-1,ap-south-1
svc-search,search-api,2025-04-11T13:45:00Z,200,0.454,s,agent-1,ap-south-1
svc-auth,auth-api,2025-04-16T08:00:00Z,200,168,ms,agent-1,ap-south-1
svc-notify,notify-worker,2025-04-10T21:45:00+05:30,200,104,ms,agent-1,ap-south-1
svc-payments,payments-api,2025-04-13T07:45:00Z,200,362,ms,agent-1,ap-south-1
svc-auth,auth-api,2025-04-12T04:15:00Z,200,163,ms,agent-1,ap-south-1
svc-notify,notify-worker,2025-04-13T04:30:00Z,200,86,ms,agent-1,ap-south-1
svc-auth,auth-api,2025-04-12T14:30:00Z,200,175,ms,agent-1,ap-south-1
svc-auth,auth-api,1744796700,200,123,ms,agent-1,ap-south-1
svc-reports,reports-api,2025-04-21T17:45:00Z,200,513,ms,agent-1,ap-south-1
svc-search,search-api,2025-04-14T07:45:00Z,200,0.464,s,agent-2,ap-south-1
svc-notify,notify-worker,1745088300,200,120,ms,agent-1,ap-south-1
svc-auth,auth-api,2025-04-16T09:30:00Z,200,164,ms,agent-1,ap-south-1
svc-search,search-api,2025-04-12T19:00:00Z,200,0.428,s,agent-1,ap-south-1
svc-reports,reports-api,2025-04-11T22:00:00Z,200,446,ms,agent-1,ap-south-1
svc-reports,reports-api,2025-04-13T10:30:00Z,200,797,ms,agent-1,ap-south-1
svc-payments,payments-api,2025-04-19T16:45:00+05:30,200,350,ms,agent-1,ap-south-1
svc-auth,auth-api,2025-04-19T09:45:00Z,200,118,ms,agent-1,ap-south-1
svc-reports,reports-api,2025-04-10T06:00:00Z,200,810,ms,agent-2,ap-south-1
svc-payments,payments-api,2025-04-11T09:15:00Z,200,283,ms,agent-1,ap-south-1
svc-auth,auth-api,2025-04-20T09:45:00Z,200,123,ms,agent-1,ap-south-1
svc-reports,reports-api,2025-04-15T01:30:00Z,200,716,ms,agent-1,ap-south-1
svc-search,search-api,2025-04-16T19:45:00Z,200,0.542,s,agent-1,ap-south-1
svc-search,search-api,2025-04-17T07:00:00Z,200,0.592,s,agent-1,ap-south-1
svc-search,search-api,2025-04-21T09:15:00Z,200,0.658,s,agent-1,ap-south-1
svc-search,search-api,2025-04-18T17:15:00Z,200,0.459,s,agent-1,ap-south-1
svc-reports,reports-api,2025-04-10T03:30:00Z,200,836,ms,agent-1,ap-south-1
svc-reports,reports-api,2025-04-12T16:00:00Z,200,515,ms,agent-1,ap-south-1
svc-auth,auth-api,2025-04-11T22:15:00Z,200,141,ms,agent-1,ap-south-1
svc-notify,notify-worker,2025-04-12T10:15:00Z,200,131,ms,agent-1,ap-south-1
svc-reports,reports-api,2025-04-10T05:45:00Z,200,518,ms,agent-1,ap-south-1
svc-auth,auth-api,2025-04-11T03:30:00Z,200,138,ms,agent-1,ap-south-1
svc-reports,reports-api,2025-04-12T04:30:00Z,200,561,ms,agent-1,ap-south-1
svc-notify,notify-worker,2025-04-17T01:45:00Z,200,80,ms,agent-1,ap-south-1
svc-reports,reports-api,2025-04-18T07:30:00Z,200,625,ms,agent-1,ap-south-1
svc-search,search-api,2025-04-12T04:45:00Z,200,0.509,s,agent-1,ap-south-1
svc-reports,reports-api,2025-04-11T11:00:00Z,200,467,ms,agent-2,ap-south-1
svc-search,search-api,2025-04-17T23:45:00Z,200,0.61,s,agent-2,ap-south-1
svc-notify,notify-worker,2025-04-13T15:15:00Z,200,84,ms,agent-1,ap-south-1
svc-search,search-api,2025-04-16T12:45:00Z,200,0.504,s,agent-1,ap-south-1
svc-auth,auth-api,2025-04-12T12:45:00Z,200,138,ms,agent-1,ap-south-1
svc-notify,notify-worker,2025-04-12T04:00:00Z,200,101,ms,agent-1,ap-south-1
svc-reports,reports-api,2025-04-10T07:30:00Z,200,612,ms,agent-1,ap-south-1
svc-notify,notify-worker,2025-04-17T00:15:00Z,200,139,ms,agent-1,ap-south-1
svc-auth,auth-api,2025-04-10T21:15:00Z,200,177,ms,agent-2,ap-south-1
svc-reports,reports-api,2025-04-21T22:00:00Z,200,560,ms,agent-1,ap-south-1
svc-search,search-api,2025-04-17T17:45:00Z,200,0.367,s,agent-1,ap-south-1
svc-payments,payments-api,2025-04-10T15:45:00Z,200,460,ms,agent-2,ap-south-1
svc-reports,reports-api,2025-04-11T19:45:00Z,200,703,ms,agent-1,ap-south-1
svc-notify,notify-worker,2025-04-19T17:15:00Z,200,89,ms,agent-1,ap-south-1
svc-auth,auth-api,2025-04-15T10:15:00Z,200,153,ms,agent-1,ap-south-1
svc-payments,payments-api,2025-04-15T19:15:00Z,200,262,ms,agent-1,ap-south-1
svc-auth,auth-api,2025-04-11T00:00:00Z,200,132,ms,agent-1,ap-south-1
svc-notify,notify-worker,2025-04-11T20:45:00Z,200,89,ms,agent-1,ap-south-1
svc-reports,reports-api,2025-04-19T01:30:00Z,200,815,ms,agent-1,ap-south-1
svc-payments,payments-api,2025-04-15T02:30:00Z,200,279,ms,agent-1,ap-south-1
svc-notify,notify-worker,2025-04-14T14:00:00Z,200,103,ms,agent-1,ap-south-1
svc-auth,auth-api,2025-04-14T22:15:00Z,200,173,ms,agent-1,ap-south-1
svc-auth,auth-api,2025-04-15T10:45:00Z,200,166,ms,agent-1,ap-south-1
svc-payments,payments-api,2025-04-11T08:45:00Z,200,472,ms,agent-2,ap-south-1
svc-auth,auth-api,1744810200,200,158,ms,agent-2,ap-south-1
svc-auth,auth-api,2025-04-15T15:00:00Z,200,151,ms,agent-1,ap-south-1
svc-payments,payments-api,2025-04-14T03:30:00Z,200,493,ms,agent-1,ap-south-1
svc-notify,notify-worker,2025-04-21T05:00:00Z,200,150,ms,agent-1,ap-south-1
svc-notify,notify-worker,2025-04-10T22:00:00Z,200,88,ms,agent-1,ap-south-1
svc-reports,reports-api,2025-04-21T05:30:00Z,200,741,ms,agent-1,ap-south-1
svc-search,search-api,2025-04-20T20:30:00Z,200,0.534,s,agent-2,ap-south-1
svc-notify,notify-worker,2025-04-10T21:45:00Z,200,78,ms,agent-2,ap-south-1
svc-payments,payments-api,2025-04-18T10:30:00Z,200,344,ms,agent-1,ap-south-1
svc-notify,notify-worker,2025-04-16T05:00:00Z,200,141,ms,agent-1,ap-south-1
svc-notify,notify-worker,2025-04-11T21:45:00Z,200,94,ms,agent-1,ap-south-1
svc-reports,reports-api,2025-04-17T01:15:00Z,200,652,ms,agent-1,ap-south-1
svc-auth,auth-api,2025-04-16T12:30:00Z,200,102,ms,agent-1,ap-south-1
svc-reports,reports-api,2025-04-14T18:15:00Z,200,703,ms,agent-1,ap-south-1
svc-reports,reports-api,2025-04-16T04:00:00Z,200,445,ms,agent-1,ap-south-1
svc-search,search-api,2025-04-20T08:45:00Z,200,0.679,s,agent-2,ap-south-1
svc-search,search-api,2025-04-10T23:45:00Z,200,0.638,s,agent-1,ap-south-1
svc-notify,notify-worker,2025-04-14T02:15:00Z,200,145,ms,agent-1,ap-south-1
svc-reports,reports-api,2025-04-18T19:00:00Z,200,669,ms,agent-1,ap-south-1
svc-reports,reports-api,2025-04-10T11:30:00Z,200,537,ms,agent-1,ap-south-1
svc-search,search-api,2025-04-10T04:45:00Z,200,0.512,s,agent-1,ap-south-1
svc-notify,notify-worker,2025-04-12T03:30:00Z,200,102,ms,agent-1,ap-south-1
svc-auth,auth-api,2025-04-17T01:30:00Z,200,153,ms,agent-1,ap-south-1
svc-auth,auth-api,2025-04-13T21:15:00Z,200,138,ms,agent-1,ap-south-1
svc-reports,reports-api,2025-04-11T03:15:00Z,200,541,ms,agent-1,ap-south-1
svc-auth,auth-api,2025-04-19T20:45:00Z,200,127,ms,agent-1,ap-south-1
svc-payments,payments-api,2025-04-11T04:45:00Z,200,337,ms,agent-1,ap-south-1
svc-auth,auth-api,2025-04-18T19:30:00Z,200,104,ms,agent-1,ap-south-1
svc-search,search-api,2025-04-12T22:45:00Z,200,0.567,s,agent-1,ap-south-1
svc-reports,reports-api,2025-04-15T08:30:00Z,200,558,ms,agent-1,ap-south-1
svc-payments,payments-api,2025-04-16T09:15:00Z,200,354,ms,agent-1,ap-south-1
svc-auth,auth-api,2025-04-20T04:45:00Z,200,117,ms,agent-1,ap-south-1
svc-notify,notify-worker,2025-04-19T03:30:00Z,200,95,ms,agent-1,ap-south-1
svc-notify,notify-worker,2025-04-19T16:15:00Z,200,132,ms,agent-1,ap-south-1
svc-search,search-api,2025-04-14T02:00:00Z,200,0.698,s,agent-1,ap-south-1
svc-notify,notify-worker,2025-04-19T19:00:00Z,200,100,ms,agent-1,ap-south-1
svc-reports,reports-api,2025-04-16T13:00:00Z,200,465,ms,agent-1,ap-south-1
svc-search,search-api,2025-04-13T19:00:00Z,200,0.668,s,agent-1,ap-south-1
svc-reports,reports-api,2025-04-17T17:15:00Z,200,710,ms,agent-1,ap-south-1
svc-payments,payments-api,2025-04-15T05:45:00Z,200,289,ms,agent-1,ap-south-1
svc-reports,reports-api,2025-04-16T08:30:00Z,200,450,ms,agent-1,ap-south-1
svc-payments,payments-api,2025-04-20T18:45:00Z,200,286,ms,agent-1,ap-south-1
svc-notify,notify-worker,2025-04-19T06:45:00Z,200,91,ms,agent-1,ap-south-1
svc-auth,auth-api,2025-04-13T22:00:00Z,200,117,ms,agent-1,ap-south-1
svc-payments,payments-api,2025-04-20T04:00:00Z,200,369,ms,agent-1,ap-south-1
svc-auth,auth-api,2025-04-15T02:15:00Z,200,121,ms,agent-1,ap-south-1
svc-notify,notify-worker,2025-04-16T12:30:00Z,200,132,ms,agent-2,ap-south-1
svc-search,search-api,2025-04-20T09:45:00Z,200,0.553,s,agent-1,ap-south-1
svc-auth,auth-api,2025-04-10T05:30:00Z,200,191,ms,agent-1,ap-south-1
svc-search,search-api,2025-04-17T21:15:00Z,200,0.489,s,agent-1,ap-south-1
svc-reports,reports-api,2025-04-15T17:15:00+05:30,200,663,ms,agent-1,ap-south-1
svc-reports,reports-api,2025-04-13T22:30:00Z,200,545,ms,agent-1,ap-south-1
svc-auth,auth-api,2025-04-19T04:30:00Z,200,169,ms,agent-1,ap-south-1
svc-auth,auth-api,2025-04-12T16:45:00Z,503,123,ms,agent-1,ap-south-1
svc-auth,auth-api,2025-04-12T23:30:00Z,200,110,ms,agent-1,ap-south-1
svc-notify,notify-worker,2025-04-19T01:30:00Z,200,132,ms,agent-1,ap-south-1
svc-notify,notify-worker,2025-04-14T07:30:00Z,200,81,ms,agent-1,ap-south-1
svc-auth,auth-api,2025-04-21T07:00:00Z,200,149,ms,agent-1,ap-south-1
svc-reports,reports-api,2025-04-16T04:00:00Z,200,474,ms,agent-2,ap-south-1
svc-auth,auth-api,2025-04-16T10:45:00Z,200,144,ms,agent-1,ap-south-1
svc-reports,reports-api,2025-04-11T21:45:00Z,200,642,ms,agent-1,ap-south-1
svc-search,search-api,2025-04-20T06:30:00Z,200,0.647,s,agent-1,ap-south-1
svc-search,search-api,2025-04-18T11:15:00Z,200,0.463,s,agent-2,ap-south-1
svc-auth,auth-api,2025-04-14T01:30:00Z,200,140,ms,agent-1,ap-south-1
svc-auth,auth-api,2025-04-13T20:45:00Z,200,142,ms,agent-1,ap-south-1
svc-auth,auth-api,2025-04-12T17:45:00Z,200,113,ms,agent-1,ap-south-1
svc-payments,payments-api,2025-04-11T12:45:00Z,200,344,ms,agent-1,ap-south-1
svc-notify,notify-worker,2025-04-18T21:45:00Z,200,83,ms,agent-1,ap-south-1
svc-auth,auth-api,2025-04-15T14:45:00Z,200,167,ms,agent-1,ap-south-1
svc-search,search-api,2025-04-18T09:15:00Z,200,0.393,s,agent-1,ap-south-1
svc-auth,auth-api,2025-04-20T17:30:00Z,200,153,ms,agent-1,ap-south-1
svc-auth,auth-api,2025-04-12T05:00:00Z,200,191,ms,agent-1,ap-south-1
svc-notify,notify-worker,2025-04-21T10:45:00Z,200,100,ms,agent-2,ap-south-1
svc-search,search-api,2025-04-19T21:30:00Z,200,0.495,s,agent-1,ap-south-1
svc-auth,auth-api,2025-04-20T11:00:00Z,200,139,ms,agent-1,ap-south-1
svc-auth,auth-api,2025-04-18T09:15:00Z,200,160,ms,agent-1,ap-south-1
svc-payments,payments-api,2025-04-17T04:30:00+05:30,200,248,ms,agent-1,ap-south-1
svc-auth,auth-api,2025-04-15T05:15:00Z,200,124,ms,agent-2,ap-south-1
svc-search,search-api,2025-04-17T17:30:00Z,200,0.688,s,agent-1,ap-south-1
svc-payments,payments-api,2025-04-18T22:30:00Z,200,275,ms,agent-1,ap-south-1
svc-search,search-api,2025-04-12T01:45:00Z,200,0.413,s,agent-1,ap-south-1
svc-payments,payments-api,2025-04-18T06:15:00Z,200,367,ms,agent-1,ap-south-1
svc-payments,payments-api,2025-04-15T07:00:00Z,200,255,ms,agent-1,ap-south-1
svc-search,search-api,2025-04-17T08:30:00Z,200,0.648,s,agent-1,ap-south-1
svc-auth,auth-api,2025-04-16T09:15:00Z,200,136,ms,agent-1,ap-south-1
svc-reports,reports-api,2025-04-16T20:15:00Z,200,823,ms,agent-1,ap-south-1
svc-reports,reports-api,2025-04-18T14:45:00Z,200,585,ms,agent-1,ap-south-1
svc-search,search-api,2025-04-17T22:00:00Z,200,0.41,s,agent-1,ap-south-1
svc-payments,payments-api,2025-04-19T20:15:00Z,200,335,ms,agent-1,ap-south-1
svc-notify,notify-worker,2025-04-17T17:45:00Z,200,107,ms,agent-1,ap-south-1
svc-payments,payments-api,2025-04-20T01:30:00Z,200,267,ms,agent-1,ap-south-1
svc-payments,payments-api,2025-04-14T12:00:00Z,200,453,ms,agent-1,ap-south-1
svc-auth,auth-api,2025-04-19T18:30:00Z,200,129,ms,agent-1,ap-south-1
svc-payments,payments-api,2025-04-16T04:45:00Z,200,450,ms,agent-1,ap-south-1
svc-search,search-api,2025-04-11T19:45:00Z,200,0.522,s,agent-1,ap-south-1
svc-auth,auth-api,2025-04-16T23:45:00Z,200,140,ms,agent-1,ap-south-1
svc-auth,auth-api,2025-04-16T08:45:00Z,200,177,ms,agent-1,ap-south-1
svc-reports,reports-api,2025-04-19T03:00:00Z,200,500,ms,agent-1,ap-south-1
svc-notify,notify-worker,2025-04-16T16:15:00Z,200,99,ms,agent-1,ap-south-1
svc-auth,auth-api,2025-04-11T21:30:00Z,200,138,ms,agent-1,ap-south-1
svc-reports,reports-api,2025-04-17T06:15:00Z,200,478,ms,agent-1,ap-south-1
svc-reports,reports-api,2025-04-11T12:30:00Z,200,549,ms,agent-1,ap-south-1
svc-search,search-api,2025-04-14T10:45:00Z,200,0.717,s,agent-1,ap-south-1
svc-notify,notify-worker,2025-04-21T15:15:00Z,200,116,ms,agent-1,ap-south-1
svc-reports,reports-api,2025-04-17T06:00:00Z,200,501,ms,agent-1,ap-south-1
svc-reports,reports-api,2025-04-21T04:45:00Z,200,817,ms,agent-1,ap-south-1
svc-auth,auth-api,2025-04-18T07:45:00Z,200,146,ms,agent-1,ap-south-1
svc-auth,auth-api,2025-04-16T19:30:00Z,200,164,ms,agent-1,ap-south-1
svc-auth,auth-api,2025-04-15T12:15:00Z,200,131,ms,agent-2,ap-south-1
svc-reports,reports-api,2025-04-13T22:15:00Z,200,544,ms,agent-1,ap-south-1
svc-notify,notify-worker,2025-04-11T23:00:00Z,200,129,ms,agent-2,ap-south-1
svc-payments,payments-api,1744878600,200,316,ms,agent-1,ap-south-1
svc-auth,auth-api,2025-04-21T22:45:00Z,200,114,ms,agent-1,ap-south-1
svc-payments,payments-api,2025-04-11T18:15:00Z,200,379,ms,agent-1,ap-south-1
svc-notify,notify-worker,2025-04-21T22:00:00Z,200,114,ms,agent-1,ap-south-1
svc-payments,payments-api,2025-04-15T06:30:00Z,200,427,ms,agent-1,ap-south-1
svc-auth,auth-api,2025-04-11T13:30:00Z,200,124,ms,agent-1,ap-south-1
svc-auth,auth-api,2025-04-12T20:15:00Z,200,151,ms,agent-1,ap-south-1
svc-notify,notify-worker,2025-04-13T03:30:00Z,200,83,ms,agent-1,ap-south-1
svc-notify,notify-worker,2025-04-14T04:30:00Z,200,78,ms,agent-1,ap-south-1
svc-search,search-api,2025-04-12T10:15:00Z,200,,s,agent-1,ap-south-1
svc-notify,notify-worker,2025-04-10T00:45:00Z,200,126,ms,agent-2,ap-south-1
svc-notify,notify-worker,2025-04-11T23:45:00Z,200,128,ms,agent-1,ap-south-1
svc-search,search-api,2025-04-14T09:45:00Z,200,0.528,s,agent-1,ap-south-1
svc-reports,reports-api,2025-04-18T16:15:00Z,200,479,ms,agent-1,ap-south-1
svc-auth,auth-api,2025-04-14T07:00:00Z,200,116,ms,agent-1,ap-south-1
svc-notify,notify-worker,2025-04-11T10:45:00Z,200,109,ms,agent-1,ap-south-1
svc-notify,notify-worker,2025-04-12T16:15:00Z,200,95,ms,agent-1,ap-south-1
svc-auth,auth-api,2025-04-16T19:00:00Z,999,116,ms,agent-1,ap-south-1
svc-payments,payments-api,2025-04-16T10:00:00Z,200,364,ms,agent-1,ap-south-1
svc-auth,auth-api,2025-04-10T06:00:00Z,200,150,ms,agent-1,ap-south-1
svc-auth,auth-api,2025-04-13T16:00:00Z,200,190,ms,agent-1,ap-south-1
svc-payments,payments-api,2025-04-20T17:45:00Z,200,257,ms,agent-1,ap-south-1
svc-auth,auth-api,2025-04-16T23:00:00Z,200,173,ms,agent-1,ap-south-1
svc-auth,auth-api,2025-04-12T22:30:00Z,200,149,ms,agent-1,ap-south-1
svc-auth,auth-api,2025-04-11T14:45:00Z,200,166,ms,agent-1,ap-south-1
svc-reports,reports-api,2025-04-12T17:45:00Z,200,459,ms,agent-1,ap-south-1
svc-search,search-api,2025-04-10T19:45:00Z,200,0.391,s,agent-1,ap-south-1
svc-reports,reports-api,2025-04-18T06:00:00Z,503,468,ms,agent-1,ap-south-1
svc-notify,notify-worker,1744680600,200,103,ms,agent-2,ap-south-1
svc-payments,payments-api,2025-04-16T05:30:00Z,200,318,ms,agent-1,ap-south-1
svc-reports,reports-api,2025-04-20T18:15:00Z,200,727,ms,agent-2,ap-south-1
svc-payments,payments-api,2025-04-18T12:30:00Z,200,409,ms,agent-1,ap-south-1
svc-reports,reports-api,2025-04-19T07:30:00Z,200,536,ms,agent-1,ap-south-1
svc-auth,auth-api,2025-04-13T07:15:00Z,200,103,ms,agent-1,ap-south-1
svc-search,search-api,2025-04-16T23:30:00Z,200,0.676,s,agent-1,ap-south-1
svc-search,search-api,2025-04-11T05:00:00Z,200,0.638,s,agent-1,ap-south-1
svc-search,search-api,2025-04-10T17:00:00Z,200,0.499,s,agent-2,ap-south-1
svc-reports,reports-api,2025-04-13T17:15:00Z,200,670,ms,agent-1,ap-south-1
svc-search,search-api,2025-04-12T11:00:00Z,200,0.427,s,agent-1,ap-south-1
svc-notify,notify-worker,2025-04-17T10:15:00Z,200,86,ms,agent-1,ap-south-1
svc-auth,auth-api,2025-04-13T18:45:00Z,200,149,ms,agent-1,ap-south-1
svc-auth,auth-api,2025-04-18T22:30:00Z,200,128,ms,agent-1,ap-south-1
svc-search,search-api,2025-04-13T21:15:00Z,200,0.562,s,agent-1,ap-south-1
svc-reports,reports-api,2025-04-11T06:00:00Z,200,503,ms,agent-1,ap-south-1
svc-notify,notify-worker,2025-04-10T18:45:00Z,200,144,ms,agent-1,ap-south-1
svc-payments,payments-api,2025-04-20T03:30:00Z,200,399,ms,agent-1,ap-south-1
svc-reports,reports-api,2025-04-11T19:30:00Z,200,736,ms,agent-1,ap-south-1
svc-search,search-api,2025-04-16T09:45:00Z,200,0.563,s,agent-1,ap-south-1
svc-payments,payments-api,2025-04-10T12:15:00Z,200,304,ms,agent-1,ap-south-1
svc-reports,reports-api,2025-04-17T19:45:00Z,200,694,ms,agent-1,ap-south-1
svc-reports,reports-api,2025-04-20T23:45:00Z,200,453,ms,agent-1,ap-south-1
svc-auth,auth-api,2025-04-10T19:30:00Z,200,189,ms,agent-1,ap-south-1
svc-notify,notify-worker,2025-04-19T16:30:00Z,200,135,ms,agent-2,ap-south-1
svc-reports,reports-api,2025-04-20T19:00:00Z,200,712,ms,agent-1,ap-south-1
svc-payments,payments-api,2025-04-13T09:00:00Z,200,289,ms,agent-1,ap-south-1
svc-notify,notify-worker,2025-04-13T11:45:00Z,200,89,ms,agent-1,ap-south-1
svc-notify,notify-worker,2025-04-13T14:30:00Z,200,77,ms,agent-1,ap-south-1
svc-auth,auth-api,2025-04-15T09:30:00Z,200,130,ms,agent-1,ap-south-1
svc-payments,payments-api,2025-04-16T07:30:00Z,500,389,ms,agent-1,ap-south-1
svc-payments,payments-api,2025-04-11T03:15:00Z,200,450,ms,agent-1,ap-south-1
svc-payments,payments-api,2025-04-15T23:00:00Z,200,348,ms,agent-1,ap-south-1
svc-auth,auth-api,2025-04-16T14:00:00Z,200,125,ms,agent-1,ap-south-1
svc-payments,payments-api,2025-04-11T09:30:00Z,200,274,ms,agent-2,ap-south-1
svc-payments,payments-api,2025-04-16T22:00:00Z,200,439,ms,agent-1,ap-south-1
svc-auth,auth-api,2025-04-10T03:15:00Z,200,132,ms,agent-1,ap-south-1
svc-search,search-api,2025-04-15T16:45:00Z,200,0.44,s,agent-1,ap-south-1
svc-reports,reports-api,2025-04-13T13:00:00Z,200,766,ms,agent-1,ap-south-1
svc-notify,notify-worker,2025-04-10T07:15:00Z,200,123,ms,agent-1,ap-south-1
svc-auth,auth-api,2025-04-10T20:00:00Z,200,104,ms,agent-1,ap-south-1
svc-auth,auth-api,2025-04-19T12:15:00Z,200,185,ms,agent-1,ap-south-1
svc-notify,notify-worker,2025-04-18T00:45:00Z,200,120,ms,agent-2,ap-south-1
svc-auth,auth-api,2025-04-13T11:30:00Z,200,194,ms,agent-2,ap-south-1
svc-reports,reports-api,2025-04-15T00:00:00Z,200,799,ms,agent-1,ap-south-1
svc-search,search-api,2025-04-16T08:00:00Z,200,0.51,s,agent-1,ap-south-1
svc-auth,auth-api,2025-04-13T09:15:00Z,200,129,ms,agent-1,ap-south-1
svc-payments,payments-api,2025-04-14T09:15:00Z,200,369,ms,agent-1,ap-south-1
svc-notify,notify-worker,2025-04-15T17:30:00Z,200,121,ms,agent-1,ap-south-1
svc-payments,payments-api,2025-04-21T09:30:00Z,200,365,ms,agent-1,ap-south-1
svc-auth,auth-api,2025-04-15T11:45:00Z,200,167,ms,agent-1,ap-south-1
svc-notify,notify-worker,2025-04-18T19:30:00Z,200,99,ms,agent-1,ap-south-1
svc-payments,payments-api,2025-04-12T15:15:00Z,200,387,ms,agent-1,ap-south-1
svc-search,search-api,2025-04-21T04:30:00Z,200,0.653,s,agent-1,ap-south-1
svc-notify,notify-worker,2025-04-20T08:30:00Z,200,104,ms,agent-1,ap-south-1
svc-notify,notify-worker,2025-04-11T07:30:00Z,200,134,ms,agent-2,ap-south-1
svc-auth,auth-api,2025-04-17T18:00:00Z,200,164,ms,agent-1,ap-south-1
svc-reports,reports-api,2025-04-19T07:00:00Z,200,754,ms,agent-1,ap-south-1
svc-search,search-api,2025-04-10T10:15:00Z,200,0.629,s,agent-1,ap-south-1
svc-payments,payments-api,2025-04-16T13:15:00Z,200,411,ms,agent-1,ap-south-1
svc-search,search-api,2025-04-19T05:30:00Z,200,0.42,s,agent-1,ap-south-1
svc-notify,notify-worker,2025-04-13T20:15:00Z,200,92,ms,agent-1,ap-south-1
svc-payments,payments-api,2025-04-20T10:30:00Z,200,409,ms,agent-1,ap-south-1
svc-search,search-api,2025-04-18T03:15:00Z,200,0.646,s,agent-1,ap-south-1
svc-search,search-api,2025-04-19T02:30:00Z,200,0.499,s,agent-1,ap-south-1
svc-payments,payments-api,2025-04-10T04:45:00Z,200,410,ms,agent-1,ap-south-1
svc-notify,notify-worker,2025-04-20T16:30:00Z,200,146,ms,agent-1,ap-south-1
svc-reports,reports-api,2025-04-12T21:00:00Z,200,592,ms,agent-2,ap-south-1
svc-payments,payments-api,2025-04-18T23:00:00Z,200,393,ms,agent-1,ap-south-1
svc-auth,auth-api,2025-04-16T14:15:00Z,200,135,ms,agent-1,ap-south-1
svc-payments,payments-api,2025-04-12T06:15:00Z,200,,ms,agent-1,ap-south-1
svc-reports,reports-api,2025-04-10T15:45:00Z,200,728,ms,agent-1,ap-south-1
svc-search,search-api,2025-04-15T08:30:00Z,200,0.524,s,agent-1,ap-south-1
svc-auth,auth-api,2025-04-12T17:15:00Z,200,120,ms,agent-1,ap-south-1
svc-auth,auth-api,2025-04-20T20:45:00Z,200,141,ms,agent-2,ap-south-1
svc-payments,payments-api,2025-04-21T10:00:00Z,200,478,ms,agent-2,ap-south-1
svc-search,search-api,2025-04-17T20:30:00Z,200,0.51,s,agent-1,ap-south-1
svc-reports,reports-api,2025-04-21T20:00:00Z,200,714,ms,agent-1,ap-south-1
svc-auth,auth-api,2025-04-10T23:45:00Z,200,154,ms,agent-1,ap-south-1
svc-auth,auth-api,2025-04-20T04:00:00Z,200,136,ms,agent-1,ap-south-1
svc-search,search-api,2025-04-18T22:15:00Z,200,0.645,s,agent-1,ap-south-1
svc-notify,notify-worker,2025-04-13T01:45:00Z,200,142,ms,agent-1,ap-south-1
svc-reports,reports-api,2025-04-14T21:30:00Z,200,515,ms,agent-1,ap-south-1
svc-notify,notify-worker,2025-04-10T18:00:00Z,200,121,ms,agent-1,ap-south-1
svc-reports,reports-api,2025-04-21T02:30:00Z,200,809,ms,agent-1,ap-south-1
svc-payments,payments-api,2025-04-16T07:00:00Z,200,430,ms,agent-1,ap-south-1
svc-payments,payments-api,2025-04-14T17:45:00Z,500,360,ms,agent-2,ap-south-1
svc-reports,reports-api,2025-04-11T15:15:00Z,200,747,ms,agent-2,ap-south-1
svc-notify,notify-worker,2025-04-19T17:30:00Z,200,105,ms,agent-1,ap-south-1
svc-reports,reports-api,2025-04-11T14:30:00Z,200,486,ms,agent-1,ap-south-1
svc-reports,reports-api,2025-04-10T04:00:00Z,200,684,ms,agent-1,ap-south-1
svc-search,search-api,2025-04-20T13:30:00Z,502,0.447,s,agent-1,ap-south-1
svc-auth,auth-api,2025-04-12T06:30:00Z,200,143,ms,agent-1,ap-south-1
svc-notify,notify-worker,2025-04-13T12:00:00Z,200,77,ms,agent-1,ap-south-1
svc-payments,payments-api,2025-04-17T16:15:00Z,200,419,ms,agent-1,ap-south-1
svc-reports,reports-api,2025-04-16T01:45:00Z,200,690,ms,agent-1,ap-south-1
svc-search,search-api,2025-04-16T17:00:00Z,200,0.604,s,agent-1,ap-south-1
svc-search,search-api,2025-04-16T04:00:00Z,200,0.498,s,agent-1,ap-south-1
svc-notify,notify-worker,2025-04-16T23:00:00Z,200,93,ms,agent-1,ap-south-1
svc-payments,payments-api,2025-04-10T20:45:00Z,200,494,ms,agent-1,ap-south-1
svc-auth,auth-api,2025-04-18T16:45:00+05:30,200,110,ms,agent-1,ap-south-1
svc-reports,reports-api,2025-04-20T04:00:00Z,200,824,ms,agent-1,ap-south-1
svc-search,search-api,2025-04-20T21:15:00Z,200,0.367,s,agent-1,ap-south-1
svc-auth,auth-api,2025-04-20T13:00:00Z,200,185,ms,agent-1,ap-south-1
svc-search,search-api,2025-04-11T17:45:00Z,200,0.362,s,agent-1,ap-south-1
svc-payments,payments-api,2025-04-15T18:30:00Z,200,415,ms,agent-1,ap-south-1
svc-notify,notify-worker,2025-04-15T06:30:00Z,200,77,ms,agent-1,ap-south-1
svc-notify,notify-worker,2025-04-21T00:30:00Z,200,102,ms,agent-1,ap-south-1
svc-notify,notify-worker,2025-04-15T18:30:00Z,200,,ms,agent-1,ap-south-1
svc-auth,auth-api,2025-04-10T02:45:00Z,200,178,ms,agent-1,ap-south-1
svc-reports,reports-api,2025-04-18T20:00:00Z,200,527,ms,agent-1,ap-south-1
svc-payments,payments-api,2025-04-21T14:15:00Z,200,263,ms,agent-1,ap-south-1
svc-reports,reports-api,2025-04-21T11:00:00Z,200,610,ms,agent-2,ap-south-1
svc-search,search-api,2025-04-20T09:00:00Z,200,0.504,s,agent-1,ap-south-1
svc-auth,auth-api,2025-04-21T05:15:00Z,200,146,ms,agent-1,ap-south-1
svc-notify,notify-worker,2025-04-10T03:15:00Z,200,122,ms,agent-1,ap-south-1
svc-auth,auth-api,2025-04-15T19:15:00Z,200,109,ms,agent-1,ap-south-1
svc-reports,reports-api,2025-04-16T04:45:00Z,200,532,ms,agent-1,ap-south-1
svc-notify,notify-worker,2025-04-17T22:45:00Z,200,117,ms,agent-1,ap-south-1
svc-auth,auth-api,2025-04-17T04:30:00Z,200,175,ms,agent-2,ap-south-1
svc-payments,payments-api,2025-04-15T00:15:00Z,200,276,ms,agent-1,ap-south-1
svc-reports,reports-api,2025-04-16T17:15:00Z,200,804,ms,agent-1,ap-south-1
svc-reports,reports-api,2025-04-15T17:15:00Z,200,609,ms,agent-1,ap-south-1
svc-search,search-api,2025-04-16T02:30:00Z,200,0.436,s,agent-1,ap-south-1
svc-payments,payments-api,2025-04-18T13:45:00Z,200,268,ms,agent-1,ap-south-1
svc-notify,notify-worker,2025-04-13T17:45:00Z,200,113,ms,agent-1,ap-south-1
svc-reports,reports-api,2025-04-16T21:30:00Z,200,528,ms,agent-1,ap-south-1
svc-reports,reports-api,2025-04-17T05:30:00Z,200,500,ms,agent-1,ap-south-1
svc-notify,notify-worker,2025-04-12T03:15:00Z,200,141,ms,agent-1,ap-south-1
svc-payments,payments-api,2025-04-19T01:15:00Z,200,311,ms,agent-1,ap-south-1
svc-payments,payments-api,2025-04-19T13:00:00Z,200,276,ms,agent-1,ap-south-1
svc-search,search-api,2025-04-16T10:15:00Z,200,0.609,s,agent-1,ap-south-1
svc-notify,notify-worker,2025-04-11T07:30:00Z,200,133,ms,agent-1,ap-south-1
svc-search,search-api,2025-04-10T14:00:00Z,200,0.58,s,agent-1,ap-south-1
svc-search,search-api,2025-04-19T13:30:00Z,200,0.681,s,agent-1,ap-south-1
svc-auth,auth-api,2025-04-21T18:00:00+05:30,200,112,ms,agent-1,ap-south-1
svc-notify,notify-worker,2025-04-21T00:15:00Z,200,89,ms,agent-1,ap-south-1
svc-auth,auth-api,2025-04-21T19:15:00Z,200,115,ms,agent-2,ap-south-1
svc-search,search-api,2025-04-18T03:45:00Z,200,0.49,s,agent-1,ap-south-1
svc-notify,notify-worker,2025-04-14T22:45:00Z,200,142,ms,agent-1,ap-south-1
svc-reports,reports-api,2025-04-18T01:45:00Z,200,608,ms,agent-1,ap-south-1
svc-payments,payments-api,2025-04-10T10:00:00Z,200,255,ms,agent-1,ap-south-1
svc-search,search-api,2025-04-20T14:15:00Z,200,0.635,s,agent-1,ap-south-1
svc-payments,payments-api,2025-04-12T20:45:00Z,200,372,ms,agent-2,ap-south-1
svc-auth,auth-api,2025-04-11T14:15:00Z,200,180,ms,agent-1,ap-south-1
svc-reports,reports-api,2025-04-19T13:15:00Z,200,775,ms,agent-1,ap-south-1
svc-search,search-api,2025-04-20T01:45:00Z,200,0.565,s,agent-2,ap-south-1
svc-payments,payments-api,2025-04-19T23:00:00Z,200,423,ms,agent-2,ap-south-1
svc-auth,auth-api,2025-04-18T13:30:00Z,200,160,ms,agent-1,ap-south-1
svc-reports,reports-api,2025-04-21T19:00:00Z,200,629,ms,agent-1,ap-south-1
svc-search,search-api,2025-04-20T08:45:00Z,200,0.681,s,agent-1,ap-south-1
svc-notify,notify-worker,2025-04-11T00:15:00Z,200,131,ms,agent-1,ap-south-1
svc-auth,auth-api,2025-04-12T21:15:00Z,200,102,ms,agent-1,ap-south-1
svc-notify,notify-worker,2025-04-17T01:00:00Z,200,110,ms,agent-1,ap-south-1
svc-notify,notify-worker,2025-04-13T20:30:00Z,200,85,ms,agent-1,ap-south-1
svc-notify,notify-worker,2025-04-19T12:15:00Z,200,94,ms,agent-1,ap-south-1
svc-search,search-api,2025-04-15T04:45:00Z,200,0.459,s,agent-1,ap-south-1
svc-payments,payments-api,2025-04-21T05:45:00Z,200,337,ms,agent-1,ap-south-1
svc-search,search-api,2025-04-14T05:00:00Z,200,0.644,s,agent-1,ap-south-1
svc-reports,reports-api,2025-04-12T18:00:00Z,200,630,ms,agent-1,ap-south-1
svc-notify,notify-worker,2025-04-10T21:45:00Z,200,84,ms,agent-1,ap-south-1
svc-auth,auth-api,2025-04-10T18:45:00Z,200,188,ms,agent-1,ap-south-1
svc-payments,payments-api,2025-04-18T05:00:00Z,200,334,ms,agent-1,ap-south-1
svc-reports,reports-api,2025-04-17T03:00:00Z,200,582,ms,agent-1,ap-south-1
svc-payments,payments-api,2025-04-16T09:00:00Z,200,308,ms,agent-1,ap-south-1
svc-payments,payments-api,2025-04-17T04:45:00Z,200,481,ms,agent-1,ap-south-1
svc-notify,notify-worker,2025-04-17T08:45:00Z,200,120,ms,agent-1,ap-south-1
svc-auth,auth-api,2025-04-15T01:30:00Z,200,156,ms,agent-1,ap-south-1
svc-payments,payments-api,2025-04-21T21:30:00Z,200,311,ms,agent-2,ap-south-1
svc-auth,auth-api,2025-04-19T05:15:00Z,200,144,ms,agent-1,ap-south-1
svc-payments,payments-api,2025-04-13T01:30:00Z,200,327,ms,agent-2,ap-south-1
svc-notify,notify-worker,2025-04-19T21:30:00Z,200,118,ms,agent-1,ap-south-1
svc-payments,payments-api,2025-04-11T00:30:00Z,200,393,ms,agent-1,ap-south-1
svc-reports,reports-api,2025-04-10T09:15:00Z,200,536,ms,agent-1,ap-south-1
svc-payments,payments-api,2025-04-19T10:15:00Z,200,420,ms,agent-1,ap-south-1
svc-notify,notify-worker,2025-04-16T10:45:00Z,200,92,ms,agent-1,ap-south-1
svc-auth,auth-api,2025-04-18T02:45:00Z,200,131,ms,agent-1,ap-south-1
svc-auth,auth-api,2025-04-11T05:00:00Z,200,165,ms,agent-1,ap-south-1
svc-payments,payments-api,2025-04-10T06:15:00Z,200,439,ms,agent-2,ap-south-1
svc-payments,payments-api,2025-04-20T13:30:00Z,200,434,ms,agent-1,ap-south-1
svc-payments,payments-api,2025-04-18T00:30:00Z,200,304,ms,agent-1,ap-south-1
svc-reports,reports-api,2025-04-18T15:30:00Z,200,433,ms,agent-1,ap-south-1
svc-reports,reports-api,2025-04-20T22:30:00Z,200,631,ms,agent-1,ap-south-1
svc-reports,reports-api,2025-04-21T07:00:00Z,200,576,ms,agent-1,ap-south-1
svc-payments,payments-api,2025-04-16T01:15:00Z,200,360,ms,agent-1,ap-south-1
svc-reports,reports-api,2025-04-15T16:00:00Z,200,693,ms,agent-1,ap-south-1
svc-payments,payments-api,2025-04-15T02:45:00Z,200,281,ms,agent-1,ap-south-1
svc-reports,reports-api,2025-04-17T06:45:00Z,200,742,ms,agent-1,ap-south-1
svc-notify,notify-worker,2025-04-20T21:30:00Z,200,133,ms,agent-1,ap-south-1
svc-payments,payments-api,2025-04-18T06:00:00Z,200,329,ms,agent-1,ap-south-1
svc-reports,reports-api,2025-04-12T14:30:00Z,200,676,ms,agent-1,ap-south-1
svc-search,search-api,2025-04-14T17:15:00Z,200,0.555,s,agent-1,ap-south-1
svc-payments,payments-api,2025-04-10T21:30:00Z,200,307,ms,agent-1,ap-south-1
svc-search,search-api,2025-04-19T03:45:00Z,200,0.605,s,agent-2,ap-south-1
svc-auth,auth-api,2025-04-11T10:15:00Z,200,158,ms,agent-1,ap-south-1
svc-notify,notify-worker,2025-04-19T22:15:00Z,200,130,ms,agent-1,ap-south-1
svc-reports,reports-api,2025-04-14T01:45:00Z,200,755,ms,agent-1,ap-south-1
svc-notify,notify-worker,2025-04-21T09:45:00Z,200,101,ms,agent-2,ap-south-1
svc-reports,reports-api,2025-04-17T22:30:00Z,200,492,ms,agent-1,ap-south-1
svc-auth,auth-api,2025-04-18T19:45:00Z,200,124,ms,agent-1,ap-south-1
svc-reports,reports-api,2025-04-12T07:45:00Z,200,436,ms,agent-1,ap-south-1
svc-notify,notify-worker,2025-04-13T15:30:00Z,200,109,ms,agent-1,ap-south-1
svc-payments,payments-api,2025-04-13T11:30:00Z,200,392,ms,agent-1,ap-south-1
svc-auth,auth-api,2025-04-21T23:15:00Z,200,100,ms,agent-1,ap-south-1
svc-reports,reports-api,2025-04-18T04:30:00Z,200,521,ms,agent-1,ap-south-1
svc-notify,notify-worker,2025-04-15T11:30:00Z,200,81,ms,agent-1,ap-south-1
svc-auth,auth-api,2025-04-17T05:15:00Z,200,146,ms,agent-1,ap-south-1
svc-notify,notify-worker,2025-04-11T21:30:00Z,200,150,ms,agent-1,ap-south-1
svc-payments,payments-api,2025-04-12T05:15:00Z,200,312,ms,agent-1,ap-south-1
svc-search,search-api,2025-04-20T23:00:00Z,200,0.632,s,agent-1,ap-south-1
svc-notify,notify-worker,2025-04-20T18:00:00Z,200,76,ms,agent-1,ap-south-1
svc-search,search-api,2025-04-21T09:00:00Z,200,0.5,s,agent-1,ap-south-1
svc-payments,payments-api,2025-04-14T04:15:00Z,200,391,ms,agent-1,ap-south-1
svc-payments,payments-api,2025-04-12T22:45:00Z,200,287,ms,agent-1,ap-south-1
svc-payments,payments-api,2025-04-18T23:15:00Z,200,307,ms,agent-1,ap-south-1
svc-notify,notify-worker,2025-04-15T11:45:00Z,200,135,ms,agent-2,ap-south-1
svc-auth,auth-api,2025-04-15T14:30:00Z,200,176,ms,agent-1,ap-south-1
svc-payments,payments-api,2025-04-10T22:30:00Z,200,313,ms,agent-1,ap-south-1
svc-notify,notify-worker,1745196300,200,75,ms,agent-2,ap-south-1
svc-notify,notify-worker,2025-04-15T08:30:00Z,200,140,ms,agent-1,ap-south-1
svc-notify,notify-worker,2025-04-15T13:45:00Z,200,82,ms,agent-1,ap-south-1
svc-reports,reports-api,2025-04-14T21:30:00Z,200,504,ms,agent-2,ap-south-1
svc-reports,reports-api,2025-04-16T00:30:00Z,200,701,ms,agent-1,ap-south-1
svc-search,search-api,2025-04-21T23:45:00Z,200,0.434,s,agent-1,ap-south-1
svc-search,search-api,2025-04-10T20:15:00Z,200,0.598,s,agent-1,ap-south-1
svc-search,search-api,2025-04-15T21:45:00Z,200,0.664,s,agent-1,ap-south-1
svc-payments,payments-api,2025-04-12T13:30:00Z,200,280,ms,agent-1,ap-south-1
svc-payments,payments-api,2025-04-20T18:15:00Z,200,257,ms,agent-1,ap-south-1
svc-search,search-api,2025-04-19T13:15:00Z,200,0.381,s,agent-1,ap-south-1
svc-payments,payments-api,2025-04-16T10:45:00Z,200,397,ms,agent-1,ap-south-1
svc-search,search-api,2025-04-12T16:00:00Z,200,0.428,s,agent-1,ap-south-1
svc-search,search-api,2025-04-19T17:00:00Z,200,0.385,s,agent-1,ap-south-1
svc-search,search-api,2025-04-20T18:30:00Z,200,0.509,s,agent-1,ap-south-1
svc-reports,reports-api,2025-04-13T22:45:00Z,200,618,ms,agent-1,ap-south-1
svc-auth,auth-api,2025-04-10T05:45:00Z,200,175,ms,agent-1,ap-south-1
svc-notify,notify-worker,2025-04-15T14:15:00Z,200,88,ms,agent-1,ap-south-1
svc-search,search-api,2025-04-18T15:45:00Z,200,0.433,s,agent-1,ap-south-1
svc-reports,reports-api,2025-04-14T13:15:00Z,200,571,ms,agent-1,ap-south-1
svc-reports,reports-api,2025-04-16T11:00:00Z,200,603,ms,agent-1,ap-south-1
svc-auth,auth-api,2025-04-20T02:30:00Z,200,152,ms,agent-1,ap-south-1
svc-auth,auth-api,2025-04-13T14:00:00Z,200,163,ms,agent-1,ap-south-1
svc-search,search-api,2025-04-12T07:15:00Z,200,0.623,s,agent-1,ap-south-1
svc-payments,payments-api,2025-04-15T04:45:00Z,200,315,ms,agent-1,ap-south-1
svc-auth,auth-api,2025-04-13T16:45:00Z,200,154,ms,agent-1,ap-south-1
svc-auth,auth-api,2025-04-15T01:45:00Z,200,98,ms,agent-1,ap-south-1
svc-auth,auth-api,2025-04-12T10:30:00Z,200,172,ms,agent-1,ap-south-1
svc-search,search-api,2025-04-19T20:30:00Z,200,0.391,s,agent-1,ap-south-1
svc-payments,payments-api,2025-04-10T09:15:00Z,200,467,ms,agent-1,ap-south-1
svc-search,search-api,2025-04-11T10:30:00Z,200,0.522,s,agent-1,ap-south-1
svc-auth,auth-api,2025-04-16T22:30:00Z,200,179,ms,agent-1,ap-south-1
svc-search,search-api,2025-04-13T11:15:00Z,200,0.402,s,agent-1,ap-south-1
svc-payments,payments-api,2025-04-14T20:00:00Z,200,472,ms,agent-1,ap-south-1
svc-search,search-api,2025-04-12T16:45:00Z,200,0.635,s,agent-1,ap-south-1
svc-reports,reports-api,2025-04-12T02:15:00Z,200,608,ms,agent-1,ap-south-1
svc-payments,payments-api,2025-04-14T16:45:00Z,200,446,ms,agent-1,ap-south-1
svc-notify,notify-worker,2025-04-18T01:30:00Z,200,131,ms,agent-1,ap-south-1
svc-notify,notify-worker,2025-04-16T05:15:00Z,200,125,ms,agent-1,ap-south-1
svc-reports,reports-api,2025-04-18T19:45:00Z,200,520,ms,agent-1,ap-south-1
svc-reports,reports-api,2025-04-13T10:15:00Z,200,632,ms,agent-1,ap-south-1
svc-reports,reports-api,2025-04-12T10:15:00Z,200,499,ms,agent-1,ap-south-1
svc-reports,reports-api,2025-04-20T10:45:00Z,200,448,ms,agent-1,ap-south-1
svc-payments,payments-api,2025-04-13T20:30:00Z,200,370,ms,agent-1,ap-south-1
svc-notify,notify-worker,2025-04-15T08:15:00Z,200,120,ms,agent-1,ap-south-1
svc-reports,reports-api,2025-04-15T09:15:00Z,200,547,ms,agent-1,ap-south-1
svc-payments,payments-api,2025-04-12T17:30:00Z,200,304,ms,agent-1,ap-south-1
svc-notify,notify-worker,2025-04-11T14:45:00Z,200,130,ms,agent-1,ap-south-1
svc-reports,reports-api,2025-04-21T22:30:00Z,200,470,ms,agent-1,ap-south-1
svc-search,search-api,2025-04-19T18:45:00Z,200,0.539,s,agent-1,ap-south-1
svc-search,search-api,2025-04-16T01:00:00Z,200,0.548,s,agent-1,ap-south-1
svc-reports,reports-api,2025-04-18T20:30:00Z,200,556,ms,agent-1,ap-south-1
svc-search,search-api,2025-04-11T04:00:00Z,200,0.601,s,agent-1,ap-south-1
svc-notify,notify-worker,2025-04-15T02:00:00Z,200,101,ms,agent-1,ap-south-1
svc-search,search-api,2025-04-19T02:45:00Z,200,0.438,s,agent-1,ap-south-1
svc-notify,notify-worker,2025-04-17T09:30:00Z,200,99,ms,agent-1,ap-south-1
svc-notify,notify-worker,2025-04-12T22:30:00Z,200,97,ms,agent-1,ap-south-1
svc-reports,reports-api,2025-04-16T18:45:00Z,200,666,ms,agent-1,ap-south-1
svc-payments,payments-api,2025-04-15T01:00:00Z,200,386,ms,agent-1,ap-south-1
svc-search,search-api,2025-04-14T14:45:00Z,200,2.172,s,agent-1,ap-south-1
svc-notify,notify-worker,2025-04-13T21:30:00Z,200,109,ms,agent-1,ap-south-1
svc-reports,reports-api,2025-04-14T19:15:00Z,200,786,ms,agent-1,ap-south-1
svc-reports,reports-api,2025-04-21T23:30:00Z,200,819,ms,agent-1,ap-south-1
svc-auth,auth-api,2025-04-18T15:30:00Z,200,180,ms,agent-1,ap-south-1
svc-payments,payments-api,2025-04-17T00:30:00Z,200,432,ms,agent-1,ap-south-1
svc-auth,auth-api,2025-04-20T11:30:00Z,200,172,ms,agent-1,ap-south-1
svc-auth,auth-api,2025-04-18T23:00:00Z,200,139,ms,agent-1,ap-south-1
svc-notify,notify-worker,2025-04-19T18:15:00Z,200,125,ms,agent-1,ap-south-1
svc-auth,auth-api,2025-04-15T23:15:00Z,200,123,ms,agent-1,ap-south-1
svc-auth,auth-api,2025-04-17T11:15:00Z,200,121,ms,agent-1,ap-south-1
svc-auth,auth-api,2025-04-21T10:45:00Z,200,123,ms,agent-1,ap-south-1
svc-reports,reports-api,2025-04-14T20:15:00Z,200,480,ms,agent-1,ap-south-1
svc-payments,payments-api,2025-04-19T10:00:00Z,200,378,ms,agent-1,ap-south-1
svc-search,search-api,2025-04-18T13:45:00Z,200,0.422,s,agent-1,ap-south-1
svc-reports,reports-api,2025-04-13T08:15:00Z,200,773,ms,agent-1,ap-south-1
svc-payments,payments-api,2025-04-18T09:15:00Z,200,282,ms,agent-1,ap-south-1
svc-notify,notify-worker,2025-04-11T17:00:00Z,200,122,ms,agent-1,ap-south-1
svc-search,search-api,2025-04-19T20:45:00Z,200,0.451,s,agent-1,ap-south-1
svc-payments,payments-api,2025-04-18T11:30:00Z,200,331,ms,agent-1,ap-south-1
svc-payments,payments-api,2025-04-16T20:00:00Z,200,360,ms,agent-1,ap-south-1
svc-auth,auth-api,2025-04-18T03:45:00Z,200,,ms,agent-1,ap-south-1
svc-reports,reports-api,2025-04-13T16:15:00Z,200,863,ms,agent-1,ap-south-1
svc-notify,notify-worker,2025-04-12T06:45:00Z,200,79,ms,agent-1,ap-south-1
svc-search,search-api,2025-04-21T07:30:00Z,200,0.447,s,agent-1,ap-south-1
svc-payments,payments-api,2025-04-17T10:15:00Z,200,461,ms,agent-1,ap-south-1
svc-payments,payments-api,2025-04-11T21:30:00Z,200,287,ms,agent-1,ap-south-1
svc-notify,notify-worker,2025-04-11T00:45:00Z,200,114,ms,agent-1,ap-south-1
svc-reports,reports-api,2025-04-13T01:30:00Z,200,862,ms,agent-1,ap-south-1
svc-search,search-api,2025-04-15T17:00:00Z,200,0.688,s,agent-1,ap-south-1
svc-payments,payments-api,2025-04-18T07:00:00Z,200,454,ms,agent-1,ap-south-1
svc-search,search-api,2025-04-14T16:00:00Z,502,1.284,s,agent-1,ap-south-1
svc-search,search-api,2025-04-20T00:00:00Z,200,0.452,s,agent-1,ap-south-1
svc-search,search-api,2025-04-18T22:30:00Z,200,0.613,s,agent-1,ap-south-1
svc-auth,auth-api,2025-04-13T09:45:00Z,200,132,ms,agent-1,ap-south-1
svc-notify,notify-worker,2025-04-18T10:00:00Z,200,133,ms,agent-1,ap-south-1
svc-payments,payments-api,2025-04-18T16:15:00Z,200,303,ms,agent-2,ap-south-1
svc-auth,auth-api,2025-04-16T13:45:00Z,200,182,ms,agent-1,ap-south-1
svc-auth,auth-api,2025-04-14T12:30:00Z,200,141,ms,agent-1,ap-south-1
svc-notify,notify-worker,2025-04-11T12:30:00Z,200,122,ms,agent-1,ap-south-1
svc-payments,payments-api,2025-04-10T17:00:00Z,200,274,ms,agent-2,ap-south-1
svc-payments,payments-api,2025-04-13T17:30:00Z,200,431,ms,agent-1,ap-south-1
svc-payments,payments-api,2025-04-17T02:45:00Z,200,260,ms,agent-1,ap-south-1
svc-search,search-api,2025-04-18T21:45:00Z,200,0.596,s,agent-1,ap-south-1
svc-auth,auth-api,2025-04-20T12:00:00Z,200,185,ms,agent-1,ap-south-1
svc-payments,payments-api,2025-04-20T10:00:00Z,200,254,ms,agent-1,ap-south-1
svc-reports,reports-api,2025-04-11T10:45:00Z,200,656,ms,agent-1,ap-south-1
svc-search,search-api,2025-04-21T15:45:00Z,200,0.517,s,agent-1,ap-south-1
svc-notify,notify-worker,2025-04-19T13:30:00Z,200,104,ms,agent-1,ap-south-1
svc-reports,reports-api,2025-04-16T09:45:00Z,200,436,ms,agent-1,ap-south-1
svc-notify,notify-worker,2025-04-12T00:30:00Z,200,144,ms,agent-1,ap-south-1
svc-auth,auth-api,2025-04-17T04:30:00Z,200,186,ms,agent-1,ap-south-1
svc-auth,auth-api,2025-04-20T01:00:00Z,200,130,ms,agent-2,ap-south-1
svc-reports,reports-api,2025-04-20T06:30:00Z,200,675,ms,agent-1,ap-south-1
svc-payments,payments-api,2025-04-19T06:30:00Z,200,488,ms,agent-1,ap-south-1
svc-notify,notify-worker,2025-04-20T12:00:00Z,200,144,ms,agent-1,ap-south-1
svc-notify,notify-worker,2025-04-13T00:15:00Z,200,97,ms,agent-1,ap-south-1
svc-notify,notify-worker,2025-04-20T15:15:00Z,200,77,ms,agent-1,ap-south-1
svc-notify,notify-worker,2025-04-17T16:15:00Z,200,119,ms,agent-1,ap-south-1
svc-payments,payments-api,2025-04-15T05:15:00Z,200,314,ms,agent-2,ap-south-1
svc-payments,payments-api,2025-04-19T14:30:00Z,200,334,ms,agent-1,ap-south-1
svc-payments,payments-api,2025-04-20T06:15:00Z,200,405,ms,agent-1,ap-south-1
svc-search,search-api,2025-04-10T17:45:00Z,200,0.44,s,agent-1,ap-south-1
svc-reports,reports-api,2025-04-15T11:00:00Z,200,802,ms,agent-1,ap-south-1
svc-payments,payments-api,2025-04-11T02:15:00Z,200,259,ms,agent-1,ap-south-1
svc-notify,notify-worker,2025-04-19T00:15:00Z,200,77,ms,agent-1,ap-south-1
svc-reports,reports-api,2025-04-12T12:45:00Z,200,499,ms,agent-1,ap-south-1
svc-notify,notify-worker,2025-04-11T18:30:00Z,200,101,ms,agent-1,ap-south-1
svc-notify,notify-worker,2025-04-20T05:30:00Z,200,108,ms,agent-1,ap-south-1
svc-auth,auth-api,2025-04-13T04:00:00Z,200,166,ms,agent-1,ap-south-1
svc-search,search-api,2025-04-11T02:15:00Z,200,0.378,s,agent-1,ap-south-1
svc-auth,auth-api,2025-04-12T20:45:00Z,200,97,ms,agent-1,ap-south-1
svc-reports,reports-api,2025-04-20T01:30:00Z,200,441,ms,agent-1,ap-south-1
svc-reports,reports-api,2025-04-15T15:00:00Z,200,711,ms,agent-2,ap-south-1
svc-reports,reports-api,2025-04-13T18:45:00Z,200,441,ms,agent-1,ap-south-1
svc-payments,payments-api,2025-04-10T14:45:00Z,200,462,ms,agent-2,ap-south-1
svc-search,search-api,2025-04-17T10:30:00Z,200,0.496,s,agent-1,ap-south-1
svc-reports,reports-api,2025-04-17T11:00:00Z,200,538,ms,agent-1,ap-south-1
svc-notify,notify-worker,2025-04-13T14:45:00Z,200,87,ms,agent-1,ap-south-1
svc-reports,reports-api,2025-04-20T13:00:00Z,200,781,ms,agent-1,ap-south-1
svc-payments,payments-api,2025-04-19T21:30:00Z,200,310,ms,agent-1,ap-south-1
svc-reports,reports-api,2025-04-11T13:15:00Z,200,564,ms,agent-1,ap-south-1
svc-payments,payments-api,2025-04-21T03:30:00Z,200,263,ms,agent-1,ap-south-1
svc-search,search-api,2025-04-14T19:00:00Z,200,0.717,s,agent-1,ap-south-1
svc-reports,reports-api,2025-04-13T13:30:00Z,200,814,ms,agent-1,ap-south-1
svc-reports,reports-api,2025-04-13T12:15:00Z,200,759,ms,agent-1,ap-south-1
svc-search,search-api,2025-04-15T13:15:00Z,200,0.718,s,agent-1,ap-south-1
svc-search,search-api,2025-04-11T11:45:00Z,200,0.634,s,agent-1,ap-south-1
svc-search,search-api,2025-04-17T07:45:00Z,200,0.511,s,agent-1,ap-south-1
svc-auth,auth-api,2025-04-13T23:15:00Z,200,159,ms,agent-1,ap-south-1
svc-notify,notify-worker,2025-04-20T09:15:00Z,200,144,ms,agent-1,ap-south-1
svc-notify,notify-worker,2025-04-17T16:30:00Z,200,112,ms,agent-1,ap-south-1
svc-search,search-api,2025-04-13T06:45:00Z,200,0.625,s,agent-1,ap-south-1
svc-search,search-api,2025-04-14T01:00:00Z,200,0.467,s,agent-1,ap-south-1
svc-notify,notify-worker,2025-04-21T02:00:00Z,200,84,ms,agent-1,ap-south-1
svc-notify,notify-worker,2025-04-13T16:30:00Z,200,84,ms,agent-1,ap-south-1
svc-auth,auth-api,2025-04-11T07:30:00Z,200,179,ms,agent-1,ap-south-1
svc-search,search-api,2025-04-14T05:45:00Z,200,0.535,s,agent-1,ap-south-1
svc-search,search-api,2025-04-13T20:45:00Z,200,0.652,s,agent-1,ap-south-1
svc-auth,auth-api,2025-04-16T18:15:00Z,200,151,ms,agent-1,ap-south-1
svc-notify,notify-worker,2025-04-20T03:00:00Z,200,77,ms,agent-2,ap-south-1
svc-payments,payments-api,2025-04-14T00:15:00Z,200,451,ms,agent-1,ap-south-1
svc-payments,payments-api,2025-04-12T09:00:00Z,200,355,ms,agent-1,ap-south-1
svc-search,search-api,2025-04-12T13:30:00Z,200,0.709,s,agent-1,ap-south-1
svc-search,search-api,2025-04-12T05:00:00Z,200,0.449,s,agent-1,ap-south-1
svc-notify,notify-worker,2025-04-13T15:45:00Z,200,139,ms,agent-1,ap-south-1
svc-notify,notify-worker,2025-04-20T06:45:00Z,200,94,ms,agent-2,ap-south-1
svc-reports,reports-api,2025-04-11T18:00:00Z,200,534,ms,agent-1,ap-south-1
svc-payments,payments-api,2025-04-16T02:30:00Z,200,466,ms,agent-1,ap-south-1
svc-payments,payments-api,2025-04-12T05:45:00Z,200,372,ms,agent-1,ap-south-1
svc-search,search-api,2025-04-10T03:00:00Z,200,0.405,s,agent-1,ap-south-1
svc-reports,reports-api,2025-04-18T16:45:00Z,200,459,ms,agent-1,ap-south-1
svc-notify,notify-worker,1744694100,200,151,ms,agent-1,ap-south-1
svc-search,search-api,2025-04-11T20:30:00Z,200,0.379,s,agent-1,ap-south-1
svc-payments,payments-api,2025-04-10T17:15:00Z,200,451,ms,agent-1,ap-south-1
svc-payments,payments-api,2025-04-12T15:00:00Z,200,282,ms,agent-1,ap-south-1
svc-search,search-api,2025-04-11T13:00:00Z,200,0.481,s,agent-1,ap-south-1
svc-reports,reports-api,2025-04-20T09:00:00Z,200,611,ms,agent-1,ap-south-1
svc-payments,payments-api,2025-04-10T21:30:00+05:30,200,329,ms,agent-1,ap-south-1
svc-auth,auth-api,2025-04-17T02:30:00Z,200,117,ms,agent-1,ap-south-1
svc-notify,notify-worker,2025-04-19T20:15:00Z,200,146,ms,agent-1,ap-south-1
svc-notify,notify-worker,2025-04-19T07:45:00Z,200,76,ms,agent-1,ap-south-1
svc-auth,auth-api,2025-04-16T20:15:00Z,200,108,ms,agent-1,ap-south-1
svc-reports,reports-api,2025-04-20T21:00:00Z,200,823,ms,agent-1,ap-south-1
svc-search,search-api,2025-04-12T19:45:00Z,200,0.719,s,agent-1,ap-south-1
svc-notify,notify-worker,2025-04-18T23:45:00Z,200,140,ms,agent-2,ap-south-1
svc-auth,auth-api,2025-04-15T12:45:00Z,200,167,ms,agent-1,ap-south-1
svc-auth,auth-api,2025-04-19T16:30:00Z,200,126,ms,agent-1,ap-south-1
svc-reports,reports-api,2025-04-18T10:00:00Z,200,437,ms,agent-1,ap-south-1
svc-reports,reports-api,2025-04-10T13:00:00Z,200,770,ms,agent-1,ap-south-1
svc-auth,auth-api,2025-04-21T11:30:00Z,200,154,ms,agent-1,ap-south-1
svc-notify,notify-worker,2025-04-10T14:00:00Z,200,144,ms,agent-2,ap-south-1
svc-notify,notify-worker,2025-04-17T13:15:00Z,200,116,ms,agent-1,ap-south-1
svc-payments,payments-api,2025-04-18T03:30:00Z,200,335,ms,agent-1,ap-south-1
svc-payments,payments-api,2025-04-13T00:30:00Z,200,290,ms,agent-1,ap-south-1
svc-notify,notify-worker,2025-04-18T07:00:00Z,200,126,ms,agent-1,ap-south-1
svc-notify,notify-worker,2025-04-20T04:15:00Z,200,76,ms,agent-1,ap-south-1
svc-notify,notify-worker,2025-04-11T02:30:00Z,200,100,ms,agent-1,ap-south-1
svc-payments,payments-api,2025-04-17T02:00:00Z,200,406,ms,agent-1,ap-south-1
svc-auth,auth-api,2025-04-13T23:00:00Z,200,158,ms,agent-1,ap-south-1
svc-notify,notify-worker,2025-04-12T18:30:00Z,200,136,ms,agent-1,ap-south-1
svc-reports,reports-api,2025-04-12T09:45:00Z,502,818,ms,agent-1,ap-south-1
svc-notify,notify-worker,2025-04-11T11:45:00Z,200,109,ms,agent-1,ap-south-1
svc-auth,auth-api,2025-04-20T14:45:00Z,200,174,ms,agent-1,ap-south-1
svc-notify,notify-worker,2025-04-17T13:15:00+05:30,200,130,ms,agent-1,ap-south-1
svc-auth,auth-api,2025-04-20T19:30:00Z,200,127,ms,agent-1,ap-south-1
svc-reports,reports-api,2025-04-15T13:00:00Z,200,738,ms,agent-1,ap-south-1
svc-search,search-api,2025-04-21T07:15:00Z,200,0.641,s,agent-1,ap-south-1
svc-auth,auth-api,2025-04-10T01:15:00Z,200,124,ms,agent-1,ap-south-1
svc-payments,payments-api,2025-04-21T09:45:00Z,200,467,ms,agent-1,ap-south-1
svc-search,search-api,2025-04-20T11:30:00Z,200,0.429,s,agent-1,ap-south-1
svc-payments,payments-api,2025-04-15T15:45:00Z,200,307,ms,agent-1,ap-south-1
svc-auth,auth-api,2025-04-20T11:00:00Z,200,143,ms,agent-2,ap-south-1
svc-reports,reports-api,2025-04-18T02:30:00Z,200,434,ms,agent-1,ap-south-1
svc-notify,notify-worker,2025-04-14T12:45:00Z,200,129,ms,agent-1,ap-south-1
svc-payments,payments-api,2025-04-21T21:00:00Z,200,355,ms,agent-1,ap-south-1
svc-search,search-api,2025-04-15T12:15:00Z,200,0.697,s,agent-1,ap-south-1
svc-reports,reports-api,2025-04-17T08:30:00Z,200,771,ms,agent-1,ap-south-1
svc-search,search-api,2025-04-13T22:30:00Z,200,0.587,s,agent-1,ap-south-1
svc-reports,reports-api,2025-04-12T01:00:00Z,200,582,ms,agent-1,ap-south-1
svc-reports,reports-api,2025-04-21T14:45:00Z,200,581,ms,agent-1,ap-south-1
svc-search,search-api,1745074800,200,,s,agent-1,ap-south-1
svc-search,search-api,2025-04-21T11:00:00Z,200,0.378,s,agent-1,ap-south-1
svc-auth,auth-api,2025-04-17T09:45:00Z,200,143,ms,agent-1,ap-south-1
svc-reports,reports-api,2025-04-15T23:30:00Z,200,570,ms,agent-1,ap-south-1
svc-notify,notify-worker,2025-04-18T03:45:00Z,200,93,ms,agent-2,ap-south-1
svc-payments,payments-api,2025-04-20T21:30:00Z,200,272,ms,agent-1,ap-south-1
svc-payments,payments-api,2025-04-10T05:45:00Z,200,452,ms,agent-1,ap-south-1
svc-search,search-api,2025-04-14T04:15:00Z,200,0.631,s,agent-1,ap-south-1
svc-notify,notify-worker,2025-04-16T18:00:00Z,200,149,ms,agent-1,ap-south-1
svc-payments,payments-api,2025-04-21T15:00:00Z,200,395,ms,agent-1,ap-south-1
svc-auth,auth-api,2025-04-10T00:15:00Z,200,152,ms,agent-1,ap-south-1
svc-payments,payments-api,2025-04-13T19:00:00Z,200,460,ms,agent-1,ap-south-1
svc-reports,reports-api,2025-04-16T03:45:00Z,200,520,ms,agent-1,ap-south-1
svc-notify,notify-worker,2025-04-21T02:30:00Z,200,108,ms,agent-1,ap-south-1
svc-auth,auth-api,2025-04-12T15:00:00Z,200,177,ms,agent-1,ap-south-1
svc-reports,reports-api,2025-04-16T16:45:00Z,200,535,ms,agent-1,ap-south-1
svc-search,search-api,2025-04-16T05:00:00Z,200,0.571,s,agent-1,ap-south-1
svc-payments,payments-api,2025-04-12T23:45:00Z,200,255,ms,agent-1,ap-south-1
svc-notify,notify-worker,2025-04-18T04:45:00Z,200,146,ms,agent-1,ap-south-1
svc-payments,payments-api,2025-04-20T19:00:00Z,200,457,ms,agent-1,ap-south-1
svc-search,search-api,2025-04-10T00:30:00Z,200,0.706,s,agent-1,ap-south-1
svc-reports,reports-api,2025-04-19T14:00:00Z,200,618,ms,agent-2,ap-south-1
svc-payments,payments-api,2025-04-17T03:30:00Z,200,410,ms,agent-1,ap-south-1
svc-payments,payments-api,2025-04-20T22:30:00Z,200,484,ms,agent-1,ap-south-1
svc-payments,payments-api,2025-04-21T11:45:00Z,200,431,ms,agent-1,ap-south-1
svc-search,search-api,2025-04-17T21:30:00Z,200,0.523,s,agent-1,ap-south-1
svc-auth,auth-api,2025-04-10T18:00:00Z,200,178,ms,agent-1,ap-south-1
svc-auth,auth-api,2025-04-20T09:00:00Z,200,155,ms,agent-1,ap-south-1
svc-notify,notify-worker,2025-04-16T08:15:00Z,200,87,ms,agent-1,ap-south-1
svc-search,search-api,2025-04-20T23:45:00Z,200,0.54,s,agent-1,ap-south-1
svc-auth,auth-api,2025-04-10T22:00:00Z,200,104,ms,agent-1,ap-south-1
svc-search,search-api,2025-04-18T09:00:00Z,200,0.411,s,agent-1,ap-south-1
svc-search,search-api,2025-04-18T14:15:00Z,200,0.386,s,agent-1,ap-south-1
svc-reports,reports-api,2025-04-15T06:00:00Z,200,689,ms,agent-1,ap-south-1
svc-payments,payments-api,2025-04-11T10:45:00Z,200,439,ms,agent-1,ap-south-1
svc-search,search-api,2025-04-16T22:45:00Z,200,0.647,s,agent-1,ap-south-1
svc-search,search-api,2025-04-18T21:15:00Z,200,0.476,s,agent-1,ap-south-1
svc-auth,auth-api,2025-04-18T05:00:00Z,200,151,ms,agent-1,ap-south-1
svc-payments,payments-api,2025-04-15T14:30:00Z,200,276,ms,agent-1,ap-south-1
svc-payments,payments-api,2025-04-20T12:00:00Z,200,307,ms,agent-1,ap-south-1
svc-reports,reports-api,2025-04-20T23:15:00Z,200,,ms,agent-1,ap-south-1
svc-reports,reports-api,2025-04-10T07:00:00Z,200,812,ms,agent-1,ap-south-1
svc-notify,notify-worker,2025-04-20T07:30:00Z,200,92,ms,agent-1,ap-south-1
svc-payments,payments-api,2025-04-13T23:15:00Z,200,449,ms,agent-1,ap-south-1
svc-reports,reports-api,2025-04-11T10:00:00Z,200,779,ms,agent-1,ap-south-1
svc-reports,reports-api,2025-04-14T22:30:00Z,200,443,ms,agent-2,ap-south-1
svc-auth,auth-api,2025-04-21T18:30:00Z,200,111,ms,agent-1,ap-south-1
svc-search,search-api,2025-04-14T04:30:00Z,200,0.569,s,agent-1,ap-south-1
svc-payments,payments-api,2025-04-16T22:45:00Z,200,312,ms,agent-1,ap-south-1
svc-payments,payments-api,2025-04-11T07:30:00Z,200,458,ms,agent-1,ap-south-1
svc-reports,reports-api,2025-04-13T04:30:00Z,200,760,ms,agent-1,ap-south-1
svc-reports,reports-api,2025-04-21T16:45:00Z,200,758,ms,agent-1,ap-south-1
svc-notify,notify-worker,2025-04-21T09:45:00Z,200,98,ms,agent-1,ap-south-1
svc-notify,notify-worker,2025-04-19T11:15:00Z,200,77,ms,agent-1,ap-south-1
svc-reports,reports-api,2025-04-12T10:45:00Z,200,839,ms,agent-1,ap-south-1
svc-search,search-api,2025-04-20T10:45:00Z,200,0.58,s,agent-1,ap-south-1
svc-auth,auth-api,1744623000,200,160,ms,agent-1,ap-south-1
svc-reports,reports-api,2025-04-15T04:30:00Z,200,835,ms,agent-1,ap-south-1
svc-payments,payments-api,2025-04-12T03:00:00Z,200,470,ms,agent-1,ap-south-1
svc-search,search-api,2025-04-10T07:30:00Z,200,0.404,s,agent-1,ap-south-1
svc-reports,reports-api,2025-04-16T03:15:00Z,200,545,ms,agent-1,ap-south-1
svc-search,search-api,2025-04-11T04:00:00Z,200,0.637,s,agent-2,ap-south-1
svc-payments,payments-api,2025-04-13T10:30:00Z,200,495,ms,agent-1,ap-south-1
svc-payments,payments-api,2025-04-17T07:45:00Z,200,413,ms,agent-1,ap-south-1
svc-auth,auth-api,2025-04-20T02:00:00Z,200,120,ms,agent-1,ap-south-1
svc-payments,payments-api,2025-04-11T23:30:00Z,200,452,ms,agent-1,ap-south-1
svc-notify,notify-worker,2025-04-17T11:30:00Z,200,111,ms,agent-1,ap-south-1
svc-payments,payments-api,2025-04-21T17:30:00Z,200,298,ms,agent-1,ap-south-1
svc-payments,payments-api,2025-04-10T11:00:00Z,200,336,ms,agent-1,ap-south-1
svc-notify,notify-worker,2025-04-16T04:45:00Z,200,83,ms,agent-1,ap-south-1
svc-notify,notify-worker,2025-04-21T06:15:00Z,200,123,ms,agent-1,ap-south-1
svc-notify,notify-worker,2025-04-13T09:45:00Z,200,122,ms,agent-1,ap-south-1
svc-reports,reports-api,2025-04-14T23:15:00Z,200,589,ms,agent-1,ap-south-1
svc-search,search-api,2025-04-15T09:00:00Z,200,0.613,s,agent-1,ap-south-1
svc-payments,payments-api,2025-04-15T20:30:00Z,200,382,ms,agent-1,ap-south-1
svc-reports,reports-api,2025-04-11T20:15:00Z,200,750,ms,agent-2,ap-south-1
svc-auth,auth-api,2025-04-12T15:30:00Z,200,172,ms,agent-1,ap-south-1
svc-auth,auth-api,2025-04-14T04:00:00Z,200,179,ms,agent-2,ap-south-1
svc-payments,payments-api,2025-04-13T11:45:00Z,200,449,ms,agent-1,ap-south-1
svc-search,search-api,2025-04-20T10:15:00Z,200,0.444,s,agent-1,ap-south-1
svc-payments,payments-api,2025-04-12T08:00:00Z,200,267,ms,agent-1,ap-south-1
svc-reports,reports-api,2025-04-16T22:15:00Z,200,678,ms,agent-1,ap-south-1
svc-reports,reports-api,2025-04-18T20:15:00Z,200,561,ms,agent-1,ap-south-1
svc-search,search-api,2025-04-16T18:15:00Z,200,0.653,s,agent-1,ap-south-1
svc-search,search-api,2025-04-11T14:00:00Z,200,0.573,s,agent-1,ap-south-1
svc-auth,auth-api,2025-04-13T06:15:00Z,200,173,ms,agent-1,ap-south-1
svc-payments,payments-api,2025-04-11T04:00:00Z,200,360,ms,agent-1,ap-south-1
svc-notify,notify-worker,2025-04-16T06:00:00Z,200,119,ms,agent-1,ap-south-1
svc-notify,notify-worker,2025-04-15T01:15:00Z,200,131,ms,agent-1,ap-south-1
svc-search,search-api,2025-04-17T23:15:00Z,200,0.538,s,agent-1,ap-south-1
svc-search,search-api,2025-04-14T14:30:00Z,503,2.356,s,agent-1,ap-south-1
svc-payments,payments-api,2025-04-13T15:45:00Z,200,344,ms,agent-1,ap-south-1
svc-payments,payments-api,2025-04-13T01:30:00Z,200,342,ms,agent-1,ap-south-1
svc-reports,reports-api,2025-04-19T08:15:00Z,200,727,ms,agent-1,ap-south-1
svc-payments,payments-api,2025-04-10T22:00:00Z,200,331,ms,agent-1,ap-south-1
svc-search,search-api,2025-04-13T16:15:00Z,200,0.549,s,agent-1,ap-south-1
svc-search,search-api,2025-04-18T23:45:00Z,200,0.7,s,agent-1,ap-south-1
svc-search,search-api,2025-04-16T09:00:00Z,200,0.533,s,agent-1,ap-south-1
svc-reports,reports-api,2025-04-12T18:45:00Z,200,717,ms,agent-1,ap-south-1
svc-search,search-api,2025-04-12T01:30:00Z,200,0.599,s,agent-1,ap-south-1
svc-search,search-api,2025-04-11T23:00:00Z,200,0.703,s,agent-1,ap-south-1
svc-auth,auth-api,2025-04-15T08:45:00Z,200,116,ms,agent-1,ap-south-1
svc-payments,payments-api,2025-04-20T06:00:00Z,200,305,ms,agent-1,ap-south-1
svc-auth,auth-api,2025-04-19T08:00:00Z,200,168,ms,agent-1,ap-south-1
svc-notify,notify-worker,2025-04-15T04:30:00Z,200,143,ms,agent-1,ap-south-1
svc-notify,notify-worker,2025-04-13T11:15:00Z,200,81,ms,agent-1,ap-south-1
svc-reports,reports-api,2025-04-20T01:45:00Z,200,857,ms,agent-1,ap-south-1
svc-notify,notify-worker,2025-04-13T00:45:00Z,200,104,ms,agent-1,ap-south-1
svc-auth,auth-api,1744492500,200,102,ms,agent-2,ap-south-1
svc-search,search-api,2025-04-18T02:00:00Z,200,0.425,s,agent-1,ap-south-1
svc-notify,notify-worker,2025-04-13T03:00:00Z,200,88,ms,agent-1,ap-south-1
svc-payments,payments-api,2025-04-20T00:15:00Z,200,356,ms,agent-2,ap-south-1
svc-search,search-api,2025-04-12T06:00:00Z,200,0.41,s,agent-1,ap-south-1
svc-payments,payments-api,2025-04-18T10:00:00Z,200,476,ms,agent-1,ap-south-1
svc-search,search-api,2025-04-10T04:00:00Z,200,0.594,s,agent-1,ap-south-1
svc-search,search-api,2025-04-21T13:00:00Z,200,0.536,s,agent-2,ap-south-1
svc-auth,auth-api,2025-04-17T22:00:00Z,200,130,ms,agent-1,ap-south-1
svc-reports,reports-api,2025-04-15T00:30:00Z,200,715,ms,agent-1,ap-south-1
svc-reports,reports-api,2025-04-19T06:45:00Z,200,770,ms,agent-1,ap-south-1
svc-search,search-api,2025-04-18T21:00:00Z,200,0.618,s,agent-1,ap-south-1
svc-search,search-api,2025-04-14T12:30:00Z,500,1.597,s,agent-1,ap-south-1
svc-reports,reports-api,1744464600,200,437,ms,agent-1,ap-south-1
svc-search,search-api,2025-04-17T12:30:00Z,200,0.432,s,agent-1,ap-south-1
svc-search,search-api,2025-04-20T02:00:00Z,200,0.616,s,agent-1,ap-south-1
svc-auth,auth-api,2025-04-12T00:30:00Z,200,107,ms,agent-1,ap-south-1
svc-auth,auth-api,2025-04-12T03:00:00Z,200,168,ms,agent-1,ap-south-1
svc-notify,notify-worker,2025-04-13T12:45:00Z,200,94,ms,agent-1,ap-south-1
svc-auth,auth-api,2025-04-16T11:00:00Z,200,133,ms,agent-1,ap-south-1
svc-reports,reports-api,2025-04-16T21:45:00Z,200,577,ms,agent-1,ap-south-1
svc-search,search-api,2025-04-10T10:45:00Z,200,0.384,s,agent-1,ap-south-1
svc-search,search-api,2025-04-21T15:00:00Z,200,0.613,s,agent-1,ap-south-1
svc-notify,notify-worker,2025-04-18T23:30:00Z,200,,ms,agent-1,ap-south-1
svc-notify,notify-worker,2025-04-18T04:30:00Z,200,88,ms,agent-1,ap-south-1
svc-auth,auth-api,2025-04-20T23:15:00Z,200,142,ms,agent-1,ap-south-1
svc-notify,notify-worker,2025-04-18T19:00:00Z,200,149,ms,agent-1,ap-south-1
svc-auth,auth-api,2025-04-15T00:00:00Z,200,141,ms,agent-1,ap-south-1
svc-auth,auth-api,2025-04-20T15:00:00Z,200,178,ms,agent-1,ap-south-1
svc-auth,auth-api,2025-04-20T22:00:00Z,200,184,ms,agent-1,ap-south-1
svc-reports,reports-api,2025-04-11T23:00:00Z,200,646,ms,agent-1,ap-south-1
svc-payments,payments-api,2025-04-19T09:00:00Z,200,493,ms,agent-1,ap-south-1
svc-auth,auth-api,2025-04-17T06:30:00Z,200,141,ms,agent-1,ap-south-1
svc-payments,payments-api,2025-04-18T07:15:00Z,200,416,ms,agent-1,ap-south-1
svc-payments,payments-api,2025-04-15T23:45:00Z,200,313,ms,agent-1,ap-south-1
svc-payments,payments-api,2025-04-11T15:15:00Z,200,350,ms,agent-1,ap-south-1
svc-payments,payments-api,2025-04-18T20:45:00Z,200,468,ms,agent-1,ap-south-1
svc-reports,reports-api,2025-04-15T12:45:00Z,200,841,ms,agent-1,ap-south-1
svc-search,search-api,2025-04-11T04:30:00Z,200,0.591,s,agent-1,ap-south-1
svc-reports,reports-api,2025-04-16T15:15:00Z,200,616,ms,agent-1,ap-south-1
svc-auth,auth-api,2025-04-17T10:30:00Z,200,143,ms,agent-1,ap-south-1
svc-notify,notify-worker,2025-04-15T03:45:00Z,200,98,ms,agent-1,ap-south-1
svc-search,search-api,2025-04-16T16:00:00Z,200,0.393,s,agent-1,ap-south-1
svc-payments,payments-api,1744515900,200,259,ms,agent-2,ap-south-1
svc-notify,notify-worker,2025-04-15T10:15:00Z,200,143,ms,agent-1,ap-south-1
svc-auth,auth-api,2025-04-11T12:30:00Z,200,,ms,agent-1,ap-south-1
svc-payments,payments-api,2025-04-18T08:00:00Z,200,323,ms,agent-1,ap-south-1
svc-notify,notify-worker,2025-04-10T06:15:00Z,200,139,ms,agent-1,ap-south-1
svc-search,search-api,2025-04-19T11:45:00Z,200,0.688,s,agent-1,ap-south-1
svc-search,search-api,2025-04-12T18:45:00Z,200,0.683,s,agent-1,ap-south-1
svc-reports,reports-api,2025-04-21T07:15:00Z,200,739,ms,agent-1,ap-south-1
svc-reports,reports-api,2025-04-10T22:15:00Z,200,493,ms,agent-1,ap-south-1
svc-search,search-api,2025-04-21T10:15:00Z,200,0.624,s,agent-1,ap-south-1
svc-auth,auth-api,2025-04-18T02:30:00Z,200,130,ms,agent-1,ap-south-1
svc-search,search-api,2025-04-13T22:45:00Z,200,0.447,s,agent-1,ap-south-1
svc-payments,payments-api,2025-04-13T01:45:00Z,200,376,ms,agent-1,ap-south-1
svc-notify,notify-worker,2025-04-14T03:00:00Z,200,146,ms,agent-1,ap-south-1
svc-reports,reports-api,2025-04-16T04:30:00Z,200,551,ms,agent-1,ap-south-1
svc-search,search-api,2025-04-13T16:30:00Z,200,0.649,s,agent-1,ap-south-1
svc-reports,reports-api,2025-04-14T06:00:00Z,200,512,ms,agent-1,ap-south-1
svc-payments,payments-api,2025-04-15T10:15:00Z,200,404,ms,agent-1,ap-south-1
svc-auth,auth-api,2025-04-19T15:45:00Z,200,114,ms,agent-1,ap-south-1
svc-payments,payments-api,2025-04-14T08:15:00Z,200,395,ms,agent-1,ap-south-1
svc-search,search-api,2025-04-12T09:45:00Z,200,0.51,s,agent-1,ap-south-1
svc-notify,notify-worker,2025-04-11T22:45:00Z,200,116,ms,agent-1,ap-south-1
svc-reports,reports-api,2025-04-13T06:45:00Z,200,601,ms,agent-1,ap-south-1
svc-notify,notify-worker,2025-04-18T20:30:00Z,200,122,ms,agent-1,ap-south-1
svc-reports,reports-api,2025-04-16T15:00:00Z,200,434,ms,agent-1,ap-south-1
svc-reports,reports-api,2025-04-18T04:45:00Z,200,748,ms,agent-1,ap-south-1
svc-reports,reports-api,2025-04-10T07:15:00Z,200,714,ms,agent-1,ap-south-1
svc-auth,auth-api,2025-04-15T12:15:00Z,200,125,ms,agent-1,ap-south-1
svc-auth,auth-api,2025-04-15T20:30:00Z,200,96,ms,agent-1,ap-south-1
svc-payments,payments-api,2025-04-18T01:45:00Z,200,416,ms,agent-2,ap-south-1
svc-notify,notify-worker,2025-04-17T21:15:00Z,200,117,ms,agent-1,ap-south-1
svc-auth,auth-api,2025-04-21T20:00:00Z,200,119,ms,agent-2,ap-south-1
svc-payments,payments-api,2025-04-11T22:15:00Z,200,359,ms,agent-1,ap-south-1
svc-notify,notify-worker,2025-04-11T08:30:00Z,200,145,ms,agent-1,ap-south-1
svc-payments,payments-api,2025-04-16T15:30:00Z,200,312,ms,agent-1,ap-south-1
svc-reports,reports-api,2025-04-19T00:00:00Z,200,653,ms,agent-1,ap-south-1
svc-payments,payments-api,2025-04-14T04:45:00Z,200,313,ms,agent-1,ap-south-1
svc-payments,payments-api,2025-04-12T07:00:00Z,200,367,ms,agent-1,ap-south-1
svc-reports,reports-api,2025-04-15T08:15:00Z,200,641,ms,agent-1,ap-south-1
svc-reports,reports-api,2025-04-20T02:45:00Z,200,736,ms,agent-1,ap-south-1
svc-search,search-api,2025-04-18T00:30:00Z,200,0.472,s,agent-1,ap-south-1
svc-payments,payments-api,2025-04-15T02:00:00Z,200,356,ms,agent-1,ap-south-1
svc-auth,auth-api,2025-04-21T21:30:00Z,200,157,ms,agent-1,ap-south-1
svc-notify,notify-worker,2025-04-19T00:00:00Z,200,129,ms,agent-1,ap-south-1
svc-reports,reports-api,2025-04-17T00:30:00Z,200,801,ms,agent-1,ap-south-1
svc-search,search-api,2025-04-21T00:45:00Z,200,0.427,s,agent-1,ap-south-1
svc-search,search-api,2025-04-13T10:00:00Z,200,0.542,s,agent-1,ap-south-1
svc-auth,auth-api,2025-04-17T17:45:00Z,200,186,ms,agent-1,ap-south-1
svc-auth,auth-api,2025-04-19T13:15:00Z,200,130,ms,agent-1,ap-south-1
svc-notify,notify-worker,1744398900,200,129,ms,agent-1,ap-south-1
svc-reports,reports-api,2025-04-18T14:30:00Z,200,751,ms,agent-1,ap-south-1
svc-payments,payments-api,2025-04-12T04:30:00Z,200,351,ms,agent-1,ap-south-1
svc-notify,notify-worker,2025-04-13T01:00:00Z,200,127,ms,agent-1,ap-south-1
svc-search,search-api,2025-04-16T05:30:00Z,200,0.594,s,agent-1,ap-south-1
svc-search,search-api,2025-04-21T04:45:00Z,200,0.515,s,agent-1,ap-south-1
svc-reports,reports-api,2025-04-12T17:30:00Z,200,569,ms,agent-1,ap-south-1
svc-search,search-api,2025-04-19T15:30:00Z,200,0.622,s,agent-1,ap-south-1
svc-notify,notify-worker,2025-04-10T14:15:00Z,200,97,ms,agent-1,ap-south-1
svc-search,search-api,2025-04-18T16:15:00Z,200,0.622,s,agent-1,ap-south-1
svc-payments,payments-api,2025-04-19T10:45:00Z,200,358,ms,agent-1,ap-south-1
svc-search,search-api,2025-04-15T17:45:00Z,200,0.541,s,agent-1,ap-south-1
svc-reports,reports-api,2025-04-19T00:45:00Z,200,858,ms,agent-1,ap-south-1
svc-auth,auth-api,2025-04-15T22:15:00Z,200,179,ms,agent-1,ap-south-1
svc-search,search-api,2025-04-11T08:00:00Z,200,0.689,s,agent-2,ap-south-1
svc-auth,auth-api,2025-04-11T22:45:00Z,200,96,ms,agent-1,ap-south-1
svc-search,search-api,2025-04-21T20:00:00Z,200,0.599,s,agent-1,ap-south-1
svc-reports,reports-api,2025-04-20T03:30:00Z,200,595,ms,agent-1,ap-south-1
svc-search,search-api,2025-04-15T21:15:00Z,200,0.555,s,agent-1,ap-south-1
svc-notify,notify-worker,2025-04-13T19:00:00Z,200,108,ms,agent-1,ap-south-1
svc-auth,auth-api,2025-04-12T05:15:00Z,200,145,ms,agent-1,ap-south-1
svc-notify,notify-worker,2025-04-16T03:00:00Z,200,116,ms,agent-1,ap-south-1
svc-reports,reports-api,2025-04-14T07:30:00Z,200,543,ms,agent-2,ap-south-1
svc-search,search-api,2025-04-12T13:45:00Z,200,0.593,s,agent-1,ap-south-1
svc-notify,notify-worker,2025-04-13T21:30:00Z,200,106,ms,agent-2,ap-south-1
svc-notify,notify-worker,2025-04-15T05:45:00Z,200,98,ms,agent-1,ap-south-1
svc-reports,reports-api,2025-04-18T04:15:00Z,200,539,ms,agent-1,ap-south-1
svc-notify,notify-worker,2025-04-13T00:00:00Z,200,88,ms,agent-1,ap-south-1
svc-payments,payments-api,2025-04-19T21:15:00Z,200,362,ms,agent-1,ap-south-1
svc-auth,auth-api,2025-04-21T07:30:00Z,200,142,ms,agent-1,ap-south-1
svc-auth,auth-api,2025-04-19T13:45:00Z,200,153,ms,agent-1,ap-south-1
svc-payments,payments-api,2025-04-18T20:15:00Z,502,328,ms,agent-1,ap-south-1
svc-auth,auth-api,2025-04-19T18:45:00Z,200,121,ms,agent-1,ap-south-1
svc-payments,payments-api,1744370100,200,441,ms,agent-1,ap-south-1
svc-search,search-api,2025-04-11T01:15:00Z,200,0.537,s,agent-1,ap-south-1
svc-payments,payments-api,2025-04-18T23:30:00Z,200,285,ms,agent-1,ap-south-1
svc-payments,payments-api,2025-04-20T21:45:00Z,200,303,ms,agent-1,ap-south-1
svc-payments,payments-api,2025-04-19T09:30:00Z,200,296,ms,agent-1,ap-south-1
svc-payments,payments-api,2025-04-17T09:15:00Z,200,361,ms,agent-1,ap-south-1
svc-auth,auth-api,2025-04-11T03:00:00Z,200,189,ms,agent-1,ap-south-1
svc-payments,payments-api,2025-04-11T05:45:00Z,200,264,ms,agent-1,ap-south-1
svc-reports,reports-api,2025-04-20T22:00:00Z,200,649,ms,agent-1,ap-south-1
svc-search,search-api,2025-04-12T02:00:00Z,200,0.555,s,agent-1,ap-south-1
svc-auth,auth-api,2025-04-15T11:15:00Z,200,148,ms,agent-1,ap-south-1
svc-auth,auth-api,2025-04-14T18:00:00Z,200,162,ms,agent-1,ap-south-1
svc-payments,payments-api,2025-04-15T09:15:00Z,200,360,ms,agent-1,ap-south-1
svc-auth,auth-api,2025-04-12T02:30:00Z,200,155,ms,agent-1,ap-south-1
svc-payments,payments-api,2025-04-20T07:00:00Z,200,271,ms,agent-2,ap-south-1
svc-payments,payments-api,2025-04-10T23:30:00Z,200,444,ms,agent-1,ap-south-1
svc-reports,reports-api,2025-04-14T21:00:00Z,200,729,ms,agent-1,ap-south-1
svc-payments,payments-api,2025-04-11T21:45:00Z,200,367,ms,agent-2,ap-south-1
svc-reports,reports-api,1744571700,200,480,ms,agent-1,ap-south-1
svc-payments,payments-api,2025-04-20T20:00:00Z,200,491,ms,agent-1,ap-south-1
svc-search,search-api,2025-04-21T17:45:00Z,200,0.467,s,agent-1,ap-south-1
svc-payments,payments-api,2025-04-17T23:00:00Z,200,355,ms,agent-1,ap-south-1
svc-notify,notify-worker,2025-04-20T05:00:00Z,200,92,ms,agent-1,ap-south-1
svc-payments,payments-api,2025-04-19T07:15:00Z,200,323,ms,agent-1,ap-south-1
svc-auth,auth-api,2025-04-20T01:15:00Z,200,162,ms,agent-1,ap-south-1
svc-notify,notify-worker,2025-04-12T00:15:00Z,200,125,ms,agent-1,ap-south-1
svc-reports,reports-api,2025-04-12T08:15:00Z,200,677,ms,agent-1,ap-south-1
svc-reports,reports-api,2025-04-14T03:00:00Z,200,785,ms,agent-1,ap-south-1
svc-notify,notify-worker,2025-04-14T00:45:00Z,200,123,ms,agent-1,ap-south-1
svc-search,search-api,2025-04-10T14:15:00Z,200,0.682,s,agent-1,ap-south-1
svc-auth,auth-api,2025-04-21T15:30:00Z,200,150,ms,agent-1,ap-south-1
svc-notify,notify-worker,2025-04-18T12:30:00Z,200,94,ms,agent-1,ap-south-1
svc-notify,notify-worker,2025-04-12T14:30:00Z,200,123,ms,agent-1,ap-south-1
svc-payments,payments-api,2025-04-11T22:15:00Z,200,368,ms,agent-2,ap-south-1
svc-search,search-api,2025-04-19T10:30:00Z,200,0.424,s,agent-1,ap-south-1
svc-auth,auth-api,2025-04-19T11:15:00Z,200,157,ms,agent-1,ap-south-1
svc-search,search-api,2025-04-18T06:45:00Z,200,0.491,s,agent-1,ap-south-1
svc-auth,auth-api,2025-04-21T16:45:00Z,200,122,ms,agent-1,ap-south-1
svc-notify,notify-worker,2025-04-17T05:30:00Z,200,134,ms,agent-1,ap-south-1
svc-reports,reports-api,2025-04-21T09:15:00Z,200,511,ms,agent-2,ap-south-1
svc-payments,payments-api,2025-04-14T05:15:00Z,200,293,ms,agent-1,ap-south-1
svc-notify,notify-worker,2025-04-14T18:30:00Z,200,148,ms,agent-1,ap-south-1
svc-auth,auth-api,2025-04-13T04:15:00Z,200,170,ms,agent-1,ap-south-1
svc-search,search-api,1744333200,200,0.62,s,agent-1,ap-south-1
svc-notify,notify-worker,2025-04-14T10:45:00Z,200,130,ms,agent-1,ap-south-1
svc-notify,notify-worker,2025-04-18T04:00:00Z,200,104,ms,agent-1,ap-south-1
svc-notify,notify-worker,2025-04-10T14:30:00Z,200,131,ms,agent-1,ap-south-1
svc-auth,auth-api,2025-04-15T18:45:00Z,200,181,ms,agent-1,ap-south-1
svc-auth,auth-api,2025-04-21T03:45:00Z,200,169,ms,agent-1,ap-south-1
svc-search,search-api,2025-04-14T22:00:00Z,200,0.546,s,agent-1,ap-south-1
svc-auth,auth-api,2025-04-13T15:30:00Z,200,181,ms,agent-1,ap-south-1
svc-auth,auth-api,2025-04-18T05:45:00Z,200,191,ms,agent-1,ap-south-1
svc-payments,payments-api,2025-04-17T04:00:00Z,200,320,ms,agent-1,ap-south-1
svc-notify,notify-worker,2025-04-19T16:00:00Z,200,96,ms,agent-1,ap-south-1
svc-notify,notify-worker,2025-04-13T07:00:00Z,200,112,ms,agent-1,ap-south-1
svc-payments,payments-api,2025-04-16T10:30:00Z,200,483,ms,agent-1,ap-south-1
svc-search,search-api,2025-04-12T11:15:00Z,200,0.532,s,agent-1,ap-south-1
svc-search,search-api,2025-04-20T00:45:00Z,200,0.67,s,agent-1,ap-south-1
svc-reports,reports-api,2025-04-20T05:45:00Z,200,786,ms,agent-1,ap-south-1
svc-notify,notify-worker,2025-04-17T00:45:00Z,200,89,ms,agent-1,ap-south-1
svc-reports,reports-api,2025-04-19T05:45:00Z,200,462,ms,agent-1,ap-south-1
svc-notify,notify-worker,2025-04-17T23:45:00Z,200,98,ms,agent-1,ap-south-1
svc-search,search-api,2025-04-19T23:00:00Z,200,0.668,s,agent-1,ap-south-1
svc-payments,payments-api,2025-04-16T13:45:00Z,200,254,ms,agent-1,ap-south-1
svc-auth,auth-api,2025-04-12T05:30:00Z,200,144,ms,agent-1,ap-south-1
svc-search,search-api,2025-04-11T15:45:00Z,200,0.577,s,agent-1,ap-south-1
svc-reports,reports-api,2025-04-19T02:15:00Z,200,604,ms,agent-1,ap-south-1
svc-search,search-api,2025-04-16T06:00:00Z,200,0.712,s,agent-1,ap-south-1
svc-reports,reports-api,2025-04-11T08:15:00Z,200,851,ms,agent-1,ap-south-1
svc-search,search-api,2025-04-12T18:00:00Z,200,0.487,s,agent-1,ap-south-1
svc-notify,notify-worker,2025-04-16T16:00:00Z,200,131,ms,agent-1,ap-south-1
svc-search,search-api,2025-04-15T00:00:00Z,200,0.517,s,agent-1,ap-south-1
svc-reports,reports-api,2025-04-16T07:30:00Z,200,537,ms,agent-1,ap-south-1
svc-reports,reports-api,2025-04-12T07:00:00Z,200,449,ms,agent-1,ap-south-1
svc-notify,notify-worker,2025-04-16T06:30:00Z,200,124,ms,agent-1,ap-south-1
svc-notify,notify-worker,2025-04-14T11:00:00Z,200,126,ms,agent-1,ap-south-1
svc-reports,reports-api,2025-04-12T21:45:00Z,200,806,ms,agent-1,ap-south-1
svc-notify,notify-worker,2025-04-13T23:30:00Z,200,135,ms,agent-1,ap-south-1
svc-payments,payments-api,2025-04-14T19:45:00Z,200,389,ms,agent-1,ap-south-1
svc-reports,reports-api,2025-04-18T10:30:00Z,200,588,ms,agent-1,ap-south-1
svc-reports,reports-api,2025-04-15T13:15:00Z,200,735,ms,agent-1,ap-south-1
svc-auth,auth-api,2025-04-18T00:30:00Z,200,190,ms,agent-1,ap-south-1
svc-notify,notify-worker,2025-04-16T00:00:00Z,200,138,ms,agent-1,ap-south-1
svc-notify,notify-worker,2025-04-20T10:45:00Z,200,121,ms,agent-1,ap-south-1
svc-notify,notify-worker,2025-04-20T19:00:00Z,200,109,ms,agent-1,ap-south-1
svc-search,search-api,2025-04-13T00:30:00Z,200,0.432,s,agent-1,ap-south-1
svc-notify,notify-worker,2025-04-13T02:45:00Z,200,142,ms,agent-1,ap-south-1
svc-auth,auth-api,2025-04-21T18:00:00Z,200,118,ms,agent-1,ap-south-1
svc-auth,auth-api,2025-04-15T03:30:00Z,200,177,ms,agent-1,ap-south-1
svc-payments,payments-api,2025-04-10T01:00:00Z,200,324,ms,agent-1,ap-south-1
svc-payments,payments-api,2025-04-21T01:45:00Z,200,407,ms,agent-1,ap-south-1
svc-search,search-api,2025-04-18T01:30:00Z,200,0.495,s,agent-1,ap-south-1
svc-payments,payments-api,2025-04-12T19:15:00Z,200,457,ms,agent-1,ap-south-1
svc-payments,payments-api,2025-04-17T07:45:00Z,200,398,ms,agent-2,ap-south-1
svc-search,search-api,2025-04-20T09:30:00Z,200,0.649,s,agent-1,ap-south-1
svc-search,search-api,2025-04-16T11:15:00Z,200,0.636,s,agent-1,ap-south-1
svc-payments,payments-api,2025-04-17T17:00:00Z,200,429,ms,agent-1,ap-south-1
svc-auth,auth-api,2025-04-20T05:30:00Z,200,191,ms,agent-1,ap-south-1
svc-payments,payments-api,2025-04-18T12:00:00Z,200,318,ms,agent-1,ap-south-1
svc-auth,auth-api,2025-04-14T01:45:00Z,200,136,ms,agent-1,ap-south-1
svc-payments,payments-api,2025-04-16T01:30:00Z,200,360,ms,agent-1,ap-south-1
svc-search,search-api,2025-04-15T10:00:00Z,200,0.61,s,agent-1,ap-south-1
svc-search,search-api,2025-04-12T20:30:00Z,200,0.481,s,agent-1,ap-south-1
svc-payments,payments-api,2025-04-16T18:15:00Z,200,413,ms,agent-1,ap-south-1
svc-search,search-api,2025-04-13T02:30:00Z,200,0.568,s,agent-1,ap-south-1
svc-notify,notify-worker,2025-04-15T04:45:00Z,200,88,ms,agent-1,ap-south-1
svc-search,search-api,2025-04-19T04:15:00Z,200,0.365,s,agent-1,ap-south-1
svc-payments,payments-api,2025-04-17T16:30:00Z,200,342,ms,agent-2,ap-south-1
svc-reports,reports-api,2025-04-17T01:00:00Z,200,780,ms,agent-1,ap-south-1
svc-auth,auth-api,2025-04-12T09:00:00Z,200,166,ms,agent-1,ap-south-1
svc-reports,reports-api,2025-04-10T17:15:00Z,200,541,ms,agent-1,ap-south-1
svc-reports,reports-api,2025-04-12T19:00:00Z,200,,ms,agent-1,ap-south-1
svc-notify,notify-worker,2025-04-18T08:30:00Z,200,107,ms,agent-1,ap-south-1
svc-payments,payments-api,2025-04-20T02:30:00Z,200,458,ms,agent-1,ap-south-1
svc-search,search-api,2025-04-20T10:00:00Z,200,0.552,s,agent-1,ap-south-1
svc-auth,auth-api,2025-04-10T14:45:00Z,200,143,ms,agent-1,ap-south-1
svc-notify,notify-worker,2025-04-17T12:45:00Z,200,131,ms,agent-1,ap-south-1
svc-notify,notify-worker,2025-04-20T08:15:00Z,200,96,ms,agent-1,ap-south-1
svc-search,search-api,2025-04-17T03:15:00Z,200,0.378,s,agent-1,ap-south-1
svc-payments,payments-api,2025-04-21T23:30:00Z,200,257,ms,agent-1,ap-south-1
svc-search,search-api,2025-04-14T03:45:00Z,200,0.516,s,agent-1,ap-south-1
svc-notify,notify-worker,2025-04-21T09:30:00Z,200,133,ms,agent-2,ap-south-1
svc-auth,auth-api,2025-04-13T18:00:00Z,200,126,ms,agent-1,ap-south-1
svc-auth,auth-api,2025-04-21T08:00:00Z,200,110,ms,agent-1,ap-south-1
svc-notify,notify-worker,2025-04-11T00:30:00Z,200,139,ms,agent-1,ap-south-1
svc-payments,payments-api,2025-04-17T03:00:00Z,200,318,ms,agent-2,ap-south-1
svc-reports,reports-api,2025-04-11T05:45:00Z,200,583,ms,agent-1,ap-south-1
svc-search,search-api,2025-04-15T23:15:00Z,200,0.545,s,agent-1,ap-south-1
svc-payments,payments-api,2025-04-20T10:45:00Z,200,482,ms,agent-1,ap-south-1
svc-reports,reports-api,2025-04-16T10:30:00Z,200,820,ms,agent-1,ap-south-1
svc-notify,notify-worker,2025-04-20T18:15:00Z,200,76,ms,agent-1,ap-south-1
svc-reports,reports-api,2025-04-17T07:30:00Z,200,645,ms,agent-1,ap-south-1
svc-search,search-api,2025-04-13T02:45:00Z,200,0.437,s,agent-1,ap-south-1
svc-reports,reports-api,2025-04-17T02:45:00Z,200,796,ms,agent-1,ap-south-1
svc-notify,notify-worker,2025-04-17T15:45:00Z,200,149,ms,agent-1,ap-south-1
svc-search,search-api,2025-04-19T01:15:00Z,200,0.561,s,agent-2,ap-south-1
svc-search,search-api,2025-04-15T23:00:00Z,200,0.548,s,agent-1,ap-south-1
svc-notify,notify-worker,2025-04-13T02:30:00Z,200,115,ms,agent-1,ap-south-1
svc-reports,reports-api,2025-04-20T17:45:00Z,502,690,ms,agent-1,ap-south-1
svc-auth,auth-api,2025-04-18T15:00:00Z,200,103,ms,agent-1,ap-south-1
svc-search,search-api,2025-04-16T19:15:00Z,200,0.433,s,agent-1,ap-south-1
svc-payments,payments-api,2025-04-12T17:00:00Z,200,431,ms,agent-1,ap-south-1
svc-auth,auth-api,2025-04-11T18:00:00Z,200,179,ms,agent-1,ap-south-1
svc-payments,payments-api,2025-04-16T08:30:00Z,200,358,ms,agent-1,ap-south-1
svc-payments,payments-api,2025-04-11T20:45:00Z,200,396,ms,agent-1,ap-south-1
svc-reports,reports-api,2025-04-20T03:45:00Z,200,796,ms,agent-1,ap-south-1
svc-auth,auth-api,2025-04-15T09:00:00Z,200,137,ms,agent-1,ap-south-1
svc-auth,auth-api,2025-04-17T02:00:00Z,200,145,ms,agent-1,ap-south-1
svc-reports,reports-api,2025-04-14T18:45:00Z,200,445,ms,agent-1,ap-south-1
svc-search,search-api,2025-04-15T21:00:00Z,200,0.56,s,agent-1,ap-south-1
svc-auth,auth-api,2025-04-11T11:30:00Z,200,179,ms,agent-1,ap-south-1
svc-notify,notify-worker,2025-04-14T10:15:00Z,200,141,ms,agent-1,ap-south-1
svc-reports,reports-api,2025-04-18T08:45:00Z,200,501,ms,agent-2,ap-south-1
svc-payments,payments-api,2025-04-14T08:30:00Z,200,455,ms,agent-1,ap-south-1
svc-payments,payments-api,2025-04-10T13:00:00Z,200,287,ms,agent-1,ap-south-1
svc-auth,auth-api,2025-04-19T06:45:00Z,200,139,ms,agent-1,ap-south-1
svc-search,search-api,2025-04-14T21:30:00Z,200,0.482,s,agent-1,ap-south-1
svc-search,search-api,2025-04-13T05:45:00Z,200,0.591,s,agent-1,ap-south-1
svc-auth,auth-api,2025-04-21T04:15:00Z,200,135,ms,agent-1,ap-south-1
svc-search,search-api,2025-04-12T23:15:00Z,200,0.589,s,agent-1,ap-south-1
svc-search,search-api,2025-04-20T02:30:00Z,200,0.426,s,agent-1,ap-south-1
svc-search,search-api,2025-04-10T18:00:00Z,200,0.463,s,agent-1,ap-south-1
svc-search,search-api,2025-04-20T08:00:00Z,200,0.385,s,agent-1,ap-south-1
svc-payments,payments-api,2025-04-17T03:45:00Z,200,397,ms,agent-1,ap-south-1
svc-search,search-api,2025-04-15T11:15:00Z,200,0.397,s,agent-1,ap-south-1
svc-reports,reports-api,2025-04-15T19:30:00Z,200,637,ms,agent-1,ap-south-1
svc-reports,reports-api,2025-04-12T02:45:00Z,200,686,ms,agent-1,ap-south-1
svc-payments,payments-api,2025-04-18T16:15:00Z,200,326,ms,agent-1,ap-south-1
svc-auth,auth-api,2025-04-12T07:45:00Z,200,178,ms,agent-1,ap-south-1
svc-auth,auth-api,2025-04-10T13:30:00Z,200,133,ms,agent-1,ap-south-1
svc-notify,notify-worker,2025-04-18T19:15:00Z,200,142,ms,agent-1,ap-south-1
svc-reports,reports-api,2025-04-18T12:45:00Z,200,473,ms,agent-1,ap-south-1
svc-notify,notify-worker,2025-04-20T00:30:00Z,200,144,ms,agent-1,ap-south-1
svc-auth,auth-api,2025-04-12T13:30:00Z,200,167,ms,agent-1,ap-south-1
svc-search,search-api,1744486200,200,0.483,s,agent-1,ap-south-1
svc-reports,reports-api,2025-04-21T17:15:00Z,200,487,ms,agent-1,ap-south-1
svc-auth,auth-api,2025-04-19T04:00:00Z,200,156,ms,agent-1,ap-south-1
svc-reports,reports-api,2025-04-16T11:30:00Z,200,634,ms,agent-1,ap-south-1
svc-search,search-api,2025-04-11T16:15:00Z,200,0.539,s,agent-1,ap-south-1
svc-reports,reports-api,2025-04-21T00:15:00Z,200,743,ms,agent-1,ap-south-1
svc-notify,notify-worker,2025-04-14T14:45:00Z,200,112,ms,agent-1,ap-south-1
svc-payments,payments-api,2025-04-16T08:45:00Z,200,322,ms,agent-1,ap-south-1
svc-search,search-api,2025-04-14T15:30:00Z,500,2.388,s,agent-1,ap-south-1
svc-notify,notify-worker,2025-04-12T04:30:00Z,200,115,ms,agent-1,ap-south-1
svc-payments,payments-api,2025-04-18T10:30:00Z,200,332,ms,agent-2,ap-south-1
svc-notify,notify-worker,2025-04-11T12:00:00Z,200,151,ms,agent-1,ap-south-1
svc-search,search-api,2025-04-11T22:00:00Z,200,0.437,s,agent-1,ap-south-1
svc-payments,payments-api,2025-04-15T00:00:00Z,200,495,ms,agent-1,ap-south-1
svc-payments,payments-api,2025-04-17T11:00:00Z,200,436,ms,agent-1,ap-south-1
svc-notify,notify-worker,2025-04-15T15:00:00Z,200,109,ms,agent-1,ap-south-1
svc-search,search-api,2025-04-15T08:15:00Z,200,0.391,s,agent-1,ap-south-1
svc-search,search-api,2025-04-10T05:45:00Z,200,0.604,s,agent-1,ap-south-1
svc-payments,payments-api,2025-04-10T08:30:00Z,200,490,ms,agent-1,ap-south-1
svc-reports,reports-api,2025-04-13T06:15:00Z,200,494,ms,agent-1,ap-south-1
svc-payments,payments-api,2025-04-19T11:45:00Z,200,493,ms,agent-1,ap-south-1
svc-auth,auth-api,2025-04-16T00:15:00Z,200,172,ms,agent-2,ap-south-1
svc-payments,payments-api,2025-04-13T22:00:00Z,200,285,ms,agent-1,ap-south-1
svc-reports,reports-api,2025-04-17T07:45:00Z,200,458,ms,agent-1,ap-south-1
svc-search,search-api,2025-04-11T03:15:00Z,200,0.469,s,agent-2,ap-south-1
svc-notify,notify-worker,2025-04-20T17:30:00Z,200,89,ms,agent-1,ap-south-1
svc-search,search-api,2025-04-18T01:15:00Z,200,0.364,s,agent-1,ap-south-1
svc-reports,reports-api,2025-04-14T21:15:00Z,200,740,ms,agent-1,ap-south-1
svc-search,search-api,2025-04-19T00:45:00Z,200,0.43,s,agent-1,ap-south-1
svc-auth,auth-api,2025-04-10T09:00:00Z,200,133,ms,agent-1,ap-south-1
svc-auth,auth-api,2025-04-14T05:15:00Z,200,105,ms,agent-1,ap-south-1
svc-reports,reports-api,2025-04-17T16:15:00Z,200,837,ms,agent-1,ap-south-1
svc-reports,reports-api,2025-04-15T16:30:00Z,200,604,ms,agent-1,ap-south-1
svc-auth,auth-api,2025-04-10T11:45:00Z,200,160,ms,agent-2,ap-south-1
svc-notify,notify-worker,2025-04-15T01:45:00Z,200,151,ms,agent-1,ap-south-1
svc-search,search-api,2025-04-19T17:45:00Z,200,0.415,s,agent-1,ap-south-1
svc-notify,notify-worker,2025-04-14T07:15:00Z,200,151,ms,agent-1,ap-south-1
svc-reports,reports-api,2025-04-17T14:00:00Z,200,558,ms,agent-1,ap-south-1
svc-search,search-api,2025-04-18T22:45:00Z,200,0.673,s,agent-1,ap-south-1
svc-auth,auth-api,2025-04-18T00:30:00Z,200,193,ms,agent-2,ap-south-1
svc-reports,reports-api,2025-04-20T11:30:00Z,200,486,ms,agent-1,ap-south-1
svc-notify,notify-worker,2025-04-16T02:15:00Z,200,93,ms,agent-1,ap-south-1
svc-payments,payments-api,2025-04-16T02:00:00Z,200,254,ms,agent-1,ap-south-1
svc-notify,notify-worker,2025-04-13T14:00:00Z,200,,ms,agent-1,ap-south-1
svc-reports,reports-api,2025-04-17T07:15:00Z,200,432,ms,agent-1,ap-south-1
svc-auth,auth-api,2025-04-19T10:15:00Z,200,152,ms,agent-1,ap-south-1
svc-notify,notify-worker,2025-04-20T11:15:00Z,200,,ms,agent-1,ap-south-1
svc-auth,auth-api,2025-04-13T12:30:00Z,200,165,ms,agent-1,ap-south-1
svc-payments,payments-api,2025-04-18T01:30:00Z,200,368,ms,agent-1,ap-south-1
svc-payments,payments-api,2025-04-10T19:30:00Z,200,481,ms,agent-1,ap-south-1
svc-notify,notify-worker,2025-04-21T12:30:00Z,200,144,ms,agent-1,ap-south-1
svc-search,search-api,2025-04-16T04:15:00Z,200,0.429,s,agent-1,ap-south-1
svc-reports,reports-api,2025-04-20T18:45:00Z,200,767,ms,agent-1,ap-south-1
svc-reports,reports-api,2025-04-12T20:15:00Z,503,509,ms,agent-1,ap-south-1
svc-search,search-api,2025-04-20T15:45:00Z,200,0.689,s,agent-1,ap-south-1
svc-reports,reports-api,2025-04-15T15:45:00Z,200,855,ms,agent-1,ap-south-1
svc-search,search-api,2025-04-18T17:00:00Z,200,0.479,s,agent-1,ap-south-1
svc-notify,notify-worker,2025-04-18T08:15:00Z,200,119,ms,agent-1,ap-south-1
svc-search,search-api,2025-04-14T10:15:00Z,200,0.616,s,agent-1,ap-south-1
svc-reports,reports-api,2025-04-16T15:45:00Z,200,456,ms,agent-1,ap-south-1
svc-search,search-api,2025-04-10T04:15:00Z,200,0.499,s,agent-1,ap-south-1
svc-auth,auth-api,2025-04-14T03:30:00Z,200,182,ms,agent-1,ap-south-1
svc-search,search-api,2025-04-13T00:00:00Z,200,0.358,s,agent-2,ap-south-1
svc-payments,payments-api,2025-04-16T19:45:00Z,200,400,ms,agent-1,ap-south-1
svc-search,search-api,2025-04-21T01:30:00Z,200,0.71,s,agent-1,ap-south-1
svc-auth,auth-api,2025-04-10T14:00:00Z,200,102,ms,agent-1,ap-south-1
svc-payments,payments-api,2025-04-19T03:00:00Z,200,434,ms,agent-1,ap-south-1
svc-auth,auth-api,2025-04-13T10:30:00Z,200,114,ms,agent-1,ap-south-1
svc-notify,notify-worker,2025-04-19T10:15:00Z,200,113,ms,agent-1,ap-south-1
svc-payments,payments-api,2025-04-20T04:45:00Z,200,419,ms,agent-1,ap-south-1
svc-auth,auth-api,2025-04-17T16:00:00Z,200,167,ms,agent-1,ap-south-1
svc-reports,reports-api,2025-04-13T15:30:00Z,200,544,ms,agent-1,ap-south-1
svc-auth,auth-api,2025-04-10T04:00:00Z,200,190,ms,agent-1,ap-south-1
svc-payments,payments-api,2025-04-14T08:00:00Z,200,394,ms,agent-1,ap-south-1
svc-auth,auth-api,2025-04-19T07:15:00Z,200,169,ms,agent-1,ap-south-1
svc-auth,auth-api,2025-04-17T11:00:00Z,200,136,ms,agent-1,ap-south-1
svc-search,search-api,2025-04-11T12:30:00Z,200,0.602,s,agent-1,ap-south-1
svc-payments,payments-api,2025-04-13T11:00:00Z,200,437,ms,agent-1,ap-south-1
svc-notify,notify-worker,2025-04-14T21:30:00Z,200,138,ms,agent-1,ap-south-1
svc-search,search-api,2025-04-19T12:15:00Z,200,0.434,s,agent-1,ap-south-1
svc-notify,notify-worker,2025-04-11T19:45:00Z,200,79,ms,agent-1,ap-south-1
svc-notify,notify-worker,2025-04-16T19:45:00Z,200,143,ms,agent-1,ap-south-1
svc-auth,auth-api,2025-04-15T19:45:00Z,200,184,ms,agent-1,ap-south-1
svc-reports,reports-api,2025-04-20T16:15:00Z,200,739,ms,agent-1,ap-south-1
svc-auth,auth-api,2025-04-10T21:30:00Z,200,128,ms,agent-1,ap-south-1
svc-search,search-api,2025-04-18T16:45:00Z,200,0.609,s,agent-2,ap-south-1
svc-payments,payments-api,2025-04-13T13:30:00Z,200,288,ms,agent-1,ap-south-1
svc-reports,reports-api,2025-04-18T12:15:00Z,200,741,ms,agent-1,ap-south-1
svc-notify,notify-worker,2025-04-20T13:15:00Z,200,150,ms,agent-1,ap-south-1
svc-auth,auth-api,2025-04-13T08:15:00Z,200,102,ms,agent-1,ap-south-1
svc-search,search-api,2025-04-20T20:00:00Z,200,0.454,s,agent-1,ap-south-1
svc-search,search-api,2025-04-15T04:00:00Z,200,0.559,s,agent-1,ap-south-1
svc-notify,notify-worker,2025-04-11T21:15:00Z,200,102,ms,agent-1,ap-south-1
svc-notify,notify-worker,2025-04-17T21:45:00Z,200,142,ms,agent-1,ap-south-1
svc-payments,payments-api,2025-04-18T16:45:00Z,200,327,ms,agent-1,ap-south-1
svc-search,search-api,2025-04-10T00:00:00Z,200,0.436,s,agent-1,ap-south-1
svc-auth,auth-api,2025-04-18T17:30:00Z,200,120,ms,agent-1,ap-south-1
svc-notify,notify-worker,2025-04-10T00:00:00Z,200,143,ms,agent-1,ap-south-1
svc-reports,reports-api,2025-04-12T16:30:00Z,200,586,ms,agent-1,ap-south-1
svc-notify,notify-worker,2025-04-20T22:45:00Z,200,115,ms,agent-1,ap-south-1
svc-search,search-api,2025-04-17T05:45:00Z,200,0.66,s,agent-1,ap-south-1
svc-reports,reports-api,2025-04-19T22:30:00Z,200,591,ms,agent-1,ap-south-1
svc-payments,payments-api,2025-04-12T02:30:00Z,200,394,ms,agent-1,ap-south-1
svc-reports,reports-api,2025-04-11T15:00:00Z,200,506,ms,agent-1,ap-south-1
svc-reports,reports-api,2025-04-10T23:30:00Z,200,537,ms,agent-1,ap-south-1
svc-payments,payments-api,2025-04-11T13:45:00Z,200,284,ms,agent-1,ap-south-1
svc-auth,auth-api,2025-04-11T20:00:00Z,200,134,ms,agent-1,ap-south-1
svc-search,search-api,2025-04-16T23:15:00Z,200,0.548,s,agent-1,ap-south-1
svc-reports,reports-api,2025-04-13T02:30:00Z,200,689,ms,agent-1,ap-south-1
svc-auth,auth-api,2025-04-11T12:15:00Z,200,155,ms,agent-1,ap-south-1
svc-reports,reports-api,2025-04-10T08:15:00Z,200,477,ms,agent-1,ap-south-1
svc-search,search-api,2025-04-18T08:30:00Z,200,0.379,s,agent-1,ap-south-1
svc-auth,auth-api,2025-04-19T21:15:00Z,200,155,ms,agent-1,ap-south-1
svc-search,search-api,2025-04-11T09:00:00Z,200,0.543,s,agent-1,ap-south-1
svc-reports,reports-api,2025-04-15T01:15:00Z,200,839,ms,agent-1,ap-south-1
svc-reports,reports-api,2025-04-18T09:15:00Z,200,533,ms,agent-1,ap-south-1
svc-reports,reports-api,2025-04-17T02:30:00Z,200,700,ms,agent-1,ap-south-1
svc-search,search-api,2025-04-20T12:30:00Z,200,0.418,s,agent-2,ap-south-1
svc-notify,notify-worker,2025-04-17T01:00:00Z,200,107,ms,agent-2,ap-south-1
svc-payments,payments-api,2025-04-13T04:45:00Z,200,414,ms,agent-1,ap-south-1
svc-auth,auth-api,2025-04-19T01:30:00Z,200,111,ms,agent-1,ap-south-1
svc-reports,reports-api,2025-04-18T06:30:00Z,200,,ms,agent-1,ap-south-1
svc-payments,payments-api,2025-04-21T21:45:00Z,200,361,ms,agent-1,ap-south-1
svc-payments,payments-api,2025-04-17T14:30:00Z,200,319,ms,agent-1,ap-south-1
svc-auth,auth-api,2025-04-13T19:30:00Z,200,102,ms,agent-1,ap-south-1
svc-notify,notify-worker,2025-04-10T12:15:00+05:30,200,110,ms,agent-1,ap-south-1
svc-reports,reports-api,2025-04-18T17:30:00Z,200,511,ms,agent-1,ap-south-1
svc-auth,auth-api,2025-04-11T00:15:00Z,200,137,ms,agent-1,ap-south-1
svc-reports,reports-api,2025-04-14T06:30:00Z,200,845,ms,agent-1,ap-south-1
svc-auth,auth-api,2025-04-15T22:45:00Z,200,120,ms,agent-2,ap-south-1
svc-reports,reports-api,2025-04-10T09:30:00Z,200,646,ms,agent-1,ap-south-1
svc-notify,notify-worker,2025-04-17T22:15:00Z,200,82,ms,agent-1,ap-south-1
svc-auth,auth-api,2025-04-17T03:15:00Z,200,107,ms,agent-1,ap-south-1
svc-auth,auth-api,2025-04-16T20:45:00Z,200,107,ms,agent-1,ap-south-1
svc-payments,payments-api,2025-04-18T06:45:00Z,200,491,ms,agent-1,ap-south-1
svc-notify,notify-worker,2025-04-11T02:45:00Z,200,127,ms,agent-1,ap-south-1
svc-auth,auth-api,2025-04-14T01:00:00Z,200,145,ms,agent-1,ap-south-1
svc-auth,auth-api,2025-04-10T21:00:00Z,200,120,ms,agent-1,ap-south-1
svc-payments,payments-api,2025-04-12T01:45:00Z,200,448,ms,agent-1,ap-south-1
svc-payments,payments-api,2025-04-14T03:00:00Z,200,373,ms,agent-1,ap-south-1
svc-notify,notify-worker,2025-04-12T11:15:00Z,200,88,ms,agent-1,ap-south-1
svc-search,search-api,2025-04-18T05:00:00Z,200,0.419,s,agent-1,ap-south-1
svc-payments,payments-api,2025-04-21T16:00:00Z,200,322,ms,agent-1,ap-south-1
svc-reports,reports-api,2025-04-12T20:00:00Z,200,813,ms,agent-1,ap-south-1
svc-search,search-api,2025-04-17T14:30:00Z,200,0.561,s,agent-1,ap-south-1
svc-search,search-api,2025-04-16T12:15:00Z,200,0.516,s,agent-1,ap-south-1
svc-reports,reports-api,2025-04-16T12:15:00Z,200,682,ms,agent-1,ap-south-1
svc-auth,auth-api,2025-04-15T17:15:00Z,200,187,ms,agent-1,ap-south-1
svc-payments,payments-api,2025-04-19T10:30:00Z,200,467,ms,agent-1,ap-south-1
svc-reports,reports-api,2025-04-21T02:00:00Z,200,452,ms,agent-1,ap-south-1
svc-notify,notify-worker,2025-04-12T15:45:00Z,200,151,ms,agent-1,ap-south-1
svc-payments,payments-api,2025-04-14T02:45:00Z,200,396,ms,agent-1,ap-south-1
svc-notify,notify-worker,2025-04-11T13:30:00Z,200,76,ms,agent-1,ap-south-1
svc-notify,notify-worker,2025-04-10T13:45:00Z,200,82,ms,agent-1,ap-south-1
svc-payments,payments-api,2025-04-21T08:45:00Z,200,273,ms,agent-1,ap-south-1
svc-auth,auth-api,2025-04-14T00:45:00Z,200,190,ms,agent-1,ap-south-1
svc-search,search-api,2025-04-14T01:30:00Z,200,0.438,s,agent-1,ap-south-1
svc-reports,reports-api,2025-04-16T01:45:00Z,200,668,ms,agent-2,ap-south-1
svc-notify,notify-worker,2025-04-12T16:00:00Z,200,114,ms,agent-1,ap-south-1
svc-search,search-api,2025-04-20T00:15:00Z,200,0.362,s,agent-1,ap-south-1
svc-notify,notify-worker,2025-04-10T23:15:00Z,200,117,ms,agent-1,ap-south-1
svc-reports,reports-api,2025-04-16T23:30:00Z,200,728,ms,agent-1,ap-south-1
svc-search,search-api,2025-04-11T10:15:00Z,200,0.496,s,agent-1,ap-south-1
svc-reports,reports-api,2025-04-20T07:45:00Z,200,618,ms,agent-1,ap-south-1
svc-search,search-api,2025-04-12T03:00:00Z,200,0.556,s,agent-1,ap-south-1
svc-reports,reports-api,2025-04-20T02:15:00Z,200,549,ms,agent-1,ap-south-1
svc-payments,payments-api,2025-04-19T19:45:00Z,200,271,ms,agent-1,ap-south-1
svc-payments,payments-api,2025-04-21T00:30:00Z,200,348,ms,agent-1,ap-south-1
svc-payments,payments-api,2025-04-13T15:30:00Z,200,323,ms,agent-2,ap-south-1
svc-search,search-api,2025-04-14T06:15:00Z,200,0.39,s,agent-1,ap-south-1
svc-notify,notify-worker,2025-04-20T01:00:00Z,200,104,ms,agent-1,ap-south-1
svc-payments,payments-api,2025-04-21T19:45:00Z,200,403,ms,agent-1,ap-south-1
svc-notify,notify-worker,2025-04-21T23:45:00Z,200,84,ms,agent-1,ap-south-1
svc-payments,payments-api,2025-04-21T02:30:00Z,200,422,ms,agent-1,ap-south-1
svc-search,search-api,2025-04-20T07:45:00Z,200,,s,agent-1,ap-south-1
svc-payments,payments-api,2025-04-15T15:00:00Z,200,256,ms,agent-1,ap-south-1
svc-search,search-api,2025-04-21T08:15:00Z,200,0.564,s,agent-1,ap-south-1
svc-reports,reports-api,2025-04-18T04:00:00Z,200,919,ms,agent-2,ap-south-1
svc-auth,auth-api,2025-04-14T10:30:00Z,200,96,ms,agent-2,ap-south-1
svc-auth,auth-api,2025-04-12T16:15:00Z,200,153,ms,agent-1,ap-south-1
svc-notify,notify-worker,2025-04-17T11:15:00Z,200,122,ms,agent-1,ap-south-1
svc-search,search-api,2025-04-10T16:15:00Z,200,0.522,s,agent-1,ap-south-1
svc-reports,reports-api,2025-04-21T07:45:00Z,502,791,ms,agent-1,ap-south-1
svc-notify,notify-worker,2025-04-16T15:00:00Z,200,87,ms,agent-1,ap-south-1
svc-auth,auth-api,2025-04-12T08:00:00Z,200,164,ms,agent-2,ap-south-1
svc-payments,payments-api,2025-04-13T12:15:00Z,200,406,ms,agent-1,ap-south-1
svc-notify,notify-worker,2025-04-14T08:45:00Z,200,122,ms,agent-1,ap-south-1
svc-notify,notify-worker,1744351200,200,125,ms,agent-1,ap-south-1
svc-search,search-api,2025-04-12T14:45:00Z,200,0.681,s,agent-1,ap-south-1
svc-payments,payments-api,2025-04-10T07:45:00Z,200,419,ms,agent-1,ap-south-1
svc-notify,notify-worker,2025-04-12T20:00:00Z,200,112,ms,agent-1,ap-south-1
svc-auth,auth-api,2025-04-21T13:30:00Z,200,187,ms,agent-1,ap-south-1
svc-payments,payments-api,2025-04-14T23:30:00Z,200,442,ms,agent-1,ap-south-1
svc-search,search-api,2025-04-13T17:15:00Z,200,0.486,s,agent-1,ap-south-1
svc-reports,reports-api,2025-04-14T10:45:00Z,200,457,ms,agent-1,ap-south-1
svc-reports,reports-api,2025-04-11T03:00:00Z,200,457,ms,agent-1,ap-south-1
svc-notify,notify-worker,2025-04-20T22:15:00Z,200,105,ms,agent-2,ap-south-1
svc-search,search-api,2025-04-17T15:30:00Z,200,0.378,s,agent-1,ap-south-1
svc-search,search-api,2025-04-21T19:30:00Z,200,0.613,s,agent-1,ap-south-1
svc-notify,notify-worker,2025-04-13T21:00:00Z,200,120,ms,agent-1,ap-south-1
svc-auth,auth-api,2025-04-15T14:00:00Z,200,184,ms,agent-1,ap-south-1
svc-notify,notify-worker,2025-04-18T21:15:00Z,200,121,ms,agent-1,ap-south-1
svc-payments,payments-api,2025-04-14T02:00:00Z,200,397,ms,agent-1,ap-south-1
svc-reports,reports-api,2025-04-11T22:30:00Z,200,644,ms,agent-1,ap-south-1
svc-reports,reports-api,2025-04-10T13:15:00Z,200,843,ms,agent-1,ap-south-1
svc-notify,notify-worker,2025-04-15T21:45:00Z,200,139,ms,agent-1,ap-south-1
svc-payments,payments-api,2025-04-12T21:30:00Z,200,369,ms,agent-1,ap-south-1
svc-payments,payments-api,2025-04-13T23:30:00Z,200,371,ms,agent-1,ap-south-1
svc-search,search-api,2025-04-10T05:30:00Z,200,0.674,s,agent-1,ap-south-1
svc-notify,notify-worker,2025-04-11T07:15:00Z,200,94,ms,agent-1,ap-south-1
svc-reports,reports-api,2025-04-15T22:15:00Z,200,682,ms,agent-1,ap-south-1
svc-auth,auth-api,2025-04-20T02:45:00Z,200,121,ms,agent-1,ap-south-1
svc-notify,notify-worker,2025-04-14T17:45:00Z,200,116,ms,agent-1,ap-south-1
svc-reports,reports-api,2025-04-21T09:00:00Z,200,812,ms,agent-2,ap-south-1
svc-search,search-api,2025-04-15T03:00:00Z,200,,s,agent-1,ap-south-1
svc-reports,reports-api,2025-04-16T08:15:00Z,200,674,ms,agent-1,ap-south-1
svc-search,search-api,2025-04-18T12:15:00Z,200,2.327,s,agent-1,ap-south-1
svc-payments,payments-api,2025-04-10T20:15:00Z,200,443,ms,agent-1,ap-south-1
svc-search,search-api,2025-04-17T06:15:00Z,200,0.402,s,agent-1,ap-south-1
svc-payments,payments-api,2025-04-18T17:30:00Z,200,280,ms,agent-1,ap-south-1
svc-payments,payments-api,2025-04-21T04:45:00Z,200,299,ms,agent-1,ap-south-1
svc-notify,notify-worker,2025-04-20T12:45:00Z,200,135,ms,agent-1,ap-south-1
svc-auth,auth-api,2025-04-17T17:00:00Z,200,106,ms,agent-1,ap-south-1
svc-payments,payments-api,2025-04-17T22:15:00Z,200,309,ms,agent-1,ap-south-1
svc-notify,notify-worker,2025-04-11T03:00:00Z,200,76,ms,agent-1,ap-south-1
svc-reports,reports-api,2025-04-11T11:45:00Z,200,723,ms,agent-1,ap-south-1
svc-search,search-api,2025-04-12T13:15:00Z,200,0.369,s,agent-2,ap-south-1
svc-notify,notify-worker,2025-04-17T07:00:00Z,200,108,ms,agent-1,ap-south-1
svc-auth,auth-api,2025-04-21T01:15:00Z,200,182,ms,agent-1,ap-south-1
svc-payments,payments-api,2025-04-15T14:15:00Z,200,435,ms,agent-1,ap-south-1
svc-search,search-api,2025-04-21T05:00:00Z,200,0.46,s,agent-1,ap-south-1
svc-reports,reports-api,2025-04-11T09:00:00Z,200,778,ms,agent-1,ap-south-1
svc-auth,auth-api,2025-04-15T23:45:00Z,200,187,ms,agent-1,ap-south-1
svc-reports,reports-api,2025-04-21T15:00:00Z,200,572,ms,agent-1,ap-south-1
svc-auth,auth-api,2025-04-18T01:15:00Z,200,114,ms,agent-1,ap-south-1
svc-reports,reports-api,2025-04-21T06:15:00Z,200,465,ms,agent-1,ap-south-1
svc-payments,payments-api,2025-04-17T03:00:00Z,200,303,ms,agent-1,ap-south-1
svc-auth,auth-api,2025-04-19T19:15:00Z,200,186,ms,agent-1,ap-south-1
svc-notify,notify-worker,2025-04-12T05:45:00Z,200,130,ms,agent-1,ap-south-1
svc-search,search-api,2025-04-18T14:45:00Z,200,0.563,s,agent-1,ap-south-1
svc-notify,notify-worker,2025-04-10T19:30:00Z,200,87,ms,agent-1,ap-south-1
svc-auth,auth-api,1744371900,200,166,ms,agent-1,ap-south-1
svc-search,search-api,2025-04-19T12:30:00Z,200,0.595,s,agent-1,ap-south-1
svc-search,search-api,2025-04-15T07:30:00Z,200,0.707,s,agent-1,ap-south-1
svc-notify,notify-worker,2025-04-20T23:45:00Z,200,116,ms,agent-1,ap-south-1
svc-search,search-api,1744964100,200,0.403,s,agent-1,ap-south-1
svc-search,search-api,2025-04-21T08:30:00Z,200,0.462,s,agent-1,ap-south-1
svc-auth,auth-api,2025-04-19T15:15:00Z,200,116,ms,agent-1,ap-south-1
svc-payments,payments-api,2025-04-17T06:45:00Z,500,337,ms,agent-1,ap-south-1
svc-search,search-api,2025-04-16T23:00:00Z,200,0.541,s,agent-1,ap-south-1
svc-search,search-api,2025-04-15T11:00:00Z,200,0.66,s,agent-1,ap-south-1
svc-payments,payments-api,2025-04-19T06:00:00Z,200,434,ms,agent-1,ap-south-1
svc-search,search-api,2025-04-14T08:15:00Z,200,0.48,s,agent-2,ap-south-1
svc-auth,auth-api,2025-04-19T20:00:00Z,200,145,ms,agent-1,ap-south-1
svc-auth,auth-api,2025-04-11T04:30:00Z,200,167,ms,agent-1,ap-south-1
svc-payments,payments-api,2025-04-14T10:45:00Z,200,445,ms,agent-1,ap-south-1
svc-payments,payments-api,2025-04-19T18:45:00Z,200,307,ms,agent-1,ap-south-1
svc-payments,payments-api,2025-04-13T02:45:00Z,200,425,ms,agent-1,ap-south-1
svc-payments,payments-api,2025-04-11T06:15:00Z,200,476,ms,agent-1,ap-south-1
svc-reports,reports-api,2025-04-15T19:00:00Z,200,750,ms,agent-2,ap-south-1
svc-notify,notify-worker,2025-04-18T05:00:00Z,200,78,ms,agent-1,ap-south-1
svc-payments,payments-api,2025-04-15T12:00:00Z,200,462,ms,agent-1,ap-south-1
svc-search,search-api,2025-04-18T16:00:00Z,200,0.382,s,agent-1,ap-south-1
svc-search,search-api,2025-04-11T15:30:00Z,200,0.484,s,agent-1,ap-south-1
svc-notify,notify-worker,2025-04-19T21:15:00Z,200,100,ms,agent-2,ap-south-1
svc-reports,reports-api,2025-04-13T07:30:00Z,200,452,ms,agent-1,ap-south-1
svc-reports,reports-api,2025-04-14T09:45:00Z,200,715,ms,agent-1,ap-south-1
svc-notify,notify-worker,2025-04-19T22:45:00Z,200,117,ms,agent-1,ap-south-1
svc-search,search-api,2025-04-18T07:15:00Z,200,0.548,s,agent-1,ap-south-1
svc-search,search-api,2025-04-12T15:15:00Z,200,0.447,s,agent-1,ap-south-1
svc-notify,notify-worker,2025-04-11T12:45:00Z,200,104,ms,agent-2,ap-south-1
svc-auth,auth-api,2025-04-19T19:45:00Z,200,105,ms,agent-1,ap-south-1
svc-auth,auth-api,2025-04-14T18:15:00Z,200,111,ms,agent-1,ap-south-1
svc-search,search-api,2025-04-21T22:30:00Z,200,0.472,s,agent-1,ap-south-1
svc-reports,reports-api,2025-04-15T07:15:00Z,200,450,ms,agent-1,ap-south-1
svc-reports,reports-api,2025-04-12T08:30:00Z,502,578,ms,agent-1,ap-south-1
svc-reports,reports-api,2025-04-17T02:00:00Z,200,495,ms,agent-1,ap-south-1
svc-search,search-api,2025-04-16T02:45:00Z,200,0.394,s,agent-1,ap-south-1
svc-auth,auth-api,2025-04-17T15:30:00Z,200,106,ms,agent-2,ap-south-1
svc-notify,notify-worker,1744956900,200,78,ms,agent-1,ap-south-1
svc-auth,auth-api,1745244900,200,146,ms,agent-1,ap-south-1
svc-reports,reports-api,2025-04-21T06:00:00Z,200,842,ms,agent-1,ap-south-1
svc-auth,auth-api,2025-04-21T12:30:00Z,200,112,ms,agent-2,ap-south-1
svc-reports,reports-api,2025-04-15T20:15:00Z,200,756,ms,agent-1,ap-south-1
svc-notify,notify-worker,2025-04-14T15:30:00Z,200,141,ms,agent-1,ap-south-1
svc-auth,auth-api,2025-04-21T15:00:00Z,200,182,ms,agent-1,ap-south-1
svc-payments,payments-api,2025-04-11T17:15:00Z,200,377,ms,agent-1,ap-south-1
svc-notify,notify-worker,2025-04-20T06:45:00Z,200,90,ms,agent-1,ap-south-1
svc-notify,notify-worker,2025-04-20T03:45:00Z,200,89,ms,agent-1,ap-south-1
svc-payments,payments-api,2025-04-21T21:30:00Z,200,294,ms,agent-1,ap-south-1
svc-notify,notify-worker,2025-04-11T14:30:00Z,200,146,ms,agent-1,ap-south-1
svc-search,search-api,2025-04-19T10:45:00Z,200,0.661,s,agent-1,ap-south-1
svc-auth,auth-api,2025-04-19T00:45:00Z,200,106,ms,agent-1,ap-south-1
svc-search,search-api,2025-04-17T06:30:00Z,200,0.454,s,agent-2,ap-south-1
svc-payments,payments-api,2025-04-12T08:30:00Z,200,402,ms,agent-1,ap-south-1
svc-search,search-api,2025-04-12T15:45:00Z,200,0.627,s,agent-1,ap-south-1
svc-search,search-api,2025-04-18T11:30:00Z,200,0.442,s,agent-1,ap-south-1
svc-notify,notify-worker,2025-04-20T19:45:00Z,200,85,ms,agent-1,ap-south-1
svc-auth,auth-api,2025-04-11T02:30:00Z,200,121,ms,agent-1,ap-south-1
svc-reports,reports-api,2025-04-15T07:30:00Z,200,783,ms,agent-1,ap-south-1
svc-payments,payments-api,2025-04-21T01:00:00Z,200,289,ms,agent-1,ap-south-1
svc-auth,auth-api,2025-04-11T07:45:00Z,200,158,ms,agent-1,ap-south-1
svc-reports,reports-api,2025-04-15T23:45:00Z,200,778,ms,agent-1,ap-south-1
svc-auth,auth-api,2025-04-18T05:15:00Z,200,115,ms,agent-1,ap-south-1
svc-notify,notify-worker,2025-04-16T19:30:00Z,200,96,ms,agent-1,ap-south-1
svc-auth,auth-api,2025-04-16T05:00:00Z,200,190,ms,agent-1,ap-south-1
svc-notify,notify-worker,2025-04-21T10:15:00Z,200,121,ms,agent-1,ap-south-1
svc-notify,notify-worker,2025-04-10T11:00:00Z,200,103,ms,agent-1,ap-south-1
svc-notify,notify-worker,2025-04-13T21:15:00Z,200,149,ms,agent-1,ap-south-1
svc-auth,auth-api,2025-04-18T01:45:00Z,200,102,ms,agent-1,ap-south-1
svc-search,search-api,2025-04-15T02:45:00Z,200,0.449,s,agent-1,ap-south-1
svc-payments,payments-api,2025-04-14T06:30:00Z,200,452,ms,agent-1,ap-south-1
svc-payments,payments-api,2025-04-21T03:15:00Z,200,415,ms,agent-1,ap-south-1
svc-notify,notify-worker,2025-04-17T18:30:00Z,200,123,ms,agent-1,ap-south-1
svc-reports,reports-api,2025-04-17T15:30:00Z,200,729,ms,agent-1,ap-south-1
svc-search,search-api,2025-04-10T19:00:00Z,200,0.487,s,agent-1,ap-south-1
svc-payments,payments-api,2025-04-10T05:30:00Z,200,422,ms,agent-1,ap-south-1
svc-search,search-api,2025-04-18T18:30:00Z,200,0.601,s,agent-1,ap-south-1
svc-search,search-api,2025-04-20T02:45:00Z,200,0.475,s,agent-1,ap-south-1
svc-reports,reports-api,2025-04-10T00:15:00Z,502,814,ms,agent-1,ap-south-1
svc-notify,notify-worker,2025-04-11T20:00:00Z,200,107,ms,agent-1,ap-south-1
svc-payments,payments-api,2025-04-16T11:45:00Z,200,384,ms,agent-1,ap-south-1
svc-payments,payments-api,2025-04-17T12:00:00Z,200,440,ms,agent-1,ap-south-1
svc-payments,payments-api,2025-04-15T22:45:00Z,200,317,ms,agent-1,ap-south-1
svc-auth,auth-api,2025-04-17T20:15:00Z,200,118,ms,agent-1,ap-south-1
svc-auth,auth-api,2025-04-16T05:45:00Z,200,154,ms,agent-1,ap-south-1
svc-payments,payments-api,2025-04-17T22:00:00Z,200,360,ms,agent-1,ap-south-1
svc-payments,payments-api,2025-04-13T10:00:00Z,200,427,ms,agent-1,ap-south-1
svc-reports,reports-api,2025-04-19T22:15:00Z,200,493,ms,agent-1,ap-south-1
svc-reports,reports-api,2025-04-18T01:15:00Z,200,509,ms,agent-1,ap-south-1
svc-auth,auth-api,2025-04-14T00:15:00Z,200,124,ms,agent-1,ap-south-1
svc-notify,notify-worker,2025-04-16T21:15:00Z,200,106,ms,agent-1,ap-south-1
svc-search,search-api,2025-04-13T18:45:00Z,200,0.462,s,agent-1,ap-south-1
svc-notify,notify-worker,2025-04-19T02:00:00Z,200,77,ms,agent-2,ap-south-1
svc-reports,reports-api,2025-04-17T16:00:00Z,200,748,ms,agent-1,ap-south-1
svc-reports,reports-api,2025-04-14T09:30:00Z,200,597,ms,agent-1,ap-south-1
svc-payments,payments-api,2025-04-17T16:00:00Z,200,336,ms,agent-1,ap-south-1
svc-search,search-api,2025-04-19T03:00:00Z,200,0.586,s,agent-1,ap-south-1
svc-auth,auth-api,2025-04-13T12:15:00Z,200,160,ms,agent-1,ap-south-1
svc-auth,auth-api,2025-04-12T10:15:00Z,200,143,ms,agent-1,ap-south-1
svc-reports,reports-api,2025-04-17T04:15:00Z,200,684,ms,agent-1,ap-south-1
svc-reports,reports-api,2025-04-13T07:45:00Z,200,831,ms,agent-1,ap-south-1
svc-reports,reports-api,2025-04-21T11:45:00Z,200,765,ms,agent-1,ap-south-1
svc-payments,payments-api,2025-04-18T17:45:00Z,200,326,ms,agent-1,ap-south-1
svc-search,search-api,2025-04-11T14:45:00Z,200,0.404,s,agent-1,ap-south-1
svc-payments,payments-api,2025-04-18T21:00:00Z,200,393,ms,agent-1,ap-south-1
svc-payments,payments-api,2025-04-10T15:45:00Z,200,433,ms,agent-1,ap-south-1
svc-payments,payments-api,2025-04-21T19:30:00Z,200,358,ms,agent-1,ap-south-1
svc-search,search-api,2025-04-12T19:15:00Z,200,0.551,s,agent-1,ap-south-1
svc-notify,notify-worker,2025-04-10T03:45:00Z,200,109,ms,agent-1,ap-south-1
svc-search,search-api,2025-04-19T03:15:00Z,200,0.668,s,agent-1,ap-south-1
svc-reports,reports-api,1744625700,200,713,ms,agent-1,ap-south-1
svc-payments,payments-api,2025-04-18T10:45:00Z,200,444,ms,agent-1,ap-south-1
svc-auth,auth-api,2025-04-12T02:00:00Z,200,132,ms,agent-1,ap-south-1
svc-search,search-api,2025-04-17T15:15:00Z,200,0.434,s,agent-1,ap-south-1
svc-reports,reports-api,2025-04-15T11:30:00Z,200,538,ms,agent-1,ap-south-1
svc-reports,reports-api,2025-04-14T22:45:00Z,200,630,ms,agent-1,ap-south-1
svc-auth,auth-api,2025-04-13T18:15:00Z,200,156,ms,agent-1,ap-south-1
svc-payments,payments-api,2025-04-13T03:30:00Z,200,371,ms,agent-2,ap-south-1
svc-reports,reports-api,2025-04-16T21:15:00Z,200,767,ms,agent-1,ap-south-1
svc-notify,notify-worker,2025-04-13T06:30:00Z,200,80,ms,agent-1,ap-south-1
svc-auth,auth-api,2025-04-18T22:45:00Z,200,119,ms,agent-1,ap-south-1
svc-search,search-api,2025-04-21T05:15:00Z,200,0.697,s,agent-1,ap-south-1
svc-payments,payments-api,2025-04-21T08:00:00Z,200,432,ms,agent-1,ap-south-1
svc-auth,auth-api,2025-04-13T01:00:00Z,200,159,ms,agent-1,ap-south-1
svc-search,search-api,2025-04-11T14:30:00Z,200,0.521,s,agent-1,ap-south-1
svc-notify,notify-worker,2025-04-12T12:45:00Z,200,137,ms,agent-1,ap-south-1
svc-notify,notify-worker,2025-04-20T22:15:00Z,200,106,ms,agent-1,ap-south-1
svc-auth,auth-api,2025-04-14T10:15:00Z,200,120,ms,agent-1,ap-south-1
svc-notify,notify-worker,2025-04-19T03:45:00Z,200,76,ms,agent-1,ap-south-1
svc-auth,auth-api,2025-04-16T19:15:00Z,200,115,ms,agent-1,ap-south-1
svc-notify,notify-worker,2025-04-18T15:30:00Z,200,125,ms,agent-1,ap-south-1
svc-payments,payments-api,2025-04-15T05:15:00Z,200,338,ms,agent-1,ap-south-1
svc-search,search-api,2025-04-10T14:30:00Z,200,0.473,s,agent-1,ap-south-1
svc-search,search-api,2025-04-19T08:00:00Z,200,0.493,s,agent-1,ap-south-1
svc-payments,payments-api,2025-04-12T12:00:00Z,200,334,ms,agent-1,ap-south-1
svc-reports,reports-api,2025-04-16T15:15:00Z,200,600,ms,agent-2,ap-south-1
svc-notify,notify-worker,2025-04-14T23:45:00Z,200,112,ms,agent-2,ap-south-1
svc-payments,payments-api,2025-04-12T10:00:00Z,200,385,ms,agent-1,ap-south-1
svc-notify,notify-worker,2025-04-14T18:30:00Z,200,148,ms,agent-2,ap-south-1
svc-search,search-api,2025-04-16T17:45:00Z,200,0.443,s,agent-1,ap-south-1
svc-search,search-api,2025-04-12T15:00:00Z,200,0.505,s,agent-1,ap-south-1
svc-payments,payments-api,2025-04-10T13:45:00Z,200,386,ms,agent-1,ap-south-1
svc-notify,notify-worker,2025-04-20T03:00:00Z,200,77,ms,agent-1,ap-south-1
svc-reports,reports-api,2025-04-12T13:15:00Z,200,604,ms,agent-1,ap-south-1
svc-payments,payments-api,2025-04-17T23:45:00Z,200,282,ms,agent-1,ap-south-1
svc-notify,notify-worker,2025-04-18T20:45:00Z,200,97,ms,agent-1,ap-south-1
svc-reports,reports-api,2025-04-15T01:00:00Z,200,551,ms,agent-1,ap-south-1
svc-notify,notify-worker,2025-04-13T07:15:00Z,200,87,ms,agent-1,ap-south-1
svc-auth,auth-api,2025-04-18T10:45:00Z,200,147,ms,agent-1,ap-south-1
svc-search,search-api,2025-04-18T02:15:00Z,200,0.614,s,agent-1,ap-south-1
svc-notify,notify-worker,2025-04-12T08:30:00Z,200,100,ms,agent-1,ap-south-1
svc-auth,auth-api,2025-04-20T00:45:00Z,200,184,ms,agent-1,ap-south-1
svc-notify,notify-worker,2025-04-18T16:00:00Z,200,119,ms,agent-1,ap-south-1
svc-payments,payments-api,2025-04-20T15:15:00Z,200,326,ms,agent-1,ap-south-1
svc-payments,payments-api,2025-04-15T13:00:00Z,200,355,ms,agent-1,ap-south-1
svc-auth,auth-api,2025-04-14T21:00:00Z,200,103,ms,agent-1,ap-south-1
svc-payments,payments-api,2025-04-14T22:00:00Z,200,315,ms,agent-1,ap-south-1
svc-search,search-api,2025-04-21T20:15:00Z,200,0.654,s,agent-1,ap-south-1
svc-reports,reports-api,2025-04-11T05:30:00Z,200,549,ms,agent-1,ap-south-1
svc-payments,payments-api,2025-04-14T03:45:00+05:30,200,338,ms,agent-1,ap-south-1
svc-payments,payments-api,2025-04-21T00:45:00Z,200,390,ms,agent-1,ap-south-1
svc-payments,payments-api,2025-04-13T17:45:00Z,200,341,ms,agent-1,ap-south-1
svc-reports,reports-api,2025-04-14T14:30:00Z,200,581,ms,agent-1,ap-south-1
svc-search,search-api,2025-04-15T01:15:00Z,200,0.648,s,agent-1,ap-south-1
svc-payments,payments-api,2025-04-12T08:15:00Z,200,273,ms,agent-1,ap-south-1
svc-payments,payments-api,2025-04-14T23:00:00Z,200,279,ms,agent-1,ap-south-1
svc-reports,reports-api,2025-04-17T10:30:00Z,200,730,ms,agent-1,ap-south-1
svc-payments,payments-api,2025-04-17T00:15:00Z,200,287,ms,agent-1,ap-south-1
svc-reports,reports-api,2025-04-10T18:30:00Z,200,612,ms,agent-1,ap-south-1
svc-search,search-api,2025-04-14T09:30:00Z,200,0.367,s,agent-1,ap-south-1
svc-notify,notify-worker,2025-04-19T10:30:00Z,200,122,ms,agent-1,ap-south-1
svc-notify,notify-worker,2025-04-21T02:45:00Z,200,139,ms,agent-1,ap-south-1
svc-payments,payments-api,2025-04-13T12:45:00Z,200,407,ms,agent-1,ap-south-1
svc-search,search-api,2025-04-21T11:45:00Z,200,0.479,s,agent-1,ap-south-1
svc-notify,notify-worker,2025-04-16T02:15:00Z,200,99,ms,agent-2,ap-south-1
svc-reports,reports-api,2025-04-11T15:45:00Z,200,426,ms,agent-2,ap-south-1
svc-notify,notify-worker,2025-04-11T17:30:00Z,200,81,ms,agent-1,ap-south-1
svc-auth,auth-api,2025-04-14T20:30:00Z,200,159,ms,agent-1,ap-south-1
svc-auth,auth-api,1745268300,200,105,ms,agent-1,ap-south-1
svc-payments,payments-api,2025-04-11T11:30:00Z,200,425,ms,agent-1,ap-south-1
svc-auth,auth-api,2025-04-14T23:30:00Z,200,168,ms,agent-1,ap-south-1
svc-search,search-api,2025-04-14T10:00:00Z,200,0.365,s,agent-1,ap-south-1
svc-payments,payments-api,2025-04-15T21:15:00Z,200,465,ms,agent-1,ap-south-1
svc-auth,auth-api,2025-04-17T19:30:00Z,200,103,ms,agent-1,ap-south-1
svc-notify,notify-worker,2025-04-19T18:00:00Z,200,126,ms,agent-1,ap-south-1
svc-reports,reports-api,2025-04-19T23:15:00Z,200,553,ms,agent-1,ap-south-1
svc-auth,auth-api,2025-04-15T06:15:00Z,200,102,ms,agent-1,ap-south-1
svc-auth,auth-api,2025-04-10T12:45:00Z,200,98,ms,agent-1,ap-south-1
svc-payments,payments-api,2025-04-18T07:45:00Z,200,353,ms,agent-1,ap-south-1
svc-payments,payments-api,2025-04-18T01:00:00Z,200,468,ms,agent-1,ap-south-1
svc-auth,auth-api,2025-04-19T16:15:00Z,200,188,ms,agent-1,ap-south-1
svc-search,search-api,2025-04-20T04:15:00Z,200,0.369,s,agent-1,ap-south-1
svc-payments,payments-api,2025-04-12T09:45:00Z,200,468,ms,agent-1,ap-south-1
svc-reports,reports-api,2025-04-15T12:15:00Z,200,531,ms,agent-1,ap-south-1
svc-payments,payments-api,2025-04-19T12:30:00Z,200,428,ms,agent-1,ap-south-1
svc-notify,notify-worker,2025-04-19T06:30:00Z,200,104,ms,agent-1,ap-south-1
svc-search,search-api,2025-04-18T18:00:00Z,200,0.693,s,agent-1,ap-south-1
svc-notify,notify-worker,2025-04-20T13:45:00Z,200,129,ms,agent-1,ap-south-1
svc-search,search-api,2025-04-18T08:00:00Z,200,0.519,s,agent-1,ap-south-1
svc-notify,notify-worker,2025-04-16T23:15:00Z,200,117,ms,agent-1,ap-south-1
svc-notify,notify-worker,2025-04-15T22:15:00Z,200,77,ms,agent-1,ap-south-1
svc-reports,reports-api,2025-04-19T23:00:00Z,200,672,ms,agent-1,ap-south-1
svc-notify,notify-worker,2025-04-11T21:00:00Z,200,143,ms,agent-1,ap-south-1
svc-reports,reports-api,2025-04-11T09:30:00Z,200,539,ms,agent-1,ap-south-1
svc-search,search-api,2025-04-14T03:00:00Z,200,0.535,s,agent-1,ap-south-1
svc-search,search-api,2025-04-16T15:15:00Z,200,0.409,s,agent-1,ap-south-1
svc-payments,payments-api,2025-04-19T23:00:00Z,200,433,ms,agent-1,ap-south-1
svc-auth,auth-api,2025-04-18T08:45:00Z,200,148,ms,agent-1,ap-south-1
svc-auth,auth-api,2025-04-20T14:00:00Z,200,169,ms,agent-1,ap-south-1
svc-reports,reports-api,2025-04-21T07:30:00Z,200,493,ms,agent-1,ap-south-1
svc-auth,auth-api,2025-04-19T18:15:00Z,200,184,ms,agent-1,ap-south-1
svc-search,search-api,2025-04-19T07:00:00Z,200,0.529,s,agent-1,ap-south-1
svc-reports,reports-api,2025-04-15T14:00:00Z,200,756,ms,agent-1,ap-south-1
svc-payments,payments-api,2025-04-14T21:00:00Z,200,489,ms,agent-1,ap-south-1
svc-auth,auth-api,2025-04-11T13:45:00Z,200,147,ms,agent-1,ap-south-1
svc-search,search-api,2025-04-12T09:15:00Z,200,0.616,s,agent-1,ap-south-1
svc-auth,auth-api,2025-04-19T17:15:00Z,200,134,ms,agent-1,ap-south-1
svc-reports,reports-api,2025-04-17T22:00:00Z,200,470,ms,agent-1,ap-south-1
svc-search,search-api,2025-04-17T09:15:00Z,200,0.576,s,agent-1,ap-south-1
svc-notify,notify-worker,2025-04-11T03:30:00Z,200,136,ms,agent-1,ap-south-1
svc-notify,notify-worker,2025-04-14T01:45:00Z,200,88,ms,agent-1,ap-south-1
svc-payments,payments-api,2025-04-17T22:30:00Z,200,491,ms,agent-1,ap-south-1
svc-reports,reports-api,2025-04-12T18:30:00Z,502,545,ms,agent-1,ap-south-1
svc-notify,notify-worker,2025-04-12T19:00:00Z,200,113,ms,agent-1,ap-south-1
svc-payments,payments-api,1744372800,200,490,ms,agent-1,ap-south-1
svc-reports,reports-api,2025-04-21T23:45:00Z,200,615,ms,agent-1,ap-south-1
svc-payments,payments-api,2025-04-12T22:15:00Z,200,248,ms,agent-1,ap-south-1
svc-reports,reports-api,2025-04-14T22:15:00Z,200,566,ms,agent-1,ap-south-1
svc-reports,reports-api,1744783200,200,752,ms,agent-1,ap-south-1
svc-notify,notify-worker,2025-04-19T14:00:00Z,200,136,ms,agent-1,ap-south-1
svc-search,search-api,2025-04-15T01:45:00Z,200,0.42,s,agent-2,ap-south-1
svc-payments,payments-api,2025-04-18T06:30:00Z,200,310,ms,agent-1,ap-south-1
svc-search,search-api,2025-04-19T06:00:00Z,200,0.672,s,agent-1,ap-south-1
svc-search,search-api,2025-04-15T01:45:00Z,200,0.441,s,agent-1,ap-south-1
svc-auth,auth-api,2025-04-10T00:30:00Z,200,105,ms,agent-1,ap-south-1
svc-search,search-api,2025-04-10T21:00:00Z,200,0.627,s,agent-1,ap-south-1
svc-notify,notify-worker,2025-04-15T09:00:00Z,200,126,ms,agent-2,ap-south-1
svc-payments,payments-api,2025-04-21T07:00:00Z,200,409,ms,agent-1,ap-south-1
svc-payments,payments-api,2025-04-19T14:45:00Z,200,317,ms,agent-1,ap-south-1
svc-reports,reports-api,2025-04-14T05:30:00Z,200,786,ms,agent-1,ap-south-1
svc-reports,reports-api,2025-04-17T04:15:00Z,200,684,ms,agent-1,ap-south-1
svc-notify,notify-worker,2025-04-15T21:00:00Z,200,129,ms,agent-1,ap-south-1
svc-auth,auth-api,2025-04-10T00:00:00Z,200,174,ms,agent-1,ap-south-1
svc-payments,payments-api,2025-04-11T16:15:00Z,200,404,ms,agent-1,ap-south-1
svc-auth,auth-api,2025-04-18T01:30:00Z,200,111,ms,agent-1,ap-south-1
svc-auth,auth-api,2025-04-18T09:30:00Z,200,117,ms,agent-1,ap-south-1
svc-auth,auth-api,2025-04-19T10:45:00Z,200,,ms,agent-1,ap-south-1
svc-notify,notify-worker,2025-04-20T23:00:00Z,200,84,ms,agent-1,ap-south-1
svc-payments,payments-api,2025-04-18T00:45:00Z,200,377,ms,agent-1,ap-south-1
svc-search,search-api,2025-04-18T06:00:00Z,200,0.615,s,agent-1,ap-south-1
svc-reports,reports-api,2025-04-19T02:45:00Z,200,485,ms,agent-1,ap-south-1
svc-auth,auth-api,2025-04-15T06:00:00Z,200,181,ms,agent-1,ap-south-1
svc-payments,payments-api,2025-04-20T09:15:00Z,200,272,ms,agent-1,ap-south-1
svc-reports,reports-api,2025-04-21T00:30:00Z,200,762,ms,agent-1,ap-south-1
svc-search,search-api,2025-04-21T12:15:00Z,200,0.423,s,agent-1,ap-south-1
svc-auth,auth-api,2025-04-19T00:15:00Z,200,142,ms,agent-1,ap-south-1
svc-auth,auth-api,2025-04-14T09:15:00Z,200,156,ms,agent-1,ap-south-1
svc-notify,notify-worker,2025-04-11T06:15:00Z,200,83,ms,agent-1,ap-south-1
svc-payments,payments-api,2025-04-20T08:15:00Z,200,467,ms,agent-1,ap-south-1
svc-auth,auth-api,2025-04-10T06:30:00Z,200,133,ms,agent-1,ap-south-1
svc-payments,payments-api,2025-04-15T12:15:00Z,200,339,ms,agent-1,ap-south-1
svc-notify,notify-worker,2025-04-15T04:15:00Z,200,98,ms,agent-1,ap-south-1
svc-payments,payments-api,2025-04-21T09:15:00Z,200,492,ms,agent-1,ap-south-1
svc-notify,notify-worker,2025-04-17T09:00:00+05:30,200,133,ms,agent-1,ap-south-1
svc-payments,payments-api,2025-04-12T17:45:00Z,200,365,ms,agent-1,ap-south-1
svc-reports,reports-api,2025-04-13T08:00:00Z,200,767,ms,agent-1,ap-south-1
svc-payments,payments-api,2025-04-19T05:45:00Z,200,475,ms,agent-1,ap-south-1
svc-reports,reports-api,2025-04-18T06:45:00Z,200,438,ms,agent-1,ap-south-1
svc-search,search-api,2025-04-11T06:30:00Z,200,0.451,s,agent-1,ap-south-1
svc-reports,reports-api,2025-04-10T17:30:00Z,200,639,ms,agent-1,ap-south-1
svc-reports,reports-api,2025-04-15T00:15:00Z,200,516,ms,agent-1,ap-south-1
svc-reports,reports-api,2025-04-17T11:30:00Z,200,588,ms,agent-1,ap-south-1
svc-reports,reports-api,2025-04-13T16:30:00Z,200,732,ms,agent-1,ap-south-1
svc-notify,notify-worker,2025-04-12T07:00:00Z,200,94,ms,agent-1,ap-south-1
svc-notify,notify-worker,2025-04-21T21:00:00Z,200,129,ms,agent-1,ap-south-1
svc-notify,notify-worker,2025-04-18T22:45:00Z,200,111,ms,agent-1,ap-south-1
svc-auth,auth-api,2025-04-11T20:15:00Z,200,137,ms,agent-1,ap-south-1
svc-search,search-api,2025-04-14T18:15:00Z,200,0.589,s,agent-1,ap-south-1
svc-payments,payments-api,2025-04-11T02:45:00Z,200,318,ms,agent-1,ap-south-1
svc-auth,auth-api,2025-04-17T23:15:00Z,200,116,ms,agent-1,ap-south-1
svc-reports,reports-api,2025-04-15T22:45:00Z,200,439,ms,agent-1,ap-south-1
svc-search,search-api,2025-04-15T05:30:00Z,200,0.623,s,agent-1,ap-south-1
svc-auth,auth-api,2025-04-14T06:45:00Z,200,101,ms,agent-1,ap-south-1
svc-auth,auth-api,2025-04-18T17:15:00Z,200,173,ms,agent-1,ap-south-1
svc-search,search-api,2025-04-12T10:45:00Z,200,0.427,s,agent-1,ap-south-1
svc-search,search-api,2025-04-11T07:00:00Z,200,0.55,s,agent-1,ap-south-1
svc-payments,payments-api,2025-04-13T07:30:00Z,200,383,ms,agent-1,ap-south-1
svc-payments,payments-api,2025-04-16T01:00:00Z,200,305,ms,agent-2,ap-south-1
svc-auth,auth-api,1745103600,200,109,ms,agent-1,ap-south-1
svc-notify,notify-worker,2025-04-10T09:45:00Z,200,78,ms,agent-1,ap-south-1
svc-search,search-api,2025-04-16T14:45:00Z,200,0.376,s,agent-1,ap-south-1
svc-notify,notify-worker,2025-04-18T06:30:00Z,200,77,ms,agent-1,ap-south-1
svc-notify,notify-worker,2025-04-10T05:00:00Z,200,82,ms,agent-1,ap-south-1
svc-payments,payments-api,2025-04-21T22:00:00Z,200,338,ms,agent-1,ap-south-1
svc-reports,reports-api,2025-04-12T05:15:00Z,200,821,ms,agent-1,ap-south-1
svc-payments,payments-api,2025-04-17T15:15:00Z,200,286,ms,agent-1,ap-south-1
svc-search,search-api,2025-04-11T13:30:00Z,200,0.655,s,agent-1,ap-south-1
svc-reports,reports-api,2025-04-13T14:15:00Z,200,460,ms,agent-1,ap-south-1
svc-search,search-api,2025-04-19T00:00:00Z,200,0.453,s,agent-1,ap-south-1
svc-notify,notify-worker,2025-04-18T04:15:00Z,200,101,ms,agent-1,ap-south-1
svc-notify,notify-worker,2025-04-10T10:45:00Z,200,122,ms,agent-1,ap-south-1
svc-payments,payments-api,2025-04-18T02:45:00Z,200,472,ms,agent-1,ap-south-1
svc-notify,notify-worker,2025-04-13T10:45:00Z,200,146,ms,agent-1,ap-south-1
svc-reports,reports-api,2025-04-11T20:30:00Z,200,634,ms,agent-1,ap-south-1
svc-search,search-api,2025-04-16T13:30:00Z,200,0.688,s,agent-1,ap-south-1
svc-auth,auth-api,2025-04-19T10:00:00Z,200,130,ms,agent-1,ap-south-1
svc-auth,auth-api,2025-04-16T22:45:00Z,200,165,ms,agent-1,ap-south-1
svc-search,search-api,2025-04-21T19:45:00Z,200,,s,agent-1,ap-south-1
svc-search,search-api,2025-04-16T20:30:00Z,200,0.419,s,agent-1,ap-south-1
svc-payments,payments-api,2025-04-11T06:45:00Z,200,328,ms,agent-1,ap-south-1
svc-auth,auth-api,2025-04-17T08:30:00Z,200,163,ms,agent-1,ap-south-1
svc-search,search-api,2025-04-12T20:00:00Z,200,0.565,s,agent-1,ap-south-1
svc-auth,auth-api,2025-04-10T16:45:00Z,200,147,ms,agent-1,ap-south-1
svc-auth,auth-api,2025-04-11T17:00:00Z,200,117,ms,agent-1,ap-south-1
svc-reports,reports-api,2025-04-13T04:15:00Z,200,640,ms,agent-2,ap-south-1
svc-search,search-api,2025-04-20T22:45:00Z,200,0.501,s,agent-1,ap-south-1
svc-notify,notify-worker,2025-04-20T19:15:00Z,200,104,ms,agent-1,ap-south-1
svc-reports,reports-api,2025-04-11T21:15:00Z,200,677,ms,agent-1,ap-south-1
svc-notify,notify-worker,2025-04-11T09:15:00Z,200,138,ms,agent-1,ap-south-1
svc-auth,auth-api,2025-04-20T23:45:00Z,200,126,ms,agent-1,ap-south-1
svc-auth,auth-api,2025-04-16T17:45:00Z,200,173,ms,agent-1,ap-south-1
svc-search,search-api,2025-04-11T07:15:00Z,200,0.383,s,agent-1,ap-south-1
svc-reports,reports-api,2025-04-19T08:30:00Z,200,808,ms,agent-2,ap-south-1
svc-auth,auth-api,2025-04-14T07:15:00Z,200,182,ms,agent-1,ap-south-1
svc-search,search-api,2025-04-11T09:15:00Z,200,0.647,s,agent-1,ap-south-1
svc-auth,auth-api,2025-04-15T10:30:00Z,200,173,ms,agent-1,ap-south-1
svc-notify,notify-worker,2025-04-19T01:15:00Z,200,119,ms,agent-1,ap-south-1
svc-notify,notify-worker,2025-04-10T12:15:00Z,200,108,ms,agent-1,ap-south-1
svc-payments,payments-api,2025-04-15T02:45:00Z,200,298,ms,agent-2,ap-south-1
svc-payments,payments-api,2025-04-16T01:45:00Z,200,341,ms,agent-1,ap-south-1
svc-search,search-api,2025-04-21T06:15:00Z,200,0.674,s,agent-1,ap-south-1
svc-notify,notify-worker,2025-04-18T11:30:00Z,200,133,ms,agent-1,ap-south-1
svc-payments,payments-api,2025-04-12T03:45:00Z,200,418,ms,agent-1,ap-south-1
svc-auth,auth-api,2025-04-16T17:00:00Z,200,176,ms,agent-1,ap-south-1
svc-auth,auth-api,2025-04-18T10:15:00Z,200,113,ms,agent-1,ap-south-1
svc-auth,auth-api,2025-04-15T03:15:00Z,200,105,ms,agent-1,ap-south-1
svc-auth,auth-api,2025-04-21T02:15:00Z,200,99,ms,agent-1,ap-south-1
svc-payments,payments-api,2025-04-12T23:15:00Z,200,386,ms,agent-1,ap-south-1
svc-notify,notify-worker,2025-04-18T01:15:00Z,200,113,ms,agent-1,ap-south-1
svc-notify,notify-worker,2025-04-14T05:15:00Z,200,,ms,agent-1,ap-south-1
svc-notify,notify-worker,2025-04-13T02:00:00Z,200,103,ms,agent-1,ap-south-1
svc-notify,notify-worker,2025-04-10T03:30:00Z,200,129,ms,agent-1,ap-south-1
svc-payments,payments-api,2025-04-16T12:15:00Z,200,394,ms,agent-1,ap-south-1
svc-search,search-api,2025-04-19T22:45:00Z,200,0.36,s,agent-1,ap-south-1
svc-auth,auth-api,2025-04-12T19:15:00Z,200,141,ms,agent-1,ap-south-1
svc-payments,payments-api,2025-04-20T05:00:00Z,200,,ms,agent-1,ap-south-1
svc-auth,auth-api,2025-04-11T20:45:00Z,200,147,ms,agent-1,ap-south-1
svc-search,search-api,2025-04-17T01:30:00Z,503,0.471,s,agent-1,ap-south-1
svc-payments,payments-api,2025-04-18T10:15:00Z,200,270,ms,agent-1,ap-south-1
svc-auth,auth-api,2025-04-14T14:15:00Z,200,132,ms,agent-1,ap-south-1
svc-payments,payments-api,2025-04-13T21:45:00Z,200,329,ms,agent-1,ap-south-1
svc-payments,payments-api,2025-04-13T10:15:00Z,200,330,ms,agent-1,ap-south-1
svc-auth,auth-api,2025-04-14T04:45:00Z,200,111,ms,agent-1,ap-south-1
svc-reports,reports-api,2025-04-11T10:15:00Z,200,474,ms,agent-1,ap-south-1
svc-notify,notify-worker,2025-04-10T00:45:00Z,200,127,ms,agent-1,ap-south-1
svc-reports,reports-api,2025-04-19T00:30:00Z,200,861,ms,agent-1,ap-south-1
svc-reports,reports-api,2025-04-12T10:00:00Z,200,602,ms,agent-1,ap-south-1
svc-notify,notify-worker,2025-04-20T03:30:00Z,200,124,ms,agent-1,ap-south-1
svc-reports,reports-api,2025-04-20T00:00:00Z,200,581,ms,agent-1,ap-south-1
svc-search,search-api,2025-04-12T10:00:00Z,200,0.71,s,agent-1,ap-south-1
svc-search,search-api,2025-04-19T07:15:00Z,200,0.435,s,agent-1,ap-south-1
svc-notify,notify-worker,2025-04-21T18:00:00Z,200,98,ms,agent-1,ap-south-1
svc-payments,payments-api,2025-04-10T08:45:00Z,200,425,ms,agent-1,ap-south-1
svc-notify,notify-worker,2025-04-19T21:15:00Z,200,98,ms,agent-1,ap-south-1
svc-search,search-api,2025-04-15T14:45:00Z,200,0.511,s,agent-1,ap-south-1
svc-payments,payments-api,2025-04-19T18:30:00Z,200,369,ms,agent-1,ap-south-1
svc-payments,payments-api,2025-04-20T11:45:00Z,200,421,ms,agent-1,ap-south-1
svc-payments,payments-api,2025-04-10T08:00:00Z,200,295,ms,agent-1,ap-south-1
svc-notify,notify-worker,2025-04-17T05:15:00Z,200,104,ms,agent-1,ap-south-1
svc-payments,payments-api,2025-04-15T17:15:00Z,200,467,ms,agent-1,ap-south-1
svc-notify,notify-worker,2025-04-16T00:30:00Z,200,135,ms,agent-1,ap-south-1
svc-search,search-api,2025-04-17T14:15:00Z,200,0.495,s,agent-1,ap-south-1
svc-payments,payments-api,2025-04-17T16:45:00Z,200,326,ms,agent-1,ap-south-1
svc-notify,notify-worker,2025-04-20T13:00:00Z,200,99,ms,agent-1,ap-south-1
svc-auth,auth-api,2025-04-12T13:00:00Z,200,147,ms,agent-1,ap-south-1
svc-payments,payments-api,2025-04-21T04:00:00Z,200,471,ms,agent-1,ap-south-1
svc-reports,reports-api,2025-04-10T07:45:00Z,200,781,ms,agent-1,ap-south-1
svc-payments,payments-api,2025-04-12T19:45:00Z,200,451,ms,agent-1,ap-south-1
svc-payments,payments-api,2025-04-20T12:45:00Z,200,305,ms,agent-1,ap-south-1
svc-notify,notify-worker,2025-04-16T18:30:00Z,200,86,ms,agent-1,ap-south-1
svc-notify,notify-worker,2025-04-10T16:15:00Z,200,98,ms,agent-2,ap-south-1
svc-auth,auth-api,2025-04-15T16:15:00Z,200,97,ms,agent-2,ap-south-1
svc-notify,notify-worker,2025-04-13T11:00:00Z,200,121,ms,agent-1,ap-south-1
svc-search,search-api,2025-04-16T19:30:00Z,200,0.4,s,agent-1,ap-south-1
svc-notify,notify-worker,2025-04-21T22:30:00Z,200,81,ms,agent-1,ap-south-1
svc-auth,auth-api,2025-04-12T17:00:00Z,200,168,ms,agent-1,ap-south-1
svc-search,search-api,2025-04-20T17:00:00Z,200,0.432,s,agent-1,ap-south-1
svc-search,search-api,2025-04-17T12:15:00Z,200,0.434,s,agent-1,ap-south-1
svc-search,search-api,2025-04-12T06:45:00Z,200,0.51,s,agent-1,ap-south-1
svc-notify,notify-worker,2025-04-16T08:30:00Z,200,79,ms,agent-1,ap-south-1
svc-reports,reports-api,2025-04-12T06:45:00Z,200,586,ms,agent-1,ap-south-1
svc-search,search-api,2025-04-13T06:00:00Z,200,0.447,s,agent-1,ap-south-1
svc-reports,reports-api,2025-04-16T00:30:00Z,200,,ms,agent-2,ap-south-1
svc-search,search-api,2025-04-16T15:45:00Z,200,0.698,s,agent-1,ap-south-1
svc-payments,payments-api,2025-04-16T12:45:00Z,200,291,ms,agent-1,ap-south-1
svc-notify,notify-worker,2025-04-19T23:15:00Z,200,131,ms,agent-1,ap-south-1
svc-payments,payments-api,2025-04-21T10:15:00Z,200,261,ms,agent-1,ap-south-1
svc-auth,auth-api,2025-04-17T15:30:00Z,200,107,ms,agent-1,ap-south-1
svc-notify,notify-worker,2025-04-17T19:00:00Z,200,125,ms,agent-1,ap-south-1
svc-payments,payments-api,2025-04-11T02:00:00Z,200,438,ms,agent-1,ap-south-1
svc-reports,reports-api,2025-04-15T12:00:00Z,200,679,ms,agent-1,ap-south-1
svc-auth,auth-api,2025-04-19T18:00:00Z,200,141,ms,agent-1,ap-south-1
svc-auth,auth-api,2025-04-16T21:15:00Z,200,112,ms,agent-1,ap-south-1
svc-payments,payments-api,2025-04-16T16:45:00Z,200,382,ms,agent-1,ap-south-1
svc-reports,reports-api,2025-04-15T03:30:00Z,200,729,ms,agent-1,ap-south-1
svc-payments,payments-api,2025-04-20T13:45:00Z,200,343,ms,agent-1,ap-south-1
svc-payments,payments-api,2025-04-20T23:45:00Z,200,421,ms,agent-1,ap-south-1
svc-reports,reports-api,2025-04-14T00:45:00Z,200,612,ms,agent-1,ap-south-1
svc-reports,reports-api,2025-04-18T07:00:00Z,200,642,ms,agent-1,ap-south-1
svc-auth,auth-api,2025-04-13T10:00:00Z,200,130,ms,agent-1,ap-south-1
svc-notify,notify-worker,2025-04-21T21:30:00Z,200,119,ms,agent-1,ap-south-1
svc-reports,reports-api,2025-04-14T13:45:00Z,200,661,ms,agent-1,ap-south-1
svc-auth,auth-api,2025-04-18T15:15:00Z,200,140,ms,agent-1,ap-south-1
svc-notify,notify-worker,2025-04-11T21:45:00Z,200,89,ms,agent-2,ap-south-1
svc-search,search-api,2025-04-16T19:00:00Z,200,0.468,s,agent-1,ap-south-1
svc-auth,auth-api,2025-04-16T06:30:00Z,200,115,ms,agent-1,ap-south-1
svc-auth,auth-api,2025-04-12T20:00:00Z,200,188,ms,agent-1,ap-south-1
svc-search,search-api,2025-04-17T16:00:00Z,200,0.586,s,agent-1,ap-south-1
svc-search,search-api,2025-04-21T21:45:00Z,200,0.695,s,agent-1,ap-south-1
svc-reports,reports-api,2025-04-20T19:15:00Z,200,467,ms,agent-1,ap-south-1
svc-auth,auth-api,2025-04-12T19:45:00Z,200,99,ms,agent-1,ap-south-1
svc-search,search-api,2025-04-14T17:45:00Z,200,0.387,s,agent-1,ap-south-1
svc-search,search-api,2025-04-10T08:15:00Z,200,0.375,s,agent-1,ap-south-1
svc-auth,auth-api,2025-04-18T08:15:00Z,200,134,ms,agent-1,ap-south-1
svc-payments,payments-api,2025-04-19T11:00:00Z,200,481,ms,agent-2,ap-south-1
svc-reports,reports-api,2025-04-16T07:15:00Z,200,529,ms,agent-1,ap-south-1
svc-search,search-api,2025-04-12T03:45:00Z,200,0.637,s,agent-1,ap-south-1
svc-auth,auth-api,2025-04-21T09:45:00Z,200,114,ms,agent-1,ap-south-1
svc-auth,auth-api,2025-04-11T17:15:00Z,200,157,ms,agent-1,ap-south-1
svc-notify,notify-worker,2025-04-16T12:15:00Z,200,106,ms,agent-1,ap-south-1
svc-notify,notify-worker,2025-04-16T00:15:00Z,200,80,ms,agent-1,ap-south-1
svc-search,search-api,2025-04-13T03:15:00Z,200,0.469,s,agent-1,ap-south-1
svc-auth,auth-api,2025-04-21T00:30:00Z,200,113,ms,agent-1,ap-south-1
svc-notify,notify-worker,2025-04-12T14:45:00Z,200,112,ms,agent-1,ap-south-1
svc-payments,payments-api,2025-04-13T08:45:00Z,200,436,ms,agent-1,ap-south-1
svc-reports,reports-api,2025-04-20T17:15:00Z,200,566,ms,agent-1,ap-south-1
svc-search,search-api,2025-04-20T15:00:00Z,200,0.631,s,agent-1,ap-south-1
svc-payments,payments-api,2025-04-14T01:45:00Z,200,268,ms,agent-1,ap-south-1
svc-payments,payments-api,2025-04-21T12:45:00Z,200,330,ms,agent-1,ap-south-1
svc-notify,notify-worker,2025-04-19T05:15:00Z,200,103,ms,agent-1,ap-south-1
svc-reports,reports-api,2025-04-16T01:15:00Z,200,692,ms,agent-1,ap-south-1
svc-auth,auth-api,2025-04-18T13:15:00Z,200,189,ms,agent-1,ap-south-1
svc-reports,reports-api,2025-04-19T07:15:00Z,200,774,ms,agent-1,ap-south-1
svc-reports,reports-api,2025-04-13T13:45:00Z,200,697,ms,agent-1,ap-south-1
svc-auth,auth-api,2025-04-17T15:45:00Z,200,171,ms,agent-1,ap-south-1
svc-payments,payments-api,2025-04-17T01:30:00Z,200,432,ms,agent-1,ap-south-1
svc-reports,reports-api,2025-04-10T11:00:00Z,200,556,ms,agent-2,ap-south-1
svc-notify,notify-worker,2025-04-12T12:15:00Z,200,84,ms,agent-1,ap-south-1
svc-notify,notify-worker,2025-04-15T04:30:00Z,200,134,ms,agent-2,ap-south-1
svc-notify,notify-worker,2025-04-20T11:45:00Z,200,119,ms,agent-1,ap-south-1
svc-notify,notify-worker,2025-04-14T12:15:00Z,200,91,ms,agent-1,ap-south-1
svc-search,search-api,2025-04-19T15:45:00Z,200,0.549,s,agent-1,ap-south-1
svc-reports,reports-api,2025-04-21T11:00:00Z,200,654,ms,agent-1,ap-south-1
svc-reports,reports-api,2025-04-19T23:30:00Z,200,637,ms,agent-1,ap-south-1
svc-reports,reports-api,1745051400,200,863,ms,agent-1,ap-south-1
svc-search,search-api,2025-04-11T08:00:00Z,200,0.71,s,agent-1,ap-south-1
svc-auth,auth-api,2025-04-12T18:30:00Z,200,168,ms,agent-1,ap-south-1
svc-payments,payments-api,2025-04-18T22:45:00Z,200,339,ms,agent-1,ap-south-1
svc-auth,auth-api,2025-04-16T04:45:00Z,200,190,ms,agent-1,ap-south-1
svc-payments,payments-api,1745246700,200,424,ms,agent-1,ap-south-1
svc-auth,auth-api,2025-04-14T20:15:00Z,200,146,ms,agent-1,ap-south-1
svc-notify,notify-worker,2025-04-18T22:15:00Z,200,102,ms,agent-1,ap-south-1
svc-reports,reports-api,2025-04-16T22:45:00Z,200,620,ms,agent-1,ap-south-1
svc-search,search-api,2025-04-21T10:00:00Z,200,0.471,s,agent-1,ap-south-1
svc-payments,payments-api,2025-04-18T07:30:00Z,200,298,ms,agent-1,ap-south-1
svc-reports,reports-api,2025-04-18T11:00:00Z,200,627,ms,agent-1,ap-south-1
svc-search,search-api,2025-04-17T15:30:00Z,200,0.399,s,agent-2,ap-south-1
svc-payments,payments-api,2025-04-18T04:15:00Z,200,361,ms,agent-2,ap-south-1
svc-payments,payments-api,2025-04-19T18:15:00Z,200,491,ms,agent-1,ap-south-1
svc-payments,payments-api,2025-04-13T03:45:00Z,200,254,ms,agent-1,ap-south-1
svc-notify,notify-worker,2025-04-11T22:15:00Z,200,102,ms,agent-1,ap-south-1
svc-search,search-api,2025-04-16T06:15:00Z,200,0.585,s,agent-1,ap-south-1
svc-payments,payments-api,2025-04-19T13:45:00Z,200,432,ms,agent-1,ap-south-1
svc-payments,payments-api,2025-04-16T06:00:00Z,200,377,ms,agent-1,ap-south-1
svc-payments,payments-api,2025-04-20T05:15:00Z,200,442,ms,agent-1,ap-south-1
svc-payments,payments-api,2025-04-14T04:00:00Z,200,402,ms,agent-1,ap-south-1
svc-search,search-api,2025-04-16T11:30:00Z,200,0.577,s,agent-1,ap-south-1
svc-search,search-api,2025-04-21T19:15:00Z,200,0.361,s,agent-1,ap-south-1
svc-auth,auth-api,2025-04-20T10:00:00Z,200,124,ms,agent-1,ap-south-1
svc-notify,notify-worker,2025-04-13T03:15:00Z,200,106,ms,agent-1,ap-south-1
svc-auth,auth-api,2025-04-12T12:30:00Z,200,129,ms,agent-1,ap-south-1
svc-search,search-api,2025-04-13T07:15:00Z,200,0.458,s,agent-1,ap-south-1
svc-notify,notify-worker,2025-04-15T11:00:00Z,200,79,ms,agent-1,ap-south-1
svc-notify,notify-worker,2025-04-17T06:15:00Z,200,90,ms,agent-1,ap-south-1
svc-auth,auth-api,2025-04-10T20:45:00Z,200,130,ms,agent-1,ap-south-1
svc-notify,notify-worker,2025-04-15T03:00:00Z,200,100,ms,agent-1,ap-south-1
svc-payments,payments-api,2025-04-14T10:30:00Z,200,396,ms,agent-1,ap-south-1
svc-notify,notify-worker,2025-04-18T23:45:00Z,200,137,ms,agent-1,ap-south-1
svc-payments,payments-api,2025-04-20T22:00:00Z,200,398,ms,agent-1,ap-south-1
svc-auth,auth-api,2025-04-13T19:45:00Z,200,183,ms,agent-1,ap-south-1
svc-reports,reports-api,2025-04-13T02:45:00Z,200,598,ms,agent-1,ap-south-1
svc-search,search-api,2025-04-12T07:30:00Z,200,0.405,s,agent-1,ap-south-1
svc-search,search-api,2025-04-19T11:15:00Z,200,0.706,s,agent-1,ap-south-1
svc-search,search-api,2025-04-11T17:15:00Z,200,0.557,s,agent-1,ap-south-1
svc-payments,payments-api,2025-04-18T03:00:00Z,200,332,ms,agent-1,ap-south-1
svc-search,search-api,2025-04-16T13:45:00Z,200,0.482,s,agent-1,ap-south-1
svc-reports,reports-api,2025-04-13T21:30:00Z,200,758,ms,agent-1,ap-south-1
