service_id,service_name,timestamp,status_code,latency,latency_unit,agent,region
svc-notify,notify-worker,2025-05-19T21:45:00Z,200,127,ms,agent-1,ap-south-1
svc-search,search-api,2025-05-27T04:30:00Z,200,0.551,s,agent-1,ap-south-1
svc-auth,auth-api,2025-05-20T13:45:00Z,200,163,ms,agent-1,ap-south-1
svc-search,search-api,1748729700,200,0.494,s,agent-1,ap-south-1
svc-search,search-api,2025-05-22T09:30:00Z,200,0.497,s,agent-1,ap-south-1
svc-payments,payments-api,2025-05-24T17:45:00Z,200,456,ms,agent-1,ap-south-1
svc-payments,payments-api,2025-05-19T00:45:00Z,200,362,ms,agent-1,ap-south-1
svc-auth,auth-api,2025-05-24T18:45:00Z,200,101,ms,agent-1,ap-south-1
svc-auth,auth-api,2025-05-29T21:30:00Z,200,97,ms,agent-1,ap-south-1
svc-reports,reports-api,2025-05-22T08:00:00Z,200,559,ms,agent-1,ap-south-1
svc-reports,reports-api,2025-05-26T05:15:00Z,200,719,ms,agent-1,ap-south-1
svc-payments,payments-api,2025-05-30T22:45:00Z,200,394,ms,agent-1,ap-south-1
svc-notify,notify-worker,2025-05-26T11:15:00+05:30,200,78,ms,agent-1,ap-south-1
svc-notify,notify-worker,2025-06-01T16:30:00Z,200,116,ms,agent-1,ap-south-1
svc-payments,payments-api,2025-05-19T23:45:00+05:30,200,339,ms,agent-1,ap-south-1
svc-payments,payments-api,2025-05-29T15:00:00Z,200,495,ms,agent-1,ap-south-1
svc-search,search-api,2025-05-21T23:15:00Z,200,0.577,s,agent-1,ap-south-1
svc-payments,payments-api,2025-05-20T20:00:00Z,200,482,ms,agent-1,ap-south-1
svc-search,search-api,2025-05-28T14:45:00Z,200,0.661,s,agent-1,ap-south-1
svc-notify,notify-worker,2025-05-22T13:00:00Z,200,132,ms,agent-1,ap-south-1
svc-reports,reports-api,2025-05-22T03:15:00Z,200,684,ms,agent-1,ap-south-1
svc-search,search-api,2025-05-27T00:15:00Z,200,0.636,s,agent-1,ap-south-1
svc-reports,reports-api,2025-05-29T17:30:00Z,200,819,ms,agent-1,ap-south-1
svc-auth,auth-api,2025-05-21T17:15:00Z,200,187,ms,agent-1,ap-south-1
svc-notify,notify-worker,2025-05-23T11:00:00Z,200,90,ms,agent-2,ap-south-1
svc-payments,payments-api,2025-05-30T12:00:00Z,200,361,ms,agent-1,ap-south-1
svc-search,search-api,2025-05-19T17:30:00Z,200,0.636,s,agent-1,ap-south-1
svc-auth,auth-api,2025-05-20T20:15:00Z,200,125,ms,agent-1,ap-south-1
svc-search,search-api,2025-05-28T08:00:00Z,200,0.619,s,agent-1,ap-south-1
svc-search,search-api,2025-05-27T22:45:00Z,200,0.387,s,agent-1,ap-south-1
svc-notify,notify-worker,2025-05-31T18:45:00Z,200,118,ms,agent-1,ap-south-1
svc-auth,auth-api,2025-05-19T14:45:00Z,200,131,ms,agent-1,ap-south-1
svc-search,search-api,2025-05-20T09:30:00Z,200,0.555,s,agent-1,ap-south-1
svc-payments,payments-api,2025-05-29T12:30:00Z,200,438,ms,agent-1,ap-south-1
svc-search,search-api,2025-05-28T01:45:00Z,200,0.573,s,agent-1,ap-south-1
svc-search,search-api,2025-05-26T08:00:00Z,200,0.485,s,agent-1,ap-south-1
svc-payments,payments-api,2025-06-01T10:30:00Z,200,395,ms,agent-1,ap-south-1
svc-search,search-api,2025-05-27T00:30:00Z,200,0.423,s,agent-1,ap-south-1
svc-auth,auth-api,2025-05-24T01:00:00Z,200,121,ms,agent-1,ap-south-1
svc-payments,payments-api,2025-06-01T14:30:00Z,200,289,ms,agent-1,ap-south-1
svc-notify,notify-worker,2025-05-30T18:15:00Z,200,101,ms,agent-1,ap-south-1
svc-auth,auth-api,2025-05-29T12:00:00Z,200,175,ms,agent-1,ap-south-1
svc-payments,payments-api,2025-05-19T06:15:00Z,200,482,ms,agent-1,ap-south-1
svc-auth,auth-api,2025-05-21T05:15:00Z,200,190,ms,agent-1,ap-south-1
svc-reports,reports-api,2025-05-31T12:45:00Z,200,454,ms,agent-1,ap-south-1
svc-auth,auth-api,2025-05-23T09:45:00Z,200,146,ms,agent-1,ap-south-1
svc-payments,payments-api,2025-05-20T21:15:00Z,200,424,ms,agent-2,ap-south-1
svc-reports,reports-api,2025-05-30T21:45:00Z,200,547,ms,agent-1,ap-south-1
svc-search,search-api,2025-05-19T01:15:00Z,200,0.504,s,agent-1,ap-south-1
svc-auth,auth-api,2025-05-20T16:15:00Z,200,119,ms,agent-1,ap-south-1
svc-reports,reports-api,2025-05-24T10:45:00Z,200,624,ms,agent-1,ap-south-1
svc-reports,reports-api,2025-05-28T12:45:00Z,200,733,ms,agent-1,ap-south-1
svc-notify,notify-worker,2025-05-22T01:45:00Z,200,84,ms,agent-1,ap-south-1
svc-search,search-api,2025-06-01T01:00:00Z,200,0.603,s,agent-1,ap-south-1
svc-notify,notify-worker,2025-05-30T17:15:00Z,200,81,ms,agent-1,ap-south-1
svc-search,search-api,2025-05-22T05:15:00Z,200,0.598,s,agent-2,ap-south-1
svc-search,search-api,2025-05-26T02:30:00Z,200,0.473,s,agent-1,ap-south-1
svc-search,search-api,2025-06-01T05:15:00Z,200,0.648,s,agent-1,ap-south-1
svc-notify,notify-worker,2025-05-31T21:45:00+05:30,200,112,ms,agent-1,ap-south-1
svc-reports,reports-api,2025-06-01T02:45:00Z,200,711,ms,agent-1,ap-south-1
svc-auth,auth-api,2025-05-19T05:30:00Z,200,146,ms,agent-1,ap-south-1
svc-auth,auth-api,2025-05-20T22:00:00Z,200,113,ms,agent-1,ap-south-1
svc-search,search-api,2025-05-22T10:15:00Z,200,0.717,s,agent-1,ap-south-1
svc-reports,reports-api,2025-05-21T10:30:00Z,200,690,ms,agent-1,ap-south-1
svc-payments,payments-api,2025-05-30T00:15:00Z,200,378,ms,agent-1,ap-south-1
svc-search,search-api,2025-05-20T03:45:00Z,200,0.436,s,agent-1,ap-south-1
svc-auth,auth-api,2025-05-27T19:15:00Z,200,184,ms,agent-1,ap-south-1
svc-payments,payments-api,2025-05-24T20:45:00Z,200,369,ms,agent-1,ap-south-1
svc-payments,payments-api,2025-05-21T13:15:00Z,200,423,ms,agent-1,ap-south-1
svc-notify,notify-worker,2025-05-31T14:30:00Z,200,93,ms,agent-1,ap-south-1
svc-reports,reports-api,2025-06-01T01:30:00Z,503,743,ms,agent-1,ap-south-1
svc-auth,auth-api,2025-05-30T19:30:00Z,200,170,ms,agent-1,ap-south-1
svc-auth,auth-api,2025-05-24T04:00:00Z,200,96,ms,agent-1,ap-south-1
svc-auth,auth-api,2025-05-29T11:30:00Z,200,152,ms,agent-1,ap-south-1
svc-auth,auth-api,2025-05-19T03:15:00Z,200,183,ms,agent-1,ap-south-1
svc-auth,auth-api,2025-05-25T08:00:00Z,200,158,ms,agent-1,ap-south-1
svc-search,search-api,2025-05-30T17:15:00Z,200,0.456,s,agent-1,ap-south-1
svc-auth,auth-api,2025-06-01T02:15:00Z,200,101,ms,agent-1,ap-south-1
svc-payments,payments-api,2025-05-27T09:30:00Z,200,354,ms,agent-1,ap-south-1
svc-auth,auth-api,2025-05-25T00:45:00Z,200,174,ms,agent-2,ap-south-1
svc-notify,notify-worker,2025-05-19T21:15:00Z,200,148,ms,agent-1,ap-south-1
svc-reports,reports-api,2025-05-19T00:15:00Z,200,522,ms,agent-1,ap-south-1
svc-search,search-api,2025-05-21T20:30:00Z,200,0.506,s,agent-1,ap-south-1
svc-search,search-api,2025-05-30T08:00:00Z,200,0.701,s,agent-1,ap-south-1
svc-payments,payments-api,2025-05-26T20:30:00Z,200,428,ms,agent-2,ap-south-1
svc-auth,auth-api,2025-05-27T02:15:00Z,200,97,ms,agent-1,ap-south-1
svc-auth,auth-api,2025-05-23T21:30:00Z,200,169,ms,agent-1,ap-south-1
svc-search,search-api,2025-05-23T01:45:00Z,200,0.593,s,agent-1,ap-south-1
svc-search,search-api,2025-05-30T21:30:00Z,200,0.576,s,agent-1,ap-south-1
svc-reports,reports-api,2025-05-28T17:00:00Z,200,662,ms,agent-1,ap-south-1
svc-search,search-api,2025-05-22T11:30:00Z,200,0.624,s,agent-1,ap-south-1
svc-search,search-api,2025-05-22T19:15:00Z,200,0.572,s,agent-1,ap-south-1
svc-notify,notify-worker,2025-05-22T04:15:00Z,200,102,ms,agent-2,ap-south-1
svc-payments,payments-api,2025-05-19T16:45:00Z,200,360,ms,agent-1,ap-south-1
svc-payments,payments-api,2025-05-27T03:30:00Z,200,266,ms,agent-1,ap-south-1
svc-notify,notify-worker,2025-05-26T04:15:00Z,200,82,ms,agent-1,ap-south-1
svc-search,search-api,2025-05-22T19:30:00Z,200,0.682,s,agent-2,ap-south-1
svc-reports,reports-api,2025-05-22T17:30:00Z,200,738,ms,agent-1,ap-south-1
svc-auth,auth-api,2025-05-27T11:15:00Z,200,139,ms,agent-1,ap-south-1
svc-payments,payments-api,2025-05-19T20:45:00Z,200,,ms,agent-1,ap-south-1
svc-notify,notify-worker,2025-05-22T08:45:00Z,200,139,ms,agent-1,ap-south-1
svc-notify,notify-worker,2025-05-23T07:30:00Z,200,115,ms,agent-1,ap-south-1
svc-notify,notify-worker,2025-05-25T21:15:00Z,200,150,ms,agent-1,ap-south-1
svc-payments,payments-api,2025-05-29T05:30:00Z,200,297,ms,agent-1,ap-south-1
svc-payments,payments-api,2025-05-24T16:00:00Z,200,250,ms,agent-1,ap-south-1
svc-reports,reports-api,2025-05-25T02:15:00Z,200,756,ms,agent-1,ap-south-1
svc-notify,notify-worker,2025-05-21T17:30:00Z,200,137,ms,agent-1,ap-south-1
svc-reports,reports-api,2025-05-20T05:00:00Z,200,658,ms,agent-1,ap-south-1
svc-auth,auth-api,2025-06-01T10:30:00Z,200,183,ms,agent-1,ap-south-1
svc-notify,notify-worker,2025-05-29T11:15:00Z,200,93,ms,agent-1,ap-south-1
svc-payments,payments-api,2025-05-20T07:00:00Z,200,358,ms,agent-1,ap-south-1
svc-notify,notify-worker,2025-05-23T22:00:00Z,200,78,ms,agent-1,ap-south-1
svc-notify,notify-worker,2025-05-23T13:30:00Z,200,142,ms,agent-1,ap-south-1
svc-notify,notify-worker,2025-05-25T14:30:00Z,200,146,ms,agent-1,ap-south-1
svc-notify,notify-worker,2025-05-28T02:45:00Z,200,133,ms,agent-1,ap-south-1
svc-notify,notify-worker,2025-05-27T05:15:00Z,200,105,ms,agent-1,ap-south-1
svc-auth,auth-api,2025-05-20T01:30:00Z,200,155,ms,agent-1,ap-south-1
svc-reports,reports-api,2025-05-28T07:30:00Z,200,450,ms,agent-1,ap-south-1
svc-search,search-api,2025-05-22T02:45:00Z,200,0.632,s,agent-1,ap-south-1
svc-auth,auth-api,2025-05-20T18:00:00Z,200,121,ms,agent-1,ap-south-1
svc-reports,reports-api,2025-05-26T22:15:00Z,200,727,ms,agent-1,ap-south-1
svc-notify,notify-worker,2025-05-24T14:15:00Z,200,83,ms,agent-1,ap-south-1
svc-auth,auth-api,2025-05-30T02:15:00Z,200,96,ms,agent-1,ap-south-1
svc-reports,reports-api,2025-05-30T15:15:00Z,502,781,ms,agent-1,ap-south-1
svc-notify,notify-worker,2025-05-29T00:15:00Z,200,123,ms,agent-1,ap-south-1
svc-search,search-api,2025-05-26T17:15:00Z,200,0.574,s,agent-1,ap-south-1
svc-payments,payments-api,2025-05-22T10:30:00Z,200,307,ms,agent-1,ap-south-1
svc-reports,reports-api,2025-05-23T23:30:00Z,200,858,ms,agent-1,ap-south-1
svc-auth,auth-api,2025-05-23T06:00:00Z,200,140,ms,agent-1,ap-south-1
svc-payments,payments-api,2025-05-20T22:45:00Z,200,426,ms,agent-1,ap-south-1
svc-reports,reports-api,2025-05-29T02:00:00Z,200,525,ms,agent-2,ap-south-1
svc-notify,notify-worker,2025-05-20T07:15:00Z,200,116,ms,agent-1,ap-south-1
svc-search,search-api,2025-05-21T13:30:00Z,200,0.657,s,agent-1,ap-south-1
svc-search,search-api,2025-05-30T05:30:00Z,200,0.377,s,agent-1,ap-south-1
svc-payments,payments-api,2025-05-19T08:00:00Z,200,259,ms,agent-1,ap-south-1
svc-payments,payments-api,2025-05-24T02:15:00Z,200,351,ms,agent-1,ap-south-1
svc-reports,reports-api,2025-05-23T12:00:00Z,200,437,ms,agent-1,ap-south-1
svc-payments,payments-api,2025-05-21T14:00:00Z,200,284,ms,agent-1,ap-south-1
svc-search,search-api,2025-05-31T15:45:00Z,200,,s,agent-2,ap-south-1
svc-notify,notify-worker,2025-05-19T15:15:00Z,500,278,ms,agent-1,ap-south-1
svc-auth,auth-api,2025-05-23T02:00:00Z,200,122,ms,agent-1,ap-south-1
svc-payments,payments-api,2025-05-19T16:00:00Z,200,460,ms,agent-1,ap-south-1
svc-search,search-api,2025-05-20T16:30:00Z,200,0.415,s,agent-1,ap-south-1
svc-auth,auth-api,2025-05-30T22:15:00Z,200,167,ms,agent-2,ap-south-1
svc-payments,payments-api,2025-05-31T09:15:00Z,200,322,ms,agent-1,ap-south-1
svc-auth,auth-api,2025-05-22T07:00:00Z,200,112,ms,agent-1,ap-south-1
svc-auth,auth-api,2025-05-22T16:30:00Z,200,110,ms,agent-1,ap-south-1
svc-auth,auth-api,2025-05-24T05:15:00Z,200,108,ms,agent-1,ap-south-1
svc-auth,auth-api,2025-05-25T23:30:00Z,200,178,ms,agent-1,ap-south-1
svc-auth,auth-api,2025-05-27T01:15:00Z,200,113,ms,agent-1,ap-south-1
svc-reports,reports-api,2025-05-26T09:30:00Z,200,721,ms,agent-1,ap-south-1
svc-notify,notify-worker,2025-05-24T07:15:00Z,200,138,ms,agent-1,ap-south-1
svc-search,search-api,2025-05-30T20:15:00Z,200,0.609,s,agent-1,ap-south-1
svc-payments,payments-api,2025-05-27T08:45:00Z,200,473,ms,agent-1,ap-south-1
svc-payments,payments-api,2025-05-22T02:15:00Z,200,428,ms,agent-1,ap-south-1
svc-payments,payments-api,2025-05-19T14:30:00Z,200,386,ms,agent-1,ap-south-1
svc-notify,notify-worker,2025-06-01T12:00:00Z,200,89,ms,agent-1,ap-south-1
svc-search,search-api,2025-05-29T08:30:00Z,200,0.532,s,agent-1,ap-south-1
svc-notify,notify-worker,2025-05-22T00:00:00Z,200,126,ms,agent-1,ap-south-1
svc-payments,payments-api,2025-05-21T10:45:00Z,200,260,ms,agent-1,ap-south-1
svc-auth,auth-api,2025-05-31T15:30:00Z,200,177,ms,agent-1,ap-south-1
svc-payments,payments-api,2025-05-27T20:00:00Z,200,352,ms,agent-1,ap-south-1
svc-notify,notify-worker,2025-05-31T07:00:00Z,200,76,ms,agent-1,ap-south-1
svc-payments,payments-api,2025-05-25T06:15:00Z,200,486,ms,agent-1,ap-south-1
svc-notify,notify-worker,2025-05-20T19:30:00Z,200,97,ms,agent-1,ap-south-1
svc-reports,reports-api,2025-05-27T09:00:00Z,502,524,ms,agent-1,ap-south-1
svc-payments,payments-api,2025-05-21T22:45:00Z,200,338,ms,agent-1,ap-south-1
svc-search,search-api,2025-05-29T21:15:00Z,200,0.55,s,agent-1,ap-south-1
svc-search,search-api,2025-06-01T22:00:00Z,200,0.64,s,agent-1,ap-south-1
svc-search,search-api,2025-05-20T17:30:00Z,200,0.713,s,agent-1,ap-south-1
svc-reports,reports-api,2025-05-24T23:30:00Z,200,516,ms,agent-1,ap-south-1
svc-reports,reports-api,2025-05-26T14:30:00Z,200,793,ms,agent-1,ap-south-1
svc-search,search-api,2025-05-20T11:00:00Z,200,0.667,s,agent-1,ap-south-1
svc-auth,auth-api,2025-05-30T05:15:00Z,500,176,ms,agent-1,ap-south-1
svc-payments,payments-api,2025-05-28T09:30:00Z,200,407,ms,agent-1,ap-south-1
svc-auth,auth-api,2025-05-26T16:15:00Z,200,140,ms,agent-1,ap-south-1
svc-payments,payments-api,2025-05-31T03:30:00Z,200,393,ms,agent-1,ap-south-1
svc-notify,notify-worker,2025-05-21T01:00:00Z,200,124,ms,agent-1,ap-south-1
svc-search,search-api,2025-05-22T00:45:00Z,200,0.543,s,agent-1,ap-south-1
svc-payments,payments-api,2025-05-25T03:00:00Z,200,325,ms,agent-1,ap-south-1
svc-notify,notify-worker,2025-05-19T17:30:00Z,500,293,ms,agent-1,ap-south-1
svc-reports,reports-api,2025-05-19T13:30:00Z,502,565,ms,agent-1,ap-south-1
svc-search,search-api,2025-05-30T09:15:00Z,200,0.368,s,agent-1,ap-south-1
svc-notify,notify-worker,2025-05-30T19:00:00Z,200,86,ms,agent-1,ap-south-1
svc-notify,notify-worker,2025-05-31T03:45:00Z,200,76,ms,agent-1,ap-south-1
svc-payments,payments-api,2025-05-27T07:30:00Z,200,466,ms,agent-1,ap-south-1
svc-payments,payments-api,2025-05-27T01:30:00Z,200,460,ms,agent-2,ap-south-1
svc-payments,payments-api,2025-05-20T18:15:00Z,200,474,ms,agent-1,ap-south-1
svc-notify,notify-worker,2025-05-24T07:45:00Z,200,109,ms,agent-1,ap-south-1
svc-reports,reports-api,2025-05-23T15:45:00Z,502,654,ms,agent-1,ap-south-1
svc-payments,payments-api,2025-05-31T16:45:00Z,200,286,ms,agent-1,ap-south-1
svc-search,search-api,2025-05-25T21:00:00Z,200,0.621,s,agent-1,ap-south-1
svc-payments,payments-api,2025-05-22T04:30:00Z,200,331,ms,agent-1,ap-south-1
svc-payments,payments-api,2025-05-21T06:45:00Z,200,326,ms,agent-1,ap-south-1
svc-search,search-api,2025-06-01T08:30:00Z,200,0.662,s,agent-1,ap-south-1
svc-notify,notify-worker,2025-05-28T11:45:00Z,200,104,ms,agent-1,ap-south-1
svc-search,search-api,2025-05-24T22:30:00Z,200,0.41,s,agent-1,ap-south-1
svc-auth,auth-api,2025-05-26T05:15:00Z,200,123,ms,agent-1,ap-south-1
svc-search,search-api,2025-05-30T10:15:00Z,200,0.428,s,agent-1,ap-south-1
svc-notify,notify-worker,2025-05-25T04:00:00Z,200,75,ms,agent-2,ap-south-1
svc-auth,auth-api,2025-05-20T04:30:00Z,200,187,ms,agent-1,ap-south-1
svc-auth,auth-api,2025-05-20T09:45:00Z,200,101,ms,agent-1,ap-south-1
svc-search,search-api,2025-05-28T20:45:00Z,200,0.498,s,agent-1,ap-south-1
svc-reports,reports-api,2025-05-28T01:00:00Z,200,471,ms,agent-1,ap-south-1
svc-notify,notify-worker,2025-05-21T23:00:00Z,200,121,ms,agent-1,ap-south-1
svc-search,search-api,2025-05-30T04:30:00Z,200,0.663,s,agent-1,ap-south-1
svc-reports,reports-api,2025-05-31T03:45:00Z,200,702,ms,agent-1,ap-south-1
svc-search,search-api,2025-05-30T15:00:00Z,200,0.499,s,agent-1,ap-south-1
svc-search,search-api,2025-05-29T05:00:00Z,200,0.617,s,agent-1,ap-south-1
svc-reports,reports-api,2025-05-27T06:45:00Z,200,591,ms,agent-1,ap-south-1
svc-payments,payments-api,1748548800,200,,ms,agent-1,ap-south-1
svc-reports,reports-api,2025-05-31T10:30:00Z,200,692,ms,agent-1,ap-south-1
svc-notify,notify-worker,2025-05-29T07:15:00Z,200,148,ms,agent-1,ap-south-1
svc-reports,reports-api,2025-05-23T09:00:00Z,200,672,ms,agent-1,ap-south-1
svc-notify,notify-worker,2025-05-27T18:30:00Z,200,147,ms,agent-2,ap-south-1
svc-reports,reports-api,2025-05-21T04:15:00Z,200,625,ms,agent-1,ap-south-1
svc-payments,payments-api,2025-05-24T13:45:00Z,200,427,ms,agent-1,ap-south-1
svc-auth,auth-api,2025-05-30T16:30:00Z,200,101,ms,agent-1,ap-south-1
svc-notify,notify-worker,2025-05-26T14:45:00Z,200,100,ms,agent-1,ap-south-1
svc-reports,reports-api,2025-05-30T07:30:00Z,200,622,ms,agent-1,ap-south-1
svc-reports,reports-api,1747834200,200,505,ms,agent-1,ap-south-1
svc-notify,notify-worker,2025-05-27T18:15:00Z,200,122,ms,agent-1,ap-south-1
svc-reports,reports-api,2025-05-31T01:15:00Z,200,792,ms,agent-1,ap-south-1
svc-payments,payments-api,2025-06-01T12:00:00Z,200,269,ms,agent-1,ap-south-1
svc-search,search-api,2025-06-01T14:30:00Z,200,0.555,s,agent-1,ap-south-1
svc-auth,auth-api,2025-05-27T07:30:00Z,200,147,ms,agent-1,ap-south-1
svc-reports,reports-api,2025-05-26T09:45:00Z,200,667,ms,agent-1,ap-south-1
svc-notify,notify-worker,2025-05-23T18:00:00Z,200,122,ms,agent-1,ap-south-1
svc-search,search-api,2025-05-20T06:45:00Z,200,0.464,s,agent-1,ap-south-1
svc-notify,notify-worker,2025-05-20T14:15:00Z,200,146,ms,agent-1,ap-south-1
svc-reports,reports-api,2025-05-26T07:45:00Z,200,767,ms,agent-1,ap-south-1
svc-payments,payments-api,2025-05-19T18:45:00Z,200,396,ms,agent-1,ap-south-1
svc-reports,reports-api,2025-05-23T19:00:00Z,200,521,ms,agent-1,ap-south-1
svc-search,search-api,2025-06-01T17:30:00Z,200,0.607,s,agent-1,ap-south-1
svc-notify,notify-worker,2025-05-25T05:30:00Z,200,87,ms,agent-1,ap-south-1
svc-reports,reports-api,2025-05-20T18:45:00Z,200,513,ms,agent-1,ap-south-1
svc-auth,auth-api,2025-05-24T07:00:00Z,200,142,ms,agent-1,ap-south-1
svc-search,search-api,2025-05-26T16:30:00Z,200,0.708,s,agent-1,ap-south-1
svc-notify,notify-worker,2025-05-25T02:15:00Z,200,147,ms,agent-1,ap-south-1
svc-notify,notify-worker,2025-05-20T05:00:00Z,200,95,ms,agent-1,ap-south-1
svc-payments,payments-api,2025-05-29T18:45:00Z,200,309,ms,agent-2,ap-south-1
svc-search,search-api,2025-05-25T13:15:00Z,200,0.544,s,agent-1,ap-south-1
svc-search,search-api,2025-05-24T18:00:00Z,200,0.573,s,agent-1,ap-south-1
svc-notify,notify-worker,2025-05-26T16:15:00Z,200,101,ms,agent-1,ap-south-1
svc-reports,reports-api,2025-05-21T20:15:00Z,200,584,ms,agent-1,ap-south-1
svc-payments,payments-api,2025-05-25T15:45:00Z,200,320,ms,agent-1,ap-south-1
svc-auth,auth-api,2025-06-01T20:45:00Z,200,174,ms,agent-1,ap-south-1
svc-reports,reports-api,2025-05-28T19:30:00Z,200,443,ms,agent-1,ap-south-1
svc-auth,auth-api,2025-05-28T19:00:00Z,200,169,ms,agent-1,ap-south-1
svc-payments,payments-api,2025-05-19T04:45:00Z,200,479,ms,agent-1,ap-south-1
svc-auth,auth-api,2025-05-20T08:00:00Z,200,178,ms,agent-1,ap-south-1
svc-payments,payments-api,2025-05-23T20:00:00Z,200,483,ms,agent-1,ap-south-1
svc-notify,notify-worker,2025-05-26T09:00:00Z,200,92,ms,agent-1,ap-south-1
svc-search,search-api,2025-05-25T15:45:00Z,200,0.368,s,agent-1,ap-south-1
svc-search,search-api,2025-05-28T16:30:00Z,200,0.491,s,agent-1,ap-south-1
svc-notify,notify-worker,2025-05-24T08:45:00Z,200,145,ms,agent-1,ap-south-1
svc-reports,reports-api,2025-05-21T01:00:00Z,200,807,ms,agent-1,ap-south-1
svc-reports,reports-api,2025-05-28T00:15:00Z,200,859,ms,agent-1,ap-south-1
svc-search,search-api,2025-05-23T10:15:00Z,200,0.627,s,agent-1,ap-south-1
svc-auth,auth-api,2025-05-31T12:15:00Z,200,137,ms,agent-1,ap-south-1
svc-notify,notify-worker,2025-05-21T10:30:00Z,200,108,ms,agent-1,ap-south-1
svc-search,search-api,2025-05-24T03:30:00Z,200,0.432,s,agent-1,ap-south-1
svc-payments,payments-api,2025-05-19T12:45:00Z,200,456,ms,agent-1,ap-south-1
svc-payments,payments-api,2025-05-21T23:15:00Z,200,478,ms,agent-1,ap-south-1
svc-auth,auth-api,2025-05-19T21:30:00Z,200,100,ms,agent-1,ap-south-1
svc-auth,auth-api,2025-05-21T13:45:00Z,200,187,ms,agent-1,ap-south-1
svc-reports,reports-api,2025-06-01T07:15:00Z,200,641,ms,agent-1,ap-south-1
svc-notify,notify-worker,2025-05-31T04:00:00Z,200,140,ms,agent-1,ap-south-1
svc-notify,notify-worker,2025-05-28T06:15:00Z,200,145,ms,agent-1,ap-south-1
svc-notify,notify-worker,2025-05-26T14:15:00Z,200,94,ms,agent-1,ap-south-1
svc-auth,auth-api,2025-05-24T11:30:00Z,200,98,ms,agent-1,ap-south-1
svc-search,search-api,2025-06-01T13:00:00Z,200,0.589,s,agent-1,ap-south-1
svc-notify,notify-worker,2025-05-26T07:45:00Z,200,79,ms,agent-1,ap-south-1
svc-search,search-api,2025-05-20T01:15:00Z,200,0.425,s,agent-1,ap-south-1
svc-payments,payments-api,2025-05-28T04:15:00Z,200,289,ms,agent-1,ap-south-1
svc-payments,payments-api,2025-05-26T12:45:00Z,200,308,ms,agent-1,ap-south-1
svc-notify,notify-worker,2025-05-29T12:45:00Z,200,121,ms,agent-1,ap-south-1
svc-notify,notify-worker,2025-05-22T10:45:00Z,200,89,ms,agent-1,ap-south-1
svc-notify,notify-worker,2025-05-28T03:30:00Z,200,85,ms,agent-1,ap-south-1
svc-auth,auth-api,2025-05-22T19:15:00Z,200,102,ms,agent-1,ap-south-1
svc-auth,auth-api,2025-05-26T08:15:00Z,200,158,ms,agent-1,ap-south-1
svc-notify,notify-worker,2025-05-23T08:30:00Z,200,94,ms,agent-1,ap-south-1
svc-notify,notify-worker,2025-05-29T11:30:00Z,200,141,ms,agent-1,ap-south-1
svc-notify,notify-worker,2025-05-27T08:00:00Z,200,129,ms,agent-1,ap-south-1
svc-auth,auth-api,2025-05-30T01:45:00Z,200,177,ms,agent-1,ap-south-1
svc-auth,auth-api,2025-05-31T11:45:00Z,200,99,ms,agent-1,ap-south-1
svc-search,search-api,2025-05-25T08:00:00Z,200,0.719,s,agent-1,ap-south-1
svc-auth,auth-api,2025-05-31T02:00:00Z,200,152,ms,agent-1,ap-south-1
svc-search,search-api,1748430900,200,0.393,s,agent-1,ap-south-1
svc-notify,notify-worker,2025-05-19T11:15:00Z,200,104,ms,agent-1,ap-south-1
svc-auth,auth-api,2025-05-27T14:15:00Z,200,104,ms,agent-1,ap-south-1
svc-search,search-api,2025-06-01T20:45:00Z,200,0.527,s,agent-1,ap-south-1
svc-payments,payments-api,2025-05-23T07:30:00Z,200,311,ms,agent-1,ap-south-1
svc-search,search-api,2025-05-28T07:45:00Z,200,0.383,s,agent-1,ap-south-1
svc-auth,auth-api,2025-06-01T01:00:00Z,200,191,ms,agent-1,ap-south-1
svc-search,search-api,2025-06-01T09:30:00Z,200,0.423,s,agent-1,ap-south-1
svc-notify,notify-worker,2025-05-22T21:30:00Z,200,111,ms,agent-1,ap-south-1
svc-search,search-api,2025-05-19T22:15:00Z,200,0.672,s,agent-1,ap-south-1
svc-notify,notify-worker,2025-05-25T13:00:00Z,200,92,ms,agent-1,ap-south-1
svc-payments,payments-api,2025-05-30T02:00:00Z,200,480,ms,agent-1,ap-south-1
svc-auth,auth-api,2025-05-23T05:30:00Z,200,136,ms,agent-2,ap-south-1
svc-reports,reports-api,2025-05-19T19:45:00Z,200,460,ms,agent-1,ap-south-1
svc-auth,auth-api,2025-05-28T20:00:00Z,200,162,ms,agent-1,ap-south-1
svc-notify,notify-worker,2025-05-27T01:30:00Z,200,109,ms,agent-1,ap-south-1
svc-notify,notify-worker,2025-05-20T20:15:00Z,200,88,ms,agent-1,ap-south-1
svc-search,search-api,2025-05-29T09:15:00Z,200,0.697,s,agent-1,ap-south-1
svc-auth,auth-api,2025-05-27T05:30:00Z,200,101,ms,agent-1,ap-south-1
svc-notify,notify-worker,2025-05-23T13:15:00Z,200,130,ms,agent-1,ap-south-1
svc-payments,payments-api,2025-06-01T18:30:00Z,200,444,ms,agent-1,ap-south-1
svc-auth,auth-api,2025-05-31T17:00:00Z,200,,ms,agent-1,ap-south-1
svc-search,search-api,2025-05-26T03:45:00Z,200,0.598,s,agent-1,ap-south-1
svc-payments,payments-api,2025-05-27T00:45:00Z,200,451,ms,agent-1,ap-south-1
svc-notify,notify-worker,2025-05-22T20:15:00Z,200,140,ms,agent-1,ap-south-1
svc-search,search-api,2025-05-20T16:15:00Z,200,0.704,s,agent-1,ap-south-1
svc-auth,auth-api,2025-05-31T12:30:00Z,200,128,ms,agent-1,ap-south-1
svc-search,search-api,2025-05-26T16:15:00Z,200,0.662,s,agent-2,ap-south-1
svc-reports,reports-api,2025-05-31T16:45:00Z,200,503,ms,agent-1,ap-south-1
svc-payments,payments-api,2025-05-24T23:30:00Z,200,430,ms,agent-1,ap-south-1
svc-payments,payments-api,2025-05-21T01:30:00Z,200,381,ms,agent-1,ap-south-1
svc-notify,notify-worker,2025-05-30T23:45:00Z,200,133,ms,agent-1,ap-south-1
svc-reports,reports-api,2025-05-30T11:15:00Z,200,594,ms,agent-1,ap-south-1
svc-search,search-api,2025-05-25T01:45:00Z,200,0.649,s,agent-1,ap-south-1
svc-search,search-api,2025-05-31T11:00:00Z,999,0.632,s,agent-1,ap-south-1
svc-notify,notify-worker,2025-05-27T15:15:00Z,200,127,ms,agent-1,ap-south-1
svc-payments,payments-api,2025-05-23T15:30:00Z,200,282,ms,agent-1,ap-south-1
svc-reports,reports-api,2025-05-24T06:15:00Z,200,747,ms,agent-1,ap-south-1
svc-notify,notify-worker,2025-05-19T10:15:00Z,200,133,ms,agent-1,ap-south-1
svc-payments,payments-api,2025-05-31T21:15:00Z,200,280,ms,agent-1,ap-south-1
svc-search,search-api,2025-05-27T17:45:00Z,200,0.363,s,agent-1,ap-south-1
svc-payments,payments-api,2025-05-25T15:00:00Z,200,322,ms,agent-1,ap-south-1
svc-search,search-api,1748249100,200,0.429,s,agent-1,ap-south-1
svc-auth,auth-api,2025-05-20T16:45:00Z,200,165,ms,agent-1,ap-south-1
svc-notify,notify-worker,2025-05-23T04:15:00Z,200,124,ms,agent-1,ap-south-1
svc-reports,reports-api,2025-05-22T21:30:00Z,200,816,ms,agent-1,ap-south-1
svc-payments,payments-api,2025-05-24T15:00:00Z,200,333,ms,agent-1,ap-south-1
svc-reports,reports-api,2025-06-01T04:30:00Z,200,669,ms,agent-1,ap-south-1
svc-payments,payments-api,2025-05-26T06:45:00Z,200,483,ms,agent-1,ap-south-1
svc-payments,payments-api,2025-05-23T18:30:00Z,200,375,ms,agent-1,ap-south-1
svc-auth,auth-api,2025-06-01T06:15:00Z,200,173,ms,agent-1,ap-south-1
svc-auth,auth-api,2025-06-01T23:45:00Z,200,143,ms,agent-1,ap-south-1
svc-reports,reports-api,2025-06-01T14:00:00Z,200,695,ms,agent-1,ap-south-1
svc-auth,auth-api,2025-05-19T08:00:00Z,200,125,ms,agent-1,ap-south-1
svc-reports,reports-api,2025-05-21T05:15:00Z,200,513,ms,agent-1,ap-south-1
svc-reports,reports-api,2025-05-20T14:15:00Z,200,457,ms,agent-1,ap-south-1
svc-payments,payments-api,2025-05-27T14:00:00Z,200,450,ms,agent-1,ap-south-1
svc-auth,auth-api,2025-06-01T13:30:00Z,200,119,ms,agent-1,ap-south-1
svc-auth,auth-api,2025-05-31T23:45:00Z,200,174,ms,agent-1,ap-south-1
svc-notify,notify-worker,2025-05-23T17:00:00Z,200,132,ms,agent-1,ap-south-1
svc-auth,auth-api,2025-05-31T09:30:00Z,200,163,ms,agent-1,ap-south-1
svc-payments,payments-api,2025-05-29T02:15:00Z,200,,ms,agent-1,ap-south-1
svc-reports,reports-api,2025-05-19T05:30:00Z,200,787,ms,agent-1,ap-south-1
svc-auth,auth-api,2025-05-29T10:15:00Z,200,154,ms,agent-1,ap-south-1
svc-reports,reports-api,2025-05-22T02:30:00Z,200,798,ms,agent-1,ap-south-1
svc-search,search-api,2025-05-25T03:15:00Z,200,0.414,s,agent-1,ap-south-1
svc-reports,reports-api,2025-05-28T06:15:00Z,200,848,ms,agent-1,ap-south-1
svc-auth,auth-api,2025-05-19T00:30:00Z,200,154,ms,agent-1,ap-south-1
svc-reports,reports-api,2025-05-27T03:15:00Z,200,499,ms,agent-1,ap-south-1
svc-notify,notify-worker,2025-05-21T09:00:00Z,200,133,ms,agent-1,ap-south-1
svc-notify,notify-worker,2025-05-31T21:45:00Z,200,96,ms,agent-1,ap-south-1
svc-search,search-api,2025-05-21T08:30:00Z,200,0.454,s,agent-1,ap-south-1
svc-search,search-api,2025-05-22T00:15:00Z,200,0.523,s,agent-1,ap-south-1
svc-search,search-api,2025-05-21T10:45:00Z,200,0.649,s,agent-1,ap-south-1
svc-auth,auth-api,2025-05-30T03:00:00Z,200,159,ms,agent-1,ap-south-1
svc-search,search-api,2025-05-22T16:15:00Z,200,0.447,s,agent-1,ap-south-1
svc-auth,auth-api,2025-05-19T00:15:00Z,200,115,ms,agent-1,ap-south-1
svc-reports,reports-api,2025-05-25T02:00:00Z,200,693,ms,agent-1,ap-south-1
svc-auth,auth-api,2025-05-27T13:15:00Z,200,178,ms,agent-1,ap-south-1
svc-payments,payments-api,2025-05-24T06:00:00Z,200,334,ms,agent-2,ap-south-1
svc-search,search-api,2025-05-31T13:00:00Z,200,0.394,s,agent-1,ap-south-1
svc-notify,notify-worker,2025-05-26T20:15:00Z,200,113,ms,agent-2,ap-south-1
svc-auth,auth-api,2025-05-26T14:00:00Z,200,128,ms,agent-1,ap-south-1
svc-search,search-api,2025-05-23T03:00:00Z,200,0.492,s,agent-1,ap-south-1
svc-reports,reports-api,2025-05-26T21:30:00Z,200,634,ms,agent-1,ap-south-1
svc-payments,payments-api,2025-05-26T06:30:00Z,200,372,ms,agent-2,ap-south-1
svc-auth,auth-api,2025-05-24T16:45:00Z,200,184,ms,agent-1,ap-south-1
svc-auth,auth-api,2025-05-29T09:30:00Z,200,141,ms,agent-1,ap-south-1
svc-notify,notify-worker,2025-05-31T18:15:00Z,200,84,ms,agent-2,ap-south-1
svc-auth,auth-api,2025-05-23T23:30:00Z,200,169,ms,agent-1,ap-south-1
svc-notify,notify-worker,2025-05-24T16:15:00Z,200,106,ms,agent-1,ap-south-1
svc-payments,payments-api,2025-05-24T23:45:00Z,200,481,ms,agent-1,ap-south-1
svc-payments,payments-api,2025-05-19T22:15:00Z,200,459,ms,agent-1,ap-south-1
svc-payments,payments-api,2025-05-22T18:00:00Z,200,294,ms,agent-1,ap-south-1
svc-notify,notify-worker,2025-05-28T10:45:00Z,200,113,ms,agent-1,ap-south-1
svc-search,search-api,2025-05-31T13:30:00Z,200,0.649,s,agent-2,ap-south-1
svc-payments,payments-api,2025-05-28T23:15:00Z,200,397,ms,agent-1,ap-south-1
svc-notify,notify-worker,2025-05-20T21:00:00Z,200,101,ms,agent-1,ap-south-1
svc-auth,auth-api,2025-05-24T11:45:00Z,200,147,ms,agent-1,ap-south-1
svc-search,search-api,2025-06-01T02:45:00Z,200,0.577,s,agent-1,ap-south-1
svc-search,search-api,2025-05-29T05:15:00Z,200,0.626,s,agent-1,ap-south-1
svc-auth,auth-api,2025-05-26T08:45:00Z,200,174,ms,agent-1,ap-south-1
svc-reports,reports-api,1747881900,200,802,ms,agent-1,ap-south-1
svc-reports,reports-api,2025-05-25T14:30:00Z,200,608,ms,agent-1,ap-south-1
svc-search,search-api,2025-05-31T06:00:00Z,200,0.439,s,agent-1,ap-south-1
svc-notify,notify-worker,2025-05-22T13:30:00Z,200,84,ms,agent-1,ap-south-1
svc-search,search-api,2025-05-20T00:15:00Z,200,0.448,s,agent-1,ap-south-1
svc-auth,auth-api,2025-05-21T09:45:00Z,200,173,ms,agent-1,ap-south-1
svc-payments,payments-api,2025-05-26T06:15:00Z,200,300,ms,agent-1,ap-south-1
svc-auth,auth-api,1748187000,200,126,ms,agent-1,ap-south-1
svc-notify,notify-worker,2025-05-20T05:15:00Z,200,90,ms,agent-1,ap-south-1
svc-search,search-api,2025-05-24T02:00:00Z,200,0.689,s,agent-1,ap-south-1
svc-notify,notify-worker,1748528100,200,142,ms,agent-1,ap-south-1
svc-search,search-api,2025-05-25T11:15:00Z,200,0.583,s,agent-1,ap-south-1
svc-search,search-api,2025-05-30T06:00:00Z,200,0.525,s,agent-1,ap-south-1
svc-reports,reports-api,2025-05-21T04:30:00Z,200,613,ms,agent-1,ap-south-1
svc-payments,payments-api,2025-05-30T17:00:00Z,200,490,ms,agent-1,ap-south-1
svc-payments,payments-api,2025-05-21T19:45:00Z,200,381,ms,agent-1,ap-south-1
svc-auth,auth-api,2025-05-31T08:45:00Z,200,158,ms,agent-1,ap-south-1
svc-search,search-api,2025-05-22T10:30:00Z,200,0.531,s,agent-2,ap-south-1
svc-search,search-api,2025-05-22T17:45:00Z,200,0.398,s,agent-1,ap-south-1
svc-payments,payments-api,2025-05-25T03:45:00Z,200,480,ms,agent-1,ap-south-1
svc-auth,auth-api,2025-05-29T23:15:00Z,200,187,ms,agent-1,ap-south-1
svc-payments,payments-api,2025-05-25T07:45:00Z,200,373,ms,agent-1,ap-south-1
svc-search,search-api,2025-05-22T14:45:00Z,200,0.626,s,agent-1,ap-south-1
svc-notify,notify-worker,2025-05-19T22:45:00Z,200,123,ms,agent-1,ap-south-1
svc-notify,notify-worker,2025-05-20T07:45:00Z,200,137,ms,agent-1,ap-south-1
svc-auth,auth-api,2025-05-26T07:15:00Z,200,116,ms,agent-1,ap-south-1
svc-payments,payments-api,2025-05-27T20:45:00Z,200,371,ms,agent-1,ap-south-1
svc-search,search-api,2025-05-22T04:45:00Z,200,0.7,s,agent-1,ap-south-1
svc-notify,notify-worker,2025-05-28T12:30:00Z,200,133,ms,agent-1,ap-south-1
svc-notify,notify-worker,2025-05-25T11:45:00Z,200,145,ms,agent-1,ap-south-1
svc-search,search-api,2025-06-01T19:00:00Z,200,0.596,s,agent-1,ap-south-1
svc-reports,reports-api,2025-05-22T12:00:00Z,200,515,ms,agent-1,ap-south-1
svc-notify,notify-worker,2025-05-28T00:00:00Z,200,98,ms,agent-1,ap-south-1
svc-reports,reports-api,2025-05-25T01:45:00Z,200,523,ms,agent-1,ap-south-1
svc-auth,auth-api,2025-06-01T08:15:00Z,200,109,ms,agent-1,ap-south-1
svc-search,search-api,2025-05-20T19:00:00Z,200,0.677,s,agent-1,ap-south-1
svc-search,search-api,2025-05-19T09:45:00Z,200,0.477,s,agent-1,ap-south-1
svc-auth,auth-api,2025-05-28T02:00:00Z,200,174,ms,agent-1,ap-south-1
svc-search,search-api,2025-05-22T04:30:00+05:30,200,0.575,s,agent-1,ap-south-1
svc-auth,auth-api,2025-05-24T03:00:00Z,200,164,ms,agent-1,ap-south-1
svc-search,search-api,2025-05-29T14:00:00Z,200,0.368,s,agent-1,ap-south-1
svc-reports,reports-api,2025-05-31T19:15:00Z,200,584,ms,agent-1,ap-south-1
svc-search,search-api,2025-05-19T22:30:00Z,200,0.427,s,agent-1,ap-south-1
svc-auth,auth-api,2025-05-31T05:00:00Z,200,173,ms,agent-1,ap-south-1
svc-notify,notify-worker,2025-05-22T19:15:00Z,200,136,ms,agent-2,ap-south-1
svc-search,search-api,2025-05-20T09:45:00Z,200,0.442,s,agent-1,ap-south-1
svc-reports,reports-api,2025-05-19T11:45:00Z,200,649,ms,agent-1,ap-south-1
svc-notify,notify-worker,1747909800,200,107,ms,agent-1,ap-south-1
svc-reports,reports-api,2025-05-29T07:30:00Z,200,602,ms,agent-1,ap-south-1
svc-auth,auth-api,2025-05-19T10:30:00Z,200,188,ms,agent-1,ap-south-1
svc-reports,reports-api,1748205900,200,530,ms,agent-1,ap-south-1
svc-reports,reports-api,2025-05-21T11:15:00Z,200,764,ms,agent-1,ap-south-1
svc-reports,reports-api,2025-05-27T10:00:00Z,200,626,ms,agent-1,ap-south-1
svc-auth,auth-api,2025-05-20T01:00:00Z,200,164,ms,agent-1,ap-south-1
svc-payments,payments-api,2025-05-25T11:30:00Z,200,457,ms,agent-1,ap-south-1
svc-notify,notify-worker,2025-05-23T22:15:00Z,200,141,ms,agent-1,ap-south-1
svc-auth,auth-api,2025-05-31T03:45:00Z,200,163,ms,agent-1,ap-south-1
svc-search,search-api,2025-05-21T00:00:00Z,200,0.42,s,agent-1,ap-south-1
svc-payments,payments-api,2025-05-19T07:30:00Z,200,452,ms,agent-1,ap-south-1
svc-auth,auth-api,2025-05-23T22:15:00Z,200,135,ms,agent-1,ap-south-1
svc-payments,payments-api,2025-05-31T19:15:00Z,200,257,ms,agent-1,ap-south-1
svc-auth,auth-api,2025-05-25T06:30:00Z,200,148,ms,agent-1,ap-south-1
svc-auth,auth-api,2025-05-25T17:15:00Z,200,111,ms,agent-1,ap-south-1
svc-auth,auth-api,2025-05-22T07:45:00Z,200,186,ms,agent-1,ap-south-1
svc-reports,reports-api,2025-05-27T23:15:00Z,200,823,ms,agent-1,ap-south-1
svc-notify,notify-worker,2025-05-24T04:15:00Z,200,143,ms,agent-1,ap-south-1
svc-search,search-api,2025-05-20T13:00:00Z,200,0.372,s,agent-1,ap-south-1
svc-auth,auth-api,2025-06-01T05:15:00Z,503,166,ms,agent-1,ap-south-1
svc-payments,payments-api,2025-05-29T08:15:00Z,200,431,ms,agent-1,ap-south-1
svc-search,search-api,2025-05-31T09:45:00Z,200,0.394,s,agent-1,ap-south-1
svc-notify,notify-worker,2025-05-23T11:00:00Z,200,94,ms,agent-1,ap-south-1
svc-auth,auth-api,2025-05-29T00:15:00Z,200,188,ms,agent-1,ap-south-1
svc-payments,payments-api,2025-05-20T22:15:00Z,200,249,ms,agent-1,ap-south-1
svc-reports,reports-api,2025-05-31T07:45:00Z,200,456,ms,agent-1,ap-south-1
svc-reports,reports-api,2025-05-23T21:00:00Z,200,856,ms,agent-1,ap-south-1
svc-search,search-api,2025-05-24T04:30:00Z,200,0.708,s,agent-1,ap-south-1
svc-notify,notify-worker,2025-05-28T08:15:00Z,200,115,ms,agent-1,ap-south-1
svc-notify,notify-worker,2025-05-19T12:00:00Z,200,144,ms,agent-1,ap-south-1
svc-auth,auth-api,2025-05-19T18:45:00Z,200,161,ms,agent-1,ap-south-1
svc-payments,payments-api,2025-05-20T17:30:00Z,200,434,ms,agent-1,ap-south-1
svc-reports,reports-api,2025-05-19T11:15:00Z,200,814,ms,agent-1,ap-south-1
svc-notify,notify-worker,2025-05-30T20:30:00Z,200,85,ms,agent-1,ap-south-1
svc-reports,reports-api,2025-05-20T07:45:00Z,200,485,ms,agent-1,ap-south-1
svc-auth,auth-api,2025-05-30T00:00:00Z,200,114,ms,agent-1,ap-south-1
svc-notify,notify-worker,2025-05-21T14:30:00Z,200,116,ms,agent-1,ap-south-1
svc-payments,payments-api,2025-05-27T03:15:00Z,200,373,ms,agent-1,ap-south-1
svc-payments,payments-api,2025-05-19T10:45:00Z,200,312,ms,agent-1,ap-south-1
svc-reports,reports-api,2025-05-20T08:00:00Z,200,547,ms,agent-1,ap-south-1
svc-search,search-api,2025-05-31T17:00:00Z,200,0.569,s,agent-1,ap-south-1
svc-reports,reports-api,2025-05-27T00:00:00Z,200,497,ms,agent-1,ap-south-1
svc-search,search-api,2025-05-28T03:45:00Z,200,0.591,s,agent-1,ap-south-1
svc-notify,notify-worker,2025-06-01T00:45:00Z,200,122,ms,agent-1,ap-south-1
svc-payments,payments-api,2025-05-22T06:00:00Z,200,467,ms,agent-1,ap-south-1
svc-reports,reports-api,2025-05-24T22:30:00Z,503,685,ms,agent-1,ap-south-1
svc-auth,auth-api,2025-05-27T10:45:00Z,200,101,ms,agent-1,ap-south-1
svc-reports,reports-api,2025-05-23T15:00:00Z,200,606,ms,agent-1,ap-south-1
svc-notify,notify-worker,2025-05-24T17:45:00Z,200,82,ms,agent-1,ap-south-1
svc-payments,payments-api,2025-05-20T10:45:00Z,200,490,ms,agent-1,ap-south-1
svc-payments,payments-api,2025-05-31T01:30:00Z,200,281,ms,agent-1,ap-south-1
svc-notify,notify-worker,2025-05-23T00:30:00Z,200,115,ms,agent-1,ap-south-1
svc-payments,payments-api,2025-05-23T13:15:00Z,200,473,ms,agent-1,ap-south-1
svc-notify,notify-worker,2025-05-23T13:00:00Z,200,115,ms,agent-1,ap-south-1
svc-reports,reports-api,2025-05-19T05:15:00Z,200,627,ms,agent-1,ap-south-1
svc-search,search-api,2025-05-25T23:45:00Z,200,0.718,s,agent-1,ap-south-1
svc-search,search-api,2025-05-30T05:45:00Z,200,0.51,s,agent-1,ap-south-1
svc-reports,reports-api,2025-05-30T10:15:00Z,200,489,ms,agent-1,ap-south-1
svc-notify,notify-worker,2025-05-24T10:45:00Z,200,98,ms,agent-1,ap-south-1
svc-reports,reports-api,2025-05-26T05:00:00Z,200,725,ms,agent-1,ap-south-1
svc-auth,auth-api,2025-05-21T19:15:00Z,200,169,ms,agent-1,ap-south-1
svc-search,search-api,2025-05-30T23:45:00Z,200,0.467,s,agent-1,ap-south-1
svc-search,search-api,2025-05-30T10:15:00Z,200,0.42,s,agent-2,ap-south-1
svc-auth,auth-api,2025-05-27T04:45:00+05:30,200,143,ms,agent-1,ap-south-1
svc-payments,payments-api,2025-05-28T03:00:00Z,200,408,ms,agent-1,ap-south-1
svc-payments,payments-api,2025-05-20T12:45:00Z,200,309,ms,agent-1,ap-south-1
svc-reports,reports-api,2025-05-31T05:00:00Z,200,524,ms,agent-1,ap-south-1
svc-payments,payments-api,2025-05-24T19:00:00Z,200,403,ms,agent-2,ap-south-1
svc-search,search-api,2025-05-25T14:15:00Z,200,0.56,s,agent-1,ap-south-1
svc-payments,payments-api,1748232000,200,250,ms,agent-1,ap-south-1
svc-search,search-api,2025-05-19T08:45:00Z,200,0.493,s,agent-1,ap-south-1
svc-payments,payments-api,2025-05-30T16:45:00Z,200,344,ms,agent-1,ap-south-1
svc-search,search-api,2025-05-23T15:30:00Z,200,0.389,s,agent-1,ap-south-1
svc-reports,reports-api,2025-05-26T11:00:00Z,200,803,ms,agent-1,ap-south-1
svc-search,search-api,2025-06-01T03:15:00Z,200,0.57,s,agent-1,ap-south-1
svc-auth,auth-api,2025-05-23T08:15:00Z,200,133,ms,agent-1,ap-south-1
svc-auth,auth-api,2025-05-26T06:15:00Z,200,117,ms,agent-1,ap-south-1
svc-auth,auth-api,2025-05-28T23:45:00Z,200,145,ms,agent-1,ap-south-1
svc-auth,auth-api,2025-05-21T14:45:00Z,200,173,ms,agent-1,ap-south-1
svc-auth,auth-api,2025-05-21T15:15:00Z,200,160,ms,agent-1,ap-south-1
svc-notify,notify-worker,2025-05-29T08:15:00Z,200,99,ms,agent-1,ap-south-1
svc-auth,auth-api,2025-05-31T21:30:00Z,200,169,ms,agent-2,ap-south-1
svc-notify,notify-worker,2025-05-20T02:45:00Z,200,101,ms,agent-1,ap-south-1
svc-auth,auth-api,2025-05-20T05:00:00Z,200,172,ms,agent-1,ap-south-1
svc-search,search-api,1748145600,200,0.646,s,agent-1,ap-south-1
svc-search,search-api,2025-05-22T21:00:00Z,200,0.478,s,agent-1,ap-south-1
svc-notify,notify-worker,2025-05-22T12:00:00Z,200,158,ms,agent-2,ap-south-1
svc-notify,notify-worker,2025-05-19T20:30:00Z,200,124,ms,agent-1,ap-south-1
svc-payments,payments-api,2025-05-21T09:15:00Z,200,249,ms,agent-1,ap-south-1
svc-search,search-api,2025-05-25T12:45:00Z,200,0.513,s,agent-1,ap-south-1
svc-reports,reports-api,2025-05-21T23:15:00Z,200,474,ms,agent-2,ap-south-1
svc-payments,payments-api,2025-05-26T12:45:00Z,200,291,ms,agent-2,ap-south-1
svc-notify,notify-worker,2025-05-27T01:45:00Z,200,140,ms,agent-1,ap-south-1
svc-reports,reports-api,2025-05-30T12:30:00Z,200,566,ms,agent-1,ap-south-1
svc-notify,notify-worker,2025-05-22T19:15:00Z,200,145,ms,agent-1,ap-south-1
svc-payments,payments-api,2025-05-22T00:15:00Z,200,328,ms,agent-1,ap-south-1
svc-payments,payments-api,2025-05-29T10:45:00Z,200,421,ms,agent-1,ap-south-1
svc-search,search-api,2025-05-20T10:00:00Z,200,0.664,s,agent-1,ap-south-1
svc-notify,notify-worker,2025-05-31T18:15:00Z,200,83,ms,agent-1,ap-south-1
svc-notify,notify-worker,2025-05-30T02:45:00Z,200,88,ms,agent-1,ap-south-1
svc-search,search-api,2025-05-30T21:45:00Z,200,0.452,s,agent-1,ap-south-1
svc-search,search-api,2025-05-26T15:15:00Z,200,0.43,s,agent-1,ap-south-1
svc-search,search-api,2025-05-26T04:30:00Z,200,0.647,s,agent-1,ap-south-1
svc-notify,notify-worker,2025-05-23T03:15:00Z,200,95,ms,agent-1,ap-south-1
svc-search,search-api,2025-05-19T04:30:00Z,200,0.487,s,agent-1,ap-south-1
svc-reports,reports-api,2025-06-01T21:30:00Z,200,,ms,agent-1,ap-south-1
svc-payments,payments-api,2025-05-21T07:30:00Z,200,336,ms,agent-1,ap-south-1
svc-reports,reports-api,2025-05-22T00:00:00Z,200,847,ms,agent-1,ap-south-1
svc-auth,auth-api,2025-05-23T20:45:00Z,200,97,ms,agent-2,ap-south-1
svc-payments,payments-api,2025-05-27T03:45:00Z,200,441,ms,agent-1,ap-south-1
svc-auth,auth-api,2025-05-20T14:45:00Z,200,,ms,agent-1,ap-south-1
svc-notify,notify-worker,2025-05-28T19:15:00Z,200,141,ms,agent-1,ap-south-1
svc-payments,payments-api,2025-05-24T14:15:00Z,200,442,ms,agent-1,ap-south-1
svc-reports,reports-api,2025-05-21T01:15:00Z,200,616,ms,agent-1,ap-south-1
svc-notify,notify-worker,2025-05-21T13:00:00Z,200,143,ms,agent-1,ap-south-1
svc-notify,notify-worker,2025-05-22T15:30:00Z,200,138,ms,agent-1,ap-south-1
svc-reports,reports-api,2025-05-31T21:00:00Z,200,458,ms,agent-1,ap-south-1
svc-reports,reports-api,2025-05-25T01:00:00Z,200,701,ms,agent-1,ap-south-1
svc-payments,payments-api,2025-05-31T23:00:00Z,200,489,ms,agent-1,ap-south-1
svc-reports,reports-api,2025-05-21T12:15:00Z,200,629,ms,agent-1,ap-south-1
svc-payments,payments-api,2025-05-30T02:45:00Z,200,343,ms,agent-1,ap-south-1
svc-auth,auth-api,2025-05-26T00:45:00Z,200,171,ms,agent-1,ap-south-1
svc-notify,notify-worker,2025-05-26T23:15:00Z,200,122,ms,agent-1,ap-south-1
svc-notify,notify-worker,2025-05-29T07:30:00Z,200,91,ms,agent-1,ap-south-1
svc-reports,reports-api,2025-05-22T10:00:00Z,200,699,ms,agent-1,ap-south-1
svc-notify,notify-worker,2025-05-31T10:45:00Z,200,112,ms,agent-1,ap-south-1
svc-reports,reports-api,2025-05-25T07:30:00Z,200,551,ms,agent-1,ap-south-1
svc-notify,notify-worker,2025-05-22T08:30:00Z,200,84,ms,agent-1,ap-south-1
svc-auth,auth-api,2025-05-26T19:00:00Z,200,98,ms,agent-1,ap-south-1
svc-notify,notify-worker,2025-05-24T21:00:00Z,200,134,ms,agent-1,ap-south-1
svc-reports,reports-api,2025-05-24T11:00:00Z,503,825,ms,agent-1,ap-south-1
svc-notify,notify-worker,2025-05-22T14:45:00Z,200,146,ms,agent-1,ap-south-1
svc-payments,payments-api,2025-06-01T20:30:00Z,200,476,ms,agent-1,ap-south-1
svc-payments,payments-api,2025-05-28T14:45:00Z,200,398,ms,agent-1,ap-south-1
svc-search,search-api,2025-05-30T20:30:00Z,200,0.623,s,agent-1,ap-south-1
svc-payments,payments-api,2025-05-21T13:45:00Z,200,249,ms,agent-1,ap-south-1
svc-auth,auth-api,2025-05-26T19:30:00Z,200,180,ms,agent-1,ap-south-1
svc-auth,auth-api,2025-05-26T04:45:00Z,200,118,ms,agent-1,ap-south-1
svc-search,search-api,2025-05-26T12:15:00Z,200,0.455,s,agent-1,ap-south-1
svc-notify,notify-worker,2025-05-26T06:15:00Z,200,81,ms,agent-1,ap-south-1
svc-payments,payments-api,2025-05-28T00:15:00Z,200,426,ms,agent-1,ap-south-1
svc-payments,payments-api,2025-05-19T04:30:00Z,200,432,ms,agent-1,ap-south-1
svc-reports,reports-api,2025-05-27T09:15:00Z,200,540,ms,agent-1,ap-south-1
svc-payments,payments-api,2025-05-31T10:15:00Z,200,321,ms,agent-1,ap-south-1
svc-notify,notify-worker,2025-05-29T03:30:00Z,200,94,ms,agent-1,ap-south-1
svc-search,search-api,2025-05-27T06:15:00Z,200,0.446,s,agent-1,ap-south-1
svc-notify,notify-worker,2025-05-30T06:00:00Z,200,81,ms,agent-1,ap-south-1
svc-payments,payments-api,2025-05-23T16:45:00Z,200,272,ms,agent-1,ap-south-1
svc-auth,auth-api,2025-05-30T06:00:00Z,200,146,ms,agent-1,ap-south-1
svc-reports,reports-api,2025-05-31T22:15:00Z,200,443,ms,agent-1,ap-south-1
svc-payments,payments-api,2025-05-19T07:00:00Z,200,400,ms,agent-1,ap-south-1
svc-search,search-api,2025-05-20T04:15:00Z,200,0.483,s,agent-1,ap-south-1
svc-notify,notify-worker,2025-05-28T03:15:00Z,200,137,ms,agent-1,ap-south-1
svc-payments,payments-api,2025-05-27T17:45:00Z,200,410,ms,agent-1,ap-south-1
svc-reports,reports-api,2025-05-19T15:00:00Z,200,502,ms,agent-1,ap-south-1
svc-reports,reports-api,2025-05-28T15:30:00Z,200,856,ms,agent-1,ap-south-1
svc-payments,payments-api,2025-05-29T03:45:00Z,200,306,ms,agent-1,ap-south-1
svc-payments,payments-api,2025-05-24T17:15:00Z,200,405,ms,agent-1,ap-south-1
svc-reports,reports-api,2025-05-23T02:15:00Z,200,472,ms,agent-1,ap-south-1
svc-notify,notify-worker,2025-05-24T14:45:00Z,200,107,ms,agent-1,ap-south-1
svc-payments,payments-api,2025-05-27T13:15:00Z,200,293,ms,agent-1,ap-south-1
svc-search,search-api,2025-05-28T21:45:00Z,200,0.369,s,agent-1,ap-south-1
svc-auth,auth-api,2025-05-19T07:30:00Z,200,112,ms,agent-1,ap-south-1
svc-payments,payments-api,2025-05-22T15:15:00Z,200,417,ms,agent-1,ap-south-1
svc-search,search-api,2025-05-25T06:30:00Z,200,0.597,s,agent-1,ap-south-1
svc-auth,auth-api,2025-05-23T01:15:00Z,200,159,ms,agent-1,ap-south-1
svc-reports,reports-api,2025-05-21T23:30:00Z,200,587,ms,agent-1,ap-south-1
svc-search,search-api,2025-05-19T14:45:00Z,200,0.423,s,agent-1,ap-south-1
svc-reports,reports-api,2025-05-24T16:45:00Z,200,739,ms,agent-1,ap-south-1
svc-search,search-api,2025-05-28T04:45:00Z,200,0.699,s,agent-1,ap-south-1
svc-auth,auth-api,2025-05-30T18:15:00Z,200,129,ms,agent-1,ap-south-1
svc-reports,reports-api,2025-05-28T09:30:00Z,200,810,ms,agent-1,ap-south-1
svc-search,search-api,2025-05-31T01:30:00Z,200,0.47,s,agent-1,ap-south-1
svc-auth,auth-api,2025-05-30T20:00:00Z,200,153,ms,agent-1,ap-south-1
svc-search,search-api,2025-05-19T13:45:00Z,200,0.38,s,agent-1,ap-south-1
svc-search,search-api,2025-05-29T18:15:00Z,200,0.667,s,agent-1,ap-south-1
svc-payments,payments-api,2025-05-30T19:15:00Z,200,288,ms,agent-1,ap-south-1
svc-reports,reports-api,2025-05-31T21:45:00Z,200,760,ms,agent-1,ap-south-1
svc-reports,reports-api,2025-05-25T13:15:00Z,200,488,ms,agent-1,ap-south-1
svc-notify,notify-worker,2025-05-26T21:45:00Z,200,118,ms,agent-1,ap-south-1
svc-reports,reports-api,2025-05-21T20:45:00Z,200,724,ms,agent-1,ap-south-1
svc-search,search-api,2025-05-21T05:45:00Z,200,0.678,s,agent-1,ap-south-1
svc-reports,reports-api,2025-05-26T03:00:00Z,200,515,ms,agent-1,ap-south-1
svc-search,search-api,2025-05-28T01:00:00Z,200,0.588,s,agent-1,ap-south-1
svc-reports,reports-api,2025-05-31T01:00:00Z,200,749,ms,agent-1,ap-south-1
svc-payments,payments-api,2025-05-27T02:15:00Z,200,436,ms,agent-1,ap-south-1
svc-reports,reports-api,2025-05-22T12:15:00Z,200,637,ms,agent-1,ap-south-1
svc-payments,payments-api,2025-05-21T05:00:00Z,200,293,ms,agent-1,ap-south-1
svc-reports,reports-api,2025-05-24T22:00:00Z,200,663,ms,agent-1,ap-south-1
svc-search,search-api,2025-05-22T15:45:00Z,200,0.663,s,agent-1,ap-south-1
svc-notify,notify-worker,2025-05-29T15:30:00Z,200,141,ms,agent-1,ap-south-1
svc-reports,reports-api,2025-05-25T07:00:00Z,200,799,ms,agent-1,ap-south-1
svc-payments,payments-api,2025-05-20T21:30:00Z,200,331,ms,agent-1,ap-south-1
svc-notify,notify-worker,2025-05-21T07:00:00Z,200,98,ms,agent-1,ap-south-1
svc-notify,notify-worker,2025-05-25T21:30:00Z,200,137,ms,agent-1,ap-south-1
svc-search,search-api,2025-05-26T19:15:00Z,200,0.644,s,agent-1,ap-south-1
svc-search,search-api,2025-05-23T04:30:00Z,200,0.436,s,agent-1,ap-south-1
svc-notify,notify-worker,2025-05-28T01:30:00Z,200,150,ms,agent-1,ap-south-1
svc-reports,reports-api,2025-05-25T09:15:00Z,200,697,ms,agent-1,ap-south-1
svc-payments,payments-api,2025-05-21T06:15:00Z,200,456,ms,agent-1,ap-south-1
svc-search,search-api,2025-05-22T02:15:00Z,200,0.573,s,agent-1,ap-south-1
svc-search,search-api,2025-05-28T19:15:00Z,200,0.628,s,agent-1,ap-south-1
svc-reports,reports-api,2025-05-31T15:15:00Z,200,624,ms,agent-1,ap-south-1
svc-notify,notify-worker,2025-05-22T06:45:00Z,200,118,ms,agent-1,ap-south-1
svc-reports,reports-api,2025-05-26T01:30:00Z,200,619,ms,agent-1,ap-south-1
svc-reports,reports-api,2025-05-19T19:30:00Z,200,520,ms,agent-1,ap-south-1
svc-payments,payments-api,2025-05-25T20:15:00Z,200,256,ms,agent-2,ap-south-1
svc-notify,notify-worker,2025-06-01T01:00:00Z,200,126,ms,agent-1,ap-south-1
svc-reports,reports-api,2025-05-28T14:15:00Z,200,492,ms,agent-1,ap-south-1
svc-search,search-api,2025-05-30T14:00:00Z,200,0.559,s,agent-1,ap-south-1
svc-notify,notify-worker,2025-05-30T04:15:00Z,200,77,ms,agent-1,ap-south-1
svc-payments,payments-api,2025-05-20T00:45:00Z,200,441,ms,agent-1,ap-south-1
svc-search,search-api,2025-05-30T18:30:00Z,200,0.681,s,agent-1,ap-south-1
svc-auth,auth-api,2025-05-23T08:30:00Z,200,168,ms,agent-1,ap-south-1
svc-search,search-api,2025-05-23T00:30:00Z,200,0.607,s,agent-1,ap-south-1
svc-reports,reports-api,2025-05-29T09:00:00Z,200,617,ms,agent-1,ap-south-1
svc-notify,notify-worker,2025-05-20T17:00:00Z,200,88,ms,agent-1,ap-south-1
svc-auth,auth-api,2025-05-31T18:45:00Z,200,170,ms,agent-2,ap-south-1
svc-search,search-api,2025-05-23T05:30:00Z,200,0.666,s,agent-2,ap-south-1
svc-payments,payments-api,2025-05-22T14:45:00Z,200,365,ms,agent-1,ap-south-1
svc-auth,auth-api,2025-05-19T02:00:00Z,200,141,ms,agent-1,ap-south-1
svc-auth,auth-api,2025-05-31T14:45:00Z,200,103,ms,agent-1,ap-south-1
svc-reports,reports-api,2025-05-22T23:00:00Z,200,796,ms,agent-2,ap-south-1
svc-notify,notify-worker,2025-05-28T21:45:00Z,200,96,ms,agent-1,ap-south-1
svc-auth,auth-api,2025-05-22T10:00:00Z,200,125,ms,agent-1,ap-south-1
svc-payments,payments-api,2025-05-22T17:45:00Z,200,412,ms,agent-1,ap-south-1
svc-auth,auth-api,2025-05-20T08:15:00Z,200,176,ms,agent-1,ap-south-1
svc-search,search-api,2025-05-27T16:00:00Z,200,0.433,s,agent-1,ap-south-1
svc-reports,reports-api,1747674000,200,544,ms,agent-1,ap-south-1
svc-search,search-api,2025-05-30T17:00:00Z,200,0.679,s,agent-1,ap-south-1
svc-payments,payments-api,2025-05-19T21:45:00Z,200,485,ms,agent-1,ap-south-1
svc-auth,auth-api,2025-05-20T00:00:00Z,200,178,ms,agent-1,ap-south-1
svc-auth,auth-api,2025-05-30T01:30:00Z,200,170,ms,agent-1,ap-south-1
svc-payments,payments-api,2025-05-26T11:00:00Z,200,370,ms,agent-1,ap-south-1
svc-reports,reports-api,2025-05-19T17:45:00Z,200,436,ms,agent-1,ap-south-1
svc-auth,auth-api,2025-05-29T16:15:00Z,200,106,ms,agent-1,ap-south-1
svc-payments,payments-api,2025-05-23T16:45:00Z,200,260,ms,agent-2,ap-south-1
svc-search,search-api,2025-05-29T12:00:00Z,200,0.635,s,agent-2,ap-south-1
svc-reports,reports-api,2025-05-27T06:15:00Z,200,784,ms,agent-1,ap-south-1
svc-payments,payments-api,2025-05-22T19:30:00Z,200,270,ms,agent-2,ap-south-1
svc-notify,notify-worker,2025-05-25T17:30:00Z,200,127,ms,agent-1,ap-south-1
svc-reports,reports-api,2025-05-27T02:45:00Z,200,518,ms,agent-1,ap-south-1
svc-search,search-api,2025-05-26T20:15:00Z,200,0.578,s,agent-1,ap-south-1
svc-search,search-api,2025-05-28T14:15:00Z,200,0.513,s,agent-1,ap-south-1
svc-payments,payments-api,2025-05-22T16:45:00Z,200,254,ms,agent-1,ap-south-1
svc-payments,payments-api,1748681100,200,422,ms,agent-1,ap-south-1
svc-search,search-api,2025-06-01T20:30:00Z,200,0.515,s,agent-2,ap-south-1
svc-auth,auth-api,2025-05-21T02:45:00Z,200,159,ms,agent-1,ap-south-1
svc-auth,auth-api,2025-05-21T12:45:00Z,200,147,ms,agent-1,ap-south-1
svc-reports,reports-api,2025-05-28T18:30:00Z,200,623,ms,agent-1,ap-south-1
svc-payments,payments-api,2025-05-25T02:30:00Z,200,462,ms,agent-1,ap-south-1
svc-payments,payments-api,2025-05-25T14:45:00Z,200,343,ms,agent-1,ap-south-1
svc-auth,auth-api,2025-05-30T06:15:00Z,200,122,ms,agent-1,ap-south-1
svc-search,search-api,2025-05-24T05:45:00Z,200,0.565,s,agent-1,ap-south-1
svc-search,search-api,2025-05-22T20:00:00Z,200,0.563,s,agent-1,ap-south-1
svc-auth,auth-api,2025-05-22T04:00:00Z,200,106,ms,agent-1,ap-south-1
svc-notify,notify-worker,2025-05-27T16:15:00Z,200,84,ms,agent-1,ap-south-1
svc-auth,auth-api,2025-05-23T08:45:00Z,200,108,ms,agent-1,ap-south-1
svc-notify,notify-worker,2025-05-28T20:15:00Z,200,143,ms,agent-1,ap-south-1
svc-reports,reports-api,2025-05-25T03:30:00Z,200,561,ms,agent-1,ap-south-1
svc-search,search-api,2025-06-01T20:30:00Z,200,0.485,s,agent-1,ap-south-1
svc-notify,notify-worker,2025-05-28T03:00:00Z,200,113,ms,agent-1,ap-south-1
svc-reports,reports-api,2025-06-01T04:45:00Z,500,514,ms,agent-2,ap-south-1
svc-payments,payments-api,2025-05-30T06:00:00Z,200,482,ms,agent-1,ap-south-1
svc-payments,payments-api,2025-05-26T12:15:00Z,200,407,ms,agent-1,ap-south-1
svc-reports,reports-api,2025-05-26T09:00:00Z,200,757,ms,agent-1,ap-south-1
svc-auth,auth-api,2025-06-01T13:45:00Z,200,177,ms,agent-1,ap-south-1
svc-notify,notify-worker,2025-05-31T02:00:00Z,200,107,ms,agent-1,ap-south-1
svc-reports,reports-api,2025-05-31T07:15:00Z,200,512,ms,agent-1,ap-south-1
svc-search,search-api,2025-05-22T21:15:00Z,200,0.667,s,agent-1,ap-south-1
svc-payments,payments-api,2025-05-21T12:45:00Z,200,420,ms,agent-1,ap-south-1
svc-reports,reports-api,2025-05-20T01:15:00Z,200,485,ms,agent-1,ap-south-1
svc-auth,auth-api,2025-05-26T14:30:00Z,200,176,ms,agent-1,ap-south-1
svc-search,search-api,2025-05-28T14:15:00Z,200,0.517,s,agent-2,ap-south-1
svc-auth,auth-api,2025-05-23T16:15:00Z,200,160,ms,agent-1,ap-south-1
svc-reports,reports-api,2025-05-20T04:00:00Z,200,597,ms,agent-1,ap-south-1
svc-payments,payments-api,2025-05-30T22:00:00Z,502,276,ms,agent-1,ap-south-1
svc-reports,reports-api,2025-05-30T02:30:00Z,200,580,ms,agent-1,ap-south-1
svc-auth,auth-api,2025-05-20T02:30:00Z,200,147,ms,agent-1,ap-south-1
svc-search,search-api,2025-05-30T16:30:00Z,200,0.413,s,agent-1,ap-south-1
svc-payments,payments-api,2025-05-31T15:45:00Z,200,367,ms,agent-1,ap-south-1
svc-reports,reports-api,2025-05-21T21:45:00Z,200,738,ms,agent-1,ap-south-1
svc-reports,reports-api,2025-05-27T03:00:00Z,200,546,ms,agent-1,ap-south-1
svc-notify,notify-worker,2025-05-23T04:45:00Z,200,126,ms,agent-1,ap-south-1
svc-search,search-api,2025-05-27T15:15:00Z,200,0.483,s,agent-1,ap-south-1
svc-payments,payments-api,2025-05-31T18:15:00Z,200,354,ms,agent-1,ap-south-1
svc-search,search-api,2025-05-29T10:30:00Z,200,0.592,s,agent-2,ap-south-1
svc-search,search-api,2025-05-30T13:15:00Z,200,0.503,s,agent-1,ap-south-1
svc-reports,reports-api,2025-05-25T08:00:00Z,200,649,ms,agent-1,ap-south-1
svc-notify,notify-worker,2025-05-23T19:30:00Z,200,138,ms,agent-1,ap-south-1
svc-search,search-api,2025-05-25T02:00:00Z,200,0.428,s,agent-1,ap-south-1
svc-search,search-api,2025-05-28T21:15:00Z,200,0.707,s,agent-2,ap-south-1
svc-reports,reports-api,2025-05-31T20:45:00Z,500,449,ms,agent-1,ap-south-1
svc-auth,auth-api,2025-05-30T10:15:00Z,200,144,ms,agent-1,ap-south-1
svc-payments,payments-api,2025-05-27T18:15:00Z,200,454,ms,agent-2,ap-south-1
svc-notify,notify-worker,2025-05-19T22:00:00Z,200,87,ms,agent-1,ap-south-1
svc-notify,notify-worker,2025-05-19T07:30:00Z,200,109,ms,agent-1,ap-south-1
svc-payments,payments-api,2025-05-31T18:00:00Z,200,268,ms,agent-1,ap-south-1
svc-reports,reports-api,2025-05-31T03:15:00Z,200,643,ms,agent-2,ap-south-1
svc-auth,auth-api,2025-06-01T12:45:00Z,200,179,ms,agent-1,ap-south-1
svc-notify,notify-worker,2025-05-26T22:15:00Z,200,76,ms,agent-1,ap-south-1
svc-search,search-api,2025-05-20T12:00:00Z,200,0.657,s,agent-1,ap-south-1
svc-notify,notify-worker,2025-05-19T09:30:00Z,200,104,ms,agent-1,ap-south-1
svc-reports,reports-api,2025-05-22T04:15:00Z,200,534,ms,agent-1,ap-south-1
svc-payments,payments-api,2025-05-19T10:30:00Z,200,336,ms,agent-1,ap-south-1
svc-payments,payments-api,2025-05-31T00:00:00Z,200,267,ms,agent-1,ap-south-1
svc-reports,reports-api,2025-05-20T11:30:00Z,200,641,ms,agent-1,ap-south-1
svc-auth,auth-api,2025-05-30T15:00:00Z,200,161,ms,agent-1,ap-south-1
svc-payments,payments-api,2025-05-23T04:15:00Z,200,333,ms,agent-1,ap-south-1
svc-payments,payments-api,2025-05-30T23:00:00Z,200,442,ms,agent-1,ap-south-1
svc-notify,notify-worker,2025-05-28T17:30:00Z,200,111,ms,agent-1,ap-south-1
svc-search,search-api,2025-05-29T13:15:00Z,200,0.59,s,agent-1,ap-south-1
svc-search,search-api,2025-05-30T13:45:00Z,200,0.695,s,agent-1,ap-south-1
svc-auth,auth-api,2025-05-30T09:45:00Z,200,124,ms,agent-1,ap-south-1
svc-search,search-api,2025-05-21T06:30:00Z,200,0.559,s,agent-1,ap-south-1
svc-auth,auth-api,2025-05-25T15:15:00Z,200,111,ms,agent-1,ap-south-1
svc-reports,reports-api,2025-06-01T21:45:00Z,200,481,ms,agent-1,ap-south-1
svc-auth,auth-api,2025-05-27T00:15:00Z,200,169,ms,agent-1,ap-south-1
svc-payments,payments-api,2025-05-25T08:30:00Z,200,445,ms,agent-1,ap-south-1
svc-payments,payments-api,2025-05-28T11:00:00Z,200,324,ms,agent-1,ap-south-1
svc-auth,auth-api,2025-05-24T06:30:00Z,200,138,ms,agent-1,ap-south-1
svc-search,search-api,2025-05-30T00:00:00Z,200,0.397,s,agent-1,ap-south-1
svc-reports,reports-api,2025-05-29T08:00:00Z,200,785,ms,agent-1,ap-south-1
svc-notify,notify-worker,2025-05-19T23:00:00Z,200,91,ms,agent-1,ap-south-1
svc-notify,notify-worker,2025-06-01T04:45:00Z,200,86,ms,agent-1,ap-south-1
svc-search,search-api,2025-05-30T04:15:00Z,200,0.508,s,agent-1,ap-south-1
svc-reports,reports-api,2025-06-01T16:15:00Z,200,685,ms,agent-1,ap-south-1
svc-notify,notify-worker,2025-05-20T08:00:00Z,200,150,ms,agent-1,ap-south-1
svc-reports,reports-api,2025-05-29T10:30:00Z,200,847,ms,agent-1,ap-south-1
svc-auth,auth-api,2025-05-30T04:45:00Z,200,176,ms,agent-2,ap-south-1
svc-auth,auth-api,2025-05-29T19:00:00Z,200,172,ms,agent-1,ap-south-1
svc-notify,notify-worker,2025-05-20T07:00:00Z,200,76,ms,agent-1,ap-south-1
svc-auth,auth-api,2025-05-27T18:15:00Z,200,173,ms,agent-1,ap-south-1
svc-payments,payments-api,2025-05-22T05:45:00Z,200,417,ms,agent-1,ap-south-1
svc-notify,notify-worker,2025-05-21T21:15:00Z,200,84,ms,agent-1,ap-south-1
svc-reports,reports-api,2025-05-25T16:00:00Z,200,737,ms,agent-1,ap-south-1
svc-notify,notify-worker,2025-05-24T16:00:00Z,200,76,ms,agent-1,ap-south-1
svc-auth,auth-api,2025-05-23T22:00:00Z,200,145,ms,agent-1,ap-south-1
svc-notify,notify-worker,2025-05-22T02:15:00Z,200,128,ms,agent-1,ap-south-1
svc-notify,notify-worker,2025-06-01T03:45:00Z,200,120,ms,agent-1,ap-south-1
svc-auth,auth-api,2025-05-29T07:15:00Z,200,110,ms,agent-1,ap-south-1
svc-notify,notify-worker,2025-05-28T23:00:00Z,200,97,ms,agent-1,ap-south-1
svc-notify,notify-worker,2025-05-29T04:00:00Z,200,127,ms,agent-1,ap-south-1
svc-notify,notify-worker,2025-05-29T06:00:00Z,200,139,ms,agent-2,ap-south-1
svc-auth,auth-api,2025-05-25T15:45:00Z,200,122,ms,agent-1,ap-south-1
svc-reports,reports-api,2025-05-27T09:30:00Z,200,818,ms,agent-1,ap-south-1
svc-reports,reports-api,2025-06-01T09:45:00Z,200,572,ms,agent-1,ap-south-1
svc-notify,notify-worker,2025-05-22T08:00:00Z,200,147,ms,agent-1,ap-south-1
svc-payments,payments-api,2025-05-22T04:00:00Z,200,332,ms,agent-1,ap-south-1
svc-reports,reports-api,2025-05-20T20:00:00Z,200,512,ms,agent-1,ap-south-1
svc-search,search-api,2025-05-23T19:00:00Z,200,0.567,s,agent-1,ap-south-1
svc-payments,payments-api,2025-06-01T10:00:00Z,200,407,ms,agent-1,ap-south-1
svc-notify,notify-worker,2025-05-26T23:00:00Z,200,110,ms,agent-1,ap-south-1
svc-payments,payments-api,2025-05-25T11:15:00Z,200,285,ms,agent-1,ap-south-1
svc-notify,notify-worker,2025-05-27T02:15:00Z,200,97,ms,agent-2,ap-south-1
svc-payments,payments-api,2025-05-26T00:30:00Z,200,313,ms,agent-1,ap-south-1
svc-auth,auth-api,2025-05-23T05:45:00Z,200,144,ms,agent-1,ap-south-1
svc-notify,notify-worker,2025-06-01T14:45:00Z,200,81,ms,agent-1,ap-south-1
svc-notify,notify-worker,2025-05-26T06:45:00Z,200,90,ms,agent-1,ap-south-1
svc-auth,auth-api,2025-05-23T03:15:00Z,200,150,ms,agent-1,ap-south-1
svc-payments,payments-api,2025-05-28T12:00:00Z,200,280,ms,agent-1,ap-south-1
svc-notify,notify-worker,1748295000,200,86,ms,agent-1,ap-south-1
svc-auth,auth-api,2025-05-26T01:45:00Z,200,147,ms,agent-1,ap-south-1
svc-auth,auth-api,2025-06-01T18:30:00Z,200,123,ms,agent-1,ap-south-1
svc-reports,reports-api,1748707200,200,649,ms,agent-1,ap-south-1
svc-search,search-api,2025-05-24T20:45:00Z,200,0.625,s,agent-1,ap-south-1
svc-notify,notify-worker,2025-05-25T07:15:00Z,200,128,ms,agent-1,ap-south-1
svc-reports,reports-api,2025-05-27T01:15:00Z,200,634,ms,agent-1,ap-south-1
svc-search,search-api,2025-05-30T08:15:00Z,200,0.375,s,agent-1,ap-south-1
svc-reports,reports-api,2025-05-21T22:30:00Z,200,514,ms,agent-1,ap-south-1
svc-payments,payments-api,2025-05-22T03:00:00Z,200,296,ms,agent-1,ap-south-1
svc-reports,reports-api,2025-05-28T06:30:00Z,200,742,ms,agent-1,ap-south-1
svc-reports,reports-api,2025-05-30T02:00:00Z,200,457,ms,agent-1,ap-south-1
svc-auth,auth-api,2025-05-25T12:00:00Z,200,103,ms,agent-1,ap-south-1
svc-reports,reports-api,2025-05-19T15:15:00Z,200,447,ms,agent-1,ap-south-1
svc-notify,notify-worker,2025-05-20T22:00:00Z,200,151,ms,agent-1,ap-south-1
svc-reports,reports-api,2025-05-30T11:30:00Z,200,582,ms,agent-2,ap-south-1
svc-payments,payments-api,2025-05-28T08:00:00Z,200,295,ms,agent-1,ap-south-1
svc-search,search-api,2025-05-28T07:30:00Z,200,0.701,s,agent-1,ap-south-1
svc-auth,auth-api,2025-05-31T00:30:00Z,200,179,ms,agent-1,ap-south-1
svc-notify,notify-worker,2025-05-27T22:00:00Z,200,132,ms,agent-1,ap-south-1
svc-payments,payments-api,2025-05-21T12:15:00Z,200,448,ms,agent-1,ap-south-1
svc-reports,reports-api,2025-05-29T08:30:00Z,200,,ms,agent-1,ap-south-1
svc-auth,auth-api,2025-05-19T22:00:00Z,200,108,ms,agent-1,ap-south-1
svc-auth,auth-api,2025-05-25T16:30:00Z,200,100,ms,agent-1,ap-south-1
svc-payments,payments-api,2025-05-25T09:00:00Z,200,388,ms,agent-1,ap-south-1
svc-auth,auth-api,2025-05-29T01:30:00Z,200,174,ms,agent-1,ap-south-1
svc-search,search-api,2025-05-26T08:30:00Z,200,0.371,s,agent-1,ap-south-1
svc-auth,auth-api,1748371500,200,123,ms,agent-1,ap-south-1
svc-notify,notify-worker,2025-05-21T14:00:00Z,200,81,ms,agent-1,ap-south-1
svc-search,search-api,1748130300,200,0.571,s,agent-1,ap-south-1
svc-payments,payments-api,2025-05-23T10:45:00Z,200,264,ms,agent-1,ap-south-1
svc-search,search-api,2025-05-24T22:00:00Z,200,0.367,s,agent-1,ap-south-1
svc-search,search-api,2025-05-31T21:45:00Z,200,0.521,s,agent-1,ap-south-1
svc-reports,reports-api,2025-05-23T11:15:00Z,200,858,ms,agent-1,ap-south-1
svc-notify,notify-worker,2025-05-28T20:45:00Z,200,119,ms,agent-1,ap-south-1
svc-auth,auth-api,2025-05-29T09:00:00Z,200,108,ms,agent-1,ap-south-1
svc-reports,reports-api,2025-05-20T19:15:00Z,200,627,ms,agent-2,ap-south-1
svc-notify,notify-worker,2025-05-31T09:15:00Z,200,144,ms,agent-1,ap-south-1
svc-search,search-api,2025-06-01T03:30:00Z,200,0.676,s,agent-1,ap-south-1
svc-search,search-api,1748009700,200,0.577,s,agent-1,ap-south-1
svc-search,search-api,2025-06-01T07:30:00Z,200,0.454,s,agent-1,ap-south-1
svc-auth,auth-api,2025-05-24T05:45:00Z,502,137,ms,agent-1,ap-south-1
svc-search,search-api,2025-05-20T12:30:00Z,200,0.404,s,agent-1,ap-south-1
svc-auth,auth-api,2025-05-28T04:15:00Z,200,158,ms,agent-2,ap-south-1
svc-notify,notify-worker,2025-05-26T09:15:00Z,200,141,ms,agent-2,ap-south-1
svc-notify,notify-worker,2025-05-19T11:45:00Z,200,150,ms,agent-1,ap-south-1
svc-search,search-api,2025-05-28T17:30:00Z,200,0.656,s,agent-1,ap-south-1
svc-reports,reports-api,2025-05-23T16:45:00Z,200,656,ms,agent-1,ap-south-1
svc-search,search-api,2025-05-23T22:45:00Z,200,0.691,s,agent-1,ap-south-1
svc-payments,payments-api,2025-05-29T14:15:00Z,200,485,ms,agent-1,ap-south-1
svc-notify,notify-worker,2025-05-22T01:00:00Z,200,108,ms,agent-1,ap-south-1
svc-notify,notify-worker,2025-05-31T04:30:00Z,200,111,ms,agent-1,ap-south-1
svc-payments,payments-api,2025-05-21T01:45:00Z,200,276,ms,agent-1,ap-south-1
svc-notify,notify-worker,2025-05-25T09:15:00Z,200,455,ms,agent-1,ap-south-1
svc-reports,reports-api,2025-05-26T15:30:00Z,200,755,ms,agent-1,ap-south-1
svc-notify,notify-worker,1748335500,200,108,ms,agent-1,ap-south-1
svc-payments,payments-api,2025-05-26T15:30:00Z,200,275,ms,agent-1,ap-south-1
svc-payments,payments-api,2025-05-29T11:00:00Z,200,371,ms,agent-1,ap-south-1
svc-reports,reports-api,2025-05-29T07:15:00Z,200,489,ms,agent-1,ap-south-1
svc-reports,reports-api,2025-05-27T17:45:00Z,200,683,ms,agent-1,ap-south-1
svc-reports,reports-api,2025-05-31T21:15:00Z,200,612,ms,agent-1,ap-south-1
svc-search,search-api,2025-05-24T05:15:00Z,200,0.399,s,agent-1,ap-south-1
svc-payments,payments-api,2025-05-25T00:30:00Z,200,490,ms,agent-2,ap-south-1
svc-payments,payments-api,2025-06-01T06:30:00Z,200,414,ms,agent-1,ap-south-1
svc-notify,notify-worker,2025-05-30T12:00:00Z,200,110,ms,agent-1,ap-south-1
svc-search,search-api,1747750500,200,0.361,s,agent-1,ap-south-1
svc-payments,payments-api,2025-05-25T08:45:00Z,200,494,ms,agent-1,ap-south-1
svc-auth,auth-api,2025-05-19T18:00:00Z,200,128,ms,agent-1,ap-south-1
svc-notify,notify-worker,2025-05-23T03:30:00Z,200,84,ms,agent-1,ap-south-1
svc-search,search-api,2025-05-21T17:00:00Z,200,0.62,s,agent-1,ap-south-1
svc-auth,auth-api,2025-05-21T09:15:00Z,200,113,ms,agent-1,ap-south-1
svc-payments,payments-api,2025-05-25T23:45:00Z,200,342,ms,agent-1,ap-south-1
svc-search,search-api,2025-05-25T13:00:00Z,200,0.556,s,agent-1,ap-south-1
svc-auth,auth-api,2025-05-20T05:45:00Z,200,121,ms,agent-1,ap-south-1
svc-search,search-api,2025-05-25T16:00:00Z,200,0.594,s,agent-1,ap-south-1
svc-reports,reports-api,2025-05-19T16:00:00Z,200,474,ms,agent-1,ap-south-1
svc-reports,reports-api,2025-05-27T18:00:00Z,200,574,ms,agent-1,ap-south-1
svc-payments,payments-api,2025-05-25T16:30:00Z,200,350,ms,agent-1,ap-south-1
svc-auth,auth-api,2025-05-31T09:00:00Z,200,111,ms,agent-1,ap-south-1
svc-search,search-api,2025-05-25T23:15:00Z,200,0.402,s,agent-1,ap-south-1
svc-auth,auth-api,2025-05-22T09:15:00Z,200,165,ms,agent-1,ap-south-1
svc-auth,auth-api,2025-05-19T19:00:00Z,200,114,ms,agent-1,ap-south-1
svc-notify,notify-worker,2025-05-24T11:30:00Z,200,76,ms,agent-1,ap-south-1
svc-search,search-api,2025-05-24T15:15:00Z,200,0.427,s,agent-1,ap-south-1
svc-reports,reports-api,2025-05-27T02:00:00Z,200,665,ms,agent-1,ap-south-1
svc-reports,reports-api,2025-05-22T14:45:00Z,200,837,ms,agent-1,ap-south-1
svc-search,search-api,2025-05-31T00:00:00Z,200,0.606,s,agent-1,ap-south-1
svc-payments,payments-api,2025-05-30T21:45:00Z,200,369,ms,agent-1,ap-south-1
svc-auth,auth-api,2025-05-30T16:45:00Z,200,,ms,agent-1,ap-south-1
svc-auth,auth-api,2025-06-02T00:15:00+05:30,200,130,ms,agent-1,ap-south-1
svc-search,search-api,2025-05-29T16:00:00Z,200,0.511,s,agent-1,ap-south-1
svc-search,search-api,2025-05-24T06:30:00Z,200,0.53,s,agent-1,ap-south-1
svc-notify,notify-worker,2025-05-27T00:30:00Z,200,112,ms,agent-1,ap-south-1
svc-auth,auth-api,2025-05-24T18:00:00Z,200,150,ms,agent-1,ap-south-1
svc-payments,payments-api,1748652300,200,466,ms,agent-1,ap-south-1
svc-payments,payments-api,2025-05-24T10:15:00Z,200,272,ms,agent-1,ap-south-1
svc-payments,payments-api,2025-05-27T00:00:00Z,500,284,ms,agent-1,ap-south-1
svc-payments,payments-api,2025-06-01T08:30:00Z,500,318,ms,agent-1,ap-south-1
svc-notify,notify-worker,2025-05-30T12:45:00Z,200,99,ms,agent-1,ap-south-1
svc-reports,reports-api,2025-06-01T05:30:00Z,200,495,ms,agent-1,ap-south-1
svc-payments,payments-api,2025-05-22T22:30:00Z,200,267,ms,agent-1,ap-south-1
svc-reports,reports-api,2025-05-20T21:45:00Z,200,845,ms,agent-1,ap-south-1
svc-reports,reports-api,2025-05-27T12:15:00Z,200,723,ms,agent-1,ap-south-1
svc-reports,reports-api,2025-05-27T23:00:00Z,200,744,ms,agent-1,ap-south-1
svc-search,search-api,2025-05-26T01:30:00Z,200,0.633,s,agent-1,ap-south-1
svc-auth,auth-api,2025-06-01T22:00:00Z,200,124,ms,agent-1,ap-south-1
svc-notify,notify-worker,2025-05-29T05:15:00Z,200,102,ms,agent-2,ap-south-1
svc-search,search-api,2025-05-27T13:15:00Z,200,0.645,s,agent-1,ap-south-1
svc-reports,reports-api,2025-05-26T21:45:00Z,200,519,ms,agent-1,ap-south-1
svc-payments,payments-api,2025-05-19T22:30:00Z,200,431,ms,agent-1,ap-south-1
svc-reports,reports-api,2025-05-22T21:00:00Z,200,595,ms,agent-1,ap-south-1
svc-search,search-api,2025-05-26T08:15:00Z,200,0.668,s,agent-2,ap-south-1
svc-reports,reports-api,2025-05-19T02:30:00Z,200,644,ms,agent-1,ap-south-1
svc-auth,auth-api,2025-06-01T21:15:00Z,200,153,ms,agent-1,ap-south-1
svc-search,search-api,2025-05-28T15:45:00Z,200,0.702,s,agent-1,ap-south-1
svc-payments,payments-api,2025-05-19T02:45:00Z,200,449,ms,agent-1,ap-south-1
svc-payments,payments-api,2025-05-30T02:30:00Z,200,326,ms,agent-1,ap-south-1
svc-notify,notify-worker,2025-06-01T09:45:00Z,200,106,ms,agent-1,ap-south-1
svc-search,search-api,2025-05-20T17:15:00+05:30,200,0.611,s,agent-1,ap-south-1
svc-notify,notify-worker,2025-05-25T08:45:00Z,500,452,ms,agent-1,ap-south-1
svc-notify,notify-worker,2025-05-27T09:00:00Z,200,128,ms,agent-1,ap-south-1
svc-payments,payments-api,2025-05-31T20:15:00Z,200,451,ms,agent-1,ap-south-1
svc-payments,payments-api,2025-05-31T06:30:00Z,200,423,ms,agent-1,ap-south-1
svc-auth,auth-api,2025-05-19T12:45:00Z,200,139,ms,agent-1,ap-south-1
svc-notify,notify-worker,2025-05-29T03:00:00Z,200,138,ms,agent-2,ap-south-1
svc-auth,auth-api,2025-05-27T01:00:00Z,200,164,ms,agent-1,ap-south-1
svc-reports,reports-api,2025-05-27T15:15:00Z,200,585,ms,agent-1,ap-south-1
svc-auth,auth-api,2025-05-20T13:30:00Z,200,120,ms,agent-1,ap-south-1
svc-search,search-api,2025-05-31T14:15:00Z,200,0.481,s,agent-1,ap-south-1
svc-search,search-api,2025-05-30T21:00:00Z,200,0.584,s,agent-1,ap-south-1
svc-reports,reports-api,2025-05-21T10:15:00Z,200,743,ms,agent-1,ap-south-1
svc-search,search-api,2025-05-29T16:30:00Z,200,0.619,s,agent-1,ap-south-1
svc-auth,auth-api,2025-05-24T19:45:00Z,200,96,ms,agent-1,ap-south-1
svc-reports,reports-api,2025-05-29T20:45:00Z,200,,ms,agent-1,ap-south-1
svc-reports,reports-api,2025-05-24T10:15:00Z,200,832,ms,agent-1,ap-south-1
svc-search,search-api,2025-05-23T16:00:00Z,200,0.458,s,agent-1,ap-south-1
svc-notify,notify-worker,2025-05-31T12:30:00Z,503,107,ms,agent-1,ap-south-1
svc-notify,notify-worker,2025-05-31T05:30:00Z,200,108,ms,agent-1,ap-south-1
svc-reports,reports-api,2025-05-19T07:30:00Z,200,501,ms,agent-1,ap-south-1
svc-reports,reports-api,2025-05-24T11:30:00Z,200,559,ms,agent-1,ap-south-1
svc-auth,auth-api,2025-05-19T02:45:00Z,200,169,ms,agent-1,ap-south-1
svc-notify,notify-worker,2025-05-31T18:30:00Z,200,119,ms,agent-1,ap-south-1
svc-search,search-api,2025-05-21T08:15:00Z,200,0.5,s,agent-1,ap-south-1
svc-payments,payments-api,2025-05-20T02:00:00Z,200,459,ms,agent-1,ap-south-1
svc-notify,notify-worker,2025-05-19T01:45:00Z,200,123,ms,agent-1,ap-south-1
svc-auth,auth-api,2025-05-28T03:45:00Z,200,168,ms,agent-1,ap-south-1
svc-payments,payments-api,2025-05-31T12:00:00Z,200,253,ms,agent-1,ap-south-1
svc-notify,notify-worker,2025-05-25T10:15:00Z,200,104,ms,agent-1,ap-south-1
svc-reports,reports-api,2025-05-26T14:00:00Z,200,509,ms,agent-1,ap-south-1
svc-payments,payments-api,2025-05-21T03:00:00Z,200,255,ms,agent-1,ap-south-1
svc-auth,auth-api,2025-05-27T17:15:00Z,200,148,ms,agent-1,ap-south-1
svc-payments,payments-api,2025-06-01T23:30:00Z,200,367,ms,agent-1,ap-south-1
svc-payments,payments-api,2025-05-27T09:15:00Z,200,330,ms,agent-1,ap-south-1
svc-payments,payments-api,2025-05-24T06:15:00Z,200,470,ms,agent-1,ap-south-1
svc-reports,reports-api,2025-05-24T01:45:00Z,200,540,ms,agent-1,ap-south-1
svc-reports,reports-api,2025-05-20T22:45:00Z,200,785,ms,agent-1,ap-south-1
svc-reports,reports-api,2025-05-21T02:00:00Z,200,509,ms,agent-1,ap-south-1
svc-search,search-api,2025-06-01T02:00:00Z,200,0.415,s,agent-2,ap-south-1
svc-payments,payments-api,2025-05-30T14:45:00Z,200,474,ms,agent-1,ap-south-1
svc-auth,auth-api,2025-05-23T21:15:00Z,200,124,ms,agent-1,ap-south-1
svc-notify,notify-worker,2025-05-23T10:00:00Z,200,101,ms,agent-1,ap-south-1
svc-search,search-api,2025-06-01T23:00:00Z,200,0.602,s,agent-1,ap-south-1
svc-notify,notify-worker,2025-05-31T21:00:00Z,503,115,ms,agent-1,ap-south-1
svc-auth,auth-api,2025-05-22T21:45:00Z,200,136,ms,agent-1,ap-south-1
svc-payments,payments-api,2025-06-01T12:30:00Z,200,301,ms,agent-1,ap-south-1
svc-notify,notify-worker,2025-05-25T17:15:00Z,200,100,ms,agent-1,ap-south-1
svc-notify,notify-worker,2025-05-30T19:45:00Z,200,108,ms,agent-1,ap-south-1
svc-auth,auth-api,2025-05-19T19:15:00Z,200,114,ms,agent-1,ap-south-1
svc-notify,notify-worker,2025-05-30T10:30:00Z,200,107,ms,agent-1,ap-south-1
svc-reports,reports-api,2025-05-29T18:15:00Z,200,729,ms,agent-1,ap-south-1
svc-payments,payments-api,2025-05-29T09:15:00Z,200,480,ms,agent-1,ap-south-1
svc-search,search-api,2025-05-27T14:45:00Z,200,0.674,s,agent-1,ap-south-1
svc-search,search-api,2025-05-31T06:30:00Z,200,0.456,s,agent-1,ap-south-1
svc-notify,notify-worker,2025-05-28T13:45:00Z,200,94,ms,agent-1,ap-south-1
svc-search,search-api,2025-05-30T02:30:00Z,200,0.671,s,agent-1,ap-south-1
svc-auth,auth-api,2025-05-31T18:30:00Z,200,187,ms,agent-1,ap-south-1
svc-payments,payments-api,2025-05-26T21:15:00Z,200,480,ms,agent-1,ap-south-1
svc-notify,notify-worker,2025-05-28T12:15:00Z,200,108,ms,agent-1,ap-south-1
svc-payments,payments-api,2025-05-25T23:15:00Z,200,351,ms,agent-1,ap-south-1
svc-auth,auth-api,2025-05-28T08:15:00Z,200,126,ms,agent-1,ap-south-1
svc-notify,notify-worker,2025-05-22T15:45:00Z,200,145,ms,agent-1,ap-south-1
svc-reports,reports-api,2025-05-25T17:15:00Z,200,495,ms,agent-1,ap-south-1
svc-auth,auth-api,2025-05-28T11:30:00Z,200,148,ms,agent-1,ap-south-1
svc-reports,reports-api,2025-05-23T18:45:00Z,200,674,ms,agent-1,ap-south-1
svc-payments,payments-api,2025-05-27T03:00:00Z,200,475,ms,agent-1,ap-south-1
svc-payments,payments-api,2025-05-24T22:00:00Z,200,274,ms,agent-1,ap-south-1
svc-search,search-api,2025-05-24T08:15:00Z,200,0.666,s,agent-1,ap-south-1
svc-auth,auth-api,2025-05-21T00:15:00Z,200,129,ms,agent-1,ap-south-1
svc-search,search-api,2025-05-21T15:30:00Z,200,0.608,s,agent-1,ap-south-1
svc-payments,payments-api,2025-05-22T20:00:00Z,200,401,ms,agent-1,ap-south-1
svc-reports,reports-api,2025-05-23T10:45:00Z,200,451,ms,agent-1,ap-south-1
svc-reports,reports-api,2025-05-22T04:00:00Z,200,475,ms,agent-1,ap-south-1
svc-auth,auth-api,2025-05-24T12:00:00Z,200,148,ms,agent-1,ap-south-1
svc-payments,payments-api,2025-05-28T02:00:00Z,200,278,ms,agent-1,ap-south-1
svc-payments,payments-api,2025-05-27T14:45:00Z,200,305,ms,agent-1,ap-south-1
svc-payments,payments-api,2025-05-28T11:45:00Z,200,313,ms,agent-1,ap-south-1
svc-payments,payments-api,2025-05-25T18:15:00Z,200,263,ms,agent-1,ap-south-1
svc-payments,payments-api,2025-05-31T10:00:00Z,200,334,ms,agent-1,ap-south-1
svc-payments,payments-api,2025-06-01T22:45:00Z,200,323,ms,agent-1,ap-south-1
svc-payments,payments-api,2025-05-31T04:45:00Z,200,363,ms,agent-1,ap-south-1
svc-payments,payments-api,2025-05-26T15:45:00Z,200,298,ms,agent-1,ap-south-1
svc-notify,notify-worker,2025-05-25T01:00:00Z,200,80,ms,agent-1,ap-south-1
svc-payments,payments-api,1748818800,200,439,ms,agent-1,ap-south-1
svc-search,search-api,2025-05-27T20:30:00Z,200,0.678,s,agent-1,ap-south-1
svc-notify,notify-worker,2025-05-29T03:00:00Z,200,147,ms,agent-1,ap-south-1
svc-auth,auth-api,2025-05-26T14:15:00Z,200,99,ms,agent-2,ap-south-1
svc-auth,auth-api,2025-05-26T13:30:00Z,200,115,ms,agent-1,ap-south-1
svc-payments,payments-api,2025-05-22T21:30:00Z,200,490,ms,agent-1,ap-south-1
svc-notify,notify-worker,2025-05-29T22:00:00Z,200,110,ms,agent-1,ap-south-1
svc-reports,reports-api,2025-05-22T18:15:00Z,200,531,ms,agent-2,ap-south-1
svc-payments,payments-api,2025-05-26T00:45:00Z,200,487,ms,agent-1,ap-south-1
svc-search,search-api,2025-05-22T14:00:00Z,200,0.446,s,agent-1,ap-south-1
svc-auth,auth-api,2025-05-31T07:15:00Z,200,169,ms,agent-1,ap-south-1
svc-notify,notify-worker,2025-05-21T17:45:00Z,200,100,ms,agent-1,ap-south-1
svc-notify,notify-worker,2025-05-30T19:15:00Z,200,134,ms,agent-1,ap-south-1
svc-payments,payments-api,2025-06-01T22:00:00Z,200,416,ms,agent-1,ap-south-1
svc-auth,auth-api,2025-05-21T04:00:00Z,200,96,ms,agent-1,ap-south-1
svc-reports,reports-api,2025-05-20T15:45:00Z,200,571,ms,agent-1,ap-south-1
svc-reports,reports-api,2025-05-30T13:30:00Z,200,741,ms,agent-1,ap-south-1
svc-reports,reports-api,2025-05-26T04:00:00Z,200,808,ms,agent-1,ap-south-1
svc-auth,auth-api,2025-06-01T17:00:00Z,200,156,ms,agent-1,ap-south-1
svc-notify,notify-worker,2025-05-27T03:45:00Z,200,86,ms,agent-1,ap-south-1
svc-notify,notify-worker,2025-05-28T15:15:00Z,200,93,ms,agent-1,ap-south-1
svc-notify,notify-worker,2025-05-26T05:15:00Z,200,114,ms,agent-1,ap-south-1
svc-auth,auth-api,2025-05-24T08:15:00Z,200,120,ms,agent-1,ap-south-1
svc-reports,reports-api,2025-05-30T20:00:00Z,200,572,ms,agent-1,ap-south-1
svc-search,search-api,2025-05-24T17:15:00Z,200,0.42,s,agent-1,ap-south-1
svc-search,search-api,2025-05-31T22:00:00Z,200,0.391,s,agent-1,ap-south-1
svc-search,search-api,2025-05-22T13:15:00Z,200,0.57,s,agent-1,ap-south-1
svc-auth,auth-api,2025-05-25T22:00:00Z,200,141,ms,agent-2,ap-south-1
svc-auth,auth-api,2025-05-29T03:30:00Z,200,107,ms,agent-1,ap-south-1
svc-notify,notify-worker,2025-05-20T13:30:00Z,200,124,ms,agent-1,ap-south-1
svc-payments,payments-api,2025-05-23T02:15:00Z,200,473,ms,agent-1,ap-south-1
svc-notify,notify-worker,2025-05-22T09:30:00Z,200,103,ms,agent-2,ap-south-1
svc-auth,auth-api,2025-06-01T11:15:00Z,200,183,ms,agent-1,ap-south-1
svc-auth,auth-api,2025-05-19T12:00:00Z,200,171,ms,agent-1,ap-south-1
svc-search,search-api,2025-06-01T14:45:00Z,200,0.534,s,agent-1,ap-south-1
svc-reports,reports-api,2025-05-27T13:30:00Z,200,590,ms,agent-1,ap-south-1
svc-reports,reports-api,2025-05-27T06:00:00Z,200,512,ms,agent-1,ap-south-1
svc-payments,payments-api,2025-05-29T10:00:00Z,200,378,ms,agent-1,ap-south-1
svc-notify,notify-worker,2025-05-28T18:30:00Z,200,130,ms,agent-1,ap-south-1
svc-payments,payments-api,2025-05-27T06:45:00Z,200,258,ms,agent-2,ap-south-1
svc-auth,auth-api,2025-05-20T23:00:00Z,200,165,ms,agent-1,ap-south-1
svc-reports,reports-api,2025-05-22T16:30:00Z,200,651,ms,agent-1,ap-south-1
svc-auth,auth-api,2025-05-27T03:45:00Z,200,158,ms,agent-1,ap-south-1
svc-payments,payments-api,2025-05-20T19:30:00Z,200,420,ms,agent-1,ap-south-1
svc-auth,auth-api,2025-05-30T08:15:00Z,200,142,ms,agent-2,ap-south-1
svc-reports,reports-api,2025-05-30T20:00:00Z,200,550,ms,agent-2,ap-south-1
svc-auth,auth-api,2025-05-20T20:30:00Z,200,155,ms,agent-1,ap-south-1
svc-auth,auth-api,2025-05-28T08:00:00Z,200,153,ms,agent-1,ap-south-1
svc-notify,notify-worker,2025-05-28T23:30:00Z,200,118,ms,agent-1,ap-south-1
svc-reports,reports-api,2025-05-26T21:00:00Z,200,812,ms,agent-1,ap-south-1
svc-notify,notify-worker,2025-05-22T19:30:00Z,200,86,ms,agent-1,ap-south-1
svc-search,search-api,2025-05-25T15:30:00Z,200,0.565,s,agent-1,ap-south-1
svc-payments,payments-api,2025-05-20T02:30:00Z,200,343,ms,agent-1,ap-south-1
svc-notify,notify-worker,2025-06-01T13:30:00Z,200,148,ms,agent-1,ap-south-1
svc-notify,notify-worker,2025-05-29T13:00:00Z,200,78,ms,agent-1,ap-south-1
svc-auth,auth-api,2025-05-24T12:30:00Z,200,123,ms,agent-1,ap-south-1
svc-payments,payments-api,2025-05-28T16:30:00Z,200,400,ms,agent-1,ap-south-1
svc-notify,notify-worker,2025-05-24T05:15:00Z,200,133,ms,agent-1,ap-south-1
svc-search,search-api,2025-05-21T22:15:00Z,200,0.587,s,agent-1,ap-south-1
svc-search,search-api,2025-05-31T02:45:00Z,200,0.504,s,agent-2,ap-south-1
svc-notify,notify-worker,2025-05-24T04:45:00Z,200,112,ms,agent-1,ap-south-1
svc-notify,notify-worker,2025-05-28T21:15:00Z,200,97,ms,agent-1,ap-south-1
svc-search,search-api,2025-05-29T02:15:00Z,200,0.507,s,agent-1,ap-south-1
svc-reports,reports-api,2025-05-31T12:15:00Z,200,554,ms,agent-1,ap-south-1
svc-search,search-api,2025-05-31T12:45:00Z,200,0.597,s,agent-1,ap-south-1
svc-search,search-api,2025-05-30T02:15:00Z,200,0.487,s,agent-1,ap-south-1
svc-reports,reports-api,2025-05-28T04:30:00Z,200,608,ms,agent-1,ap-south-1
svc-reports,reports-api,2025-05-31T12:30:00Z,200,645,ms,agent-1,ap-south-1
svc-payments,payments-api,2025-05-28T10:45:00Z,200,414,ms,agent-1,ap-south-1
svc-reports,reports-api,2025-05-31T18:15:00Z,200,434,ms,agent-1,ap-south-1
svc-notify,notify-worker,2025-05-29T06:45:00Z,200,125,ms,agent-1,ap-south-1
svc-auth,auth-api,2025-05-20T21:15:00Z,200,122,ms,agent-1,ap-south-1
svc-payments,payments-api,2025-05-29T19:15:00Z,200,463,ms,agent-1,ap-south-1
svc-search,search-api,2025-05-29T01:45:00Z,200,0.611,s,agent-1,ap-south-1
svc-search,search-api,2025-05-19T10:30:00Z,200,0.367,s,agent-1,ap-south-1
svc-reports,reports-api,2025-05-30T19:15:00Z,200,824,ms,agent-1,ap-south-1
svc-auth,auth-api,2025-05-21T20:45:00Z,200,177,ms,agent-2,ap-south-1
svc-notify,notify-worker,2025-05-20T17:30:00Z,200,140,ms,agent-1,ap-south-1
svc-reports,reports-api,2025-06-01T04:15:00Z,200,562,ms,agent-1,ap-south-1
svc-notify,notify-worker,2025-05-24T13:00:00Z,200,100,ms,agent-1,ap-south-1
svc-search,search-api,2025-06-01T04:00:00Z,200,0.528,s,agent-2,ap-south-1
svc-notify,notify-worker,2025-05-23T03:45:00Z,200,116,ms,agent-1,ap-south-1
svc-search,search-api,2025-05-21T14:15:00Z,200,0.504,s,agent-1,ap-south-1
svc-payments,payments-api,2025-05-31T19:45:00Z,200,262,ms,agent-1,ap-south-1
svc-payments,payments-api,2025-05-26T23:30:00Z,200,368,ms,agent-1,ap-south-1
svc-notify,notify-worker,2025-06-01T08:15:00Z,200,140,ms,agent-1,ap-south-1
svc-auth,auth-api,2025-05-24T15:45:00Z,200,190,ms,agent-1,ap-south-1
svc-reports,reports-api,2025-05-27T13:30:00Z,200,,ms,agent-2,ap-south-1
svc-search,search-api,2025-05-19T23:30:00Z,200,0.495,s,agent-1,ap-south-1
svc-auth,auth-api,2025-05-29T19:30:00Z,200,138,ms,agent-1,ap-south-1
svc-search,search-api,2025-05-19T19:00:00Z,200,0.437,s,agent-1,ap-south-1
svc-reports,reports-api,2025-05-23T00:30:00Z,200,557,ms,agent-1,ap-south-1
svc-reports,reports-api,2025-05-27T01:00:00Z,200,835,ms,agent-1,ap-south-1
svc-payments,payments-api,2025-05-27T17:30:00Z,200,348,ms,agent-1,ap-south-1
svc-search,search-api,2025-05-20T13:15:00Z,200,0.489,s,agent-1,ap-south-1
svc-auth,auth-api,2025-05-26T07:30:00Z,200,110,ms,agent-1,ap-south-1
svc-payments,payments-api,2025-05-21T05:30:00Z,200,417,ms,agent-1,ap-south-1
svc-payments,payments-api,2025-05-28T16:00:00Z,200,371,ms,agent-1,ap-south-1
svc-payments,payments-api,2025-05-30T05:30:00Z,200,288,ms,agent-1,ap-south-1
svc-payments,payments-api,2025-05-29T01:45:00Z,200,398,ms,agent-1,ap-south-1
svc-payments,payments-api,2025-06-01T02:15:00Z,200,366,ms,agent-1,ap-south-1
svc-auth,auth-api,2025-05-23T10:00:00Z,200,111,ms,agent-1,ap-south-1
svc-payments,payments-api,2025-05-27T09:45:00Z,200,494,ms,agent-1,ap-south-1
svc-auth,auth-api,2025-05-28T17:45:00Z,200,165,ms,agent-1,ap-south-1
svc-notify,notify-worker,2025-05-29T16:00:00Z,200,99,ms,agent-1,ap-south-1
svc-search,search-api,2025-05-21T23:30:00Z,200,0.66,s,agent-1,ap-south-1
svc-reports,reports-api,2025-05-24T22:45:00Z,200,580,ms,agent-1,ap-south-1
svc-search,search-api,2025-05-25T05:30:00Z,200,0.442,s,agent-1,ap-south-1
svc-search,search-api,2025-05-27T21:00:00Z,200,0.447,s,agent-2,ap-south-1
svc-notify,notify-worker,2025-05-26T19:15:00Z,200,107,ms,agent-1,ap-south-1
svc-reports,reports-api,2025-05-24T12:45:00Z,200,823,ms,agent-1,ap-south-1
svc-search,search-api,2025-05-29T04:30:00Z,200,0.64,s,agent-1,ap-south-1
svc-notify,notify-worker,2025-05-27T12:45:00Z,200,87,ms,agent-1,ap-south-1
svc-auth,auth-api,2025-05-25T06:15:00Z,200,158,ms,agent-1,ap-south-1
svc-search,search-api,2025-05-30T22:00:00Z,200,0.584,s,agent-1,ap-south-1
svc-payments,payments-api,2025-05-22T02:30:00Z,200,263,ms,agent-1,ap-south-1
svc-payments,payments-api,2025-05-24T12:15:00Z,200,277,ms,agent-2,ap-south-1
svc-auth,auth-api,2025-05-29T22:45:00Z,200,177,ms,agent-1,ap-south-1
svc-notify,notify-worker,2025-05-19T16:00:00Z,200,275,ms,agent-1,ap-south-1
svc-notify,notify-worker,2025-05-23T17:45:00Z,200,129,ms,agent-1,ap-south-1
svc-search,search-api,2025-05-26T04:00:00Z,200,0.478,s,agent-1,ap-south-1
svc-payments,payments-api,2025-05-22T13:00:00Z,200,444,ms,agent-1,ap-south-1
svc-auth,auth-api,2025-05-26T19:45:00Z,200,100,ms,agent-1,ap-south-1
svc-notify,notify-worker,2025-05-25T16:45:00Z,200,143,ms,agent-1,ap-south-1
svc-search,search-api,2025-05-26T23:45:00Z,200,0.603,s,agent-1,ap-south-1
svc-auth,auth-api,2025-05-26T05:00:00Z,200,109,ms,agent-1,ap-south-1
svc-auth,auth-api,2025-05-27T23:30:00Z,200,105,ms,agent-1,ap-south-1
svc-reports,reports-api,2025-05-30T15:30:00Z,200,749,ms,agent-1,ap-south-1
svc-auth,auth-api,2025-05-26T11:45:00Z,200,160,ms,agent-1,ap-south-1
svc-notify,notify-worker,2025-05-31T19:30:00Z,200,137,ms,agent-1,ap-south-1
svc-notify,notify-worker,2025-05-19T23:30:00Z,200,84,ms,agent-2,ap-south-1
svc-payments,payments-api,2025-05-23T10:30:00Z,200,312,ms,agent-1,ap-south-1
svc-notify,notify-worker,2025-05-28T18:00:00Z,200,76,ms,agent-1,ap-south-1
svc-payments,payments-api,2025-06-01T01:00:00Z,200,302,ms,agent-1,ap-south-1
svc-search,search-api,2025-05-22T10:00:00Z,200,0.503,s,agent-1,ap-south-1
svc-auth,auth-api,2025-05-21T10:15:00Z,200,151,ms,agent-1,ap-south-1
svc-notify,notify-worker,2025-05-30T00:30:00Z,200,137,ms,agent-1,ap-south-1
svc-reports,reports-api,2025-05-19T13:15:00Z,200,611,ms,agent-1,ap-south-1
svc-payments,payments-api,2025-05-25T01:30:00Z,200,432,ms,agent-2,ap-south-1
svc-search,search-api,2025-05-26T07:30:00Z,200,0.672,s,agent-1,ap-south-1
svc-search,search-api,2025-06-01T10:00:00Z,200,0.394,s,agent-1,ap-south-1
svc-reports,reports-api,2025-05-23T21:30:00Z,200,826,ms,agent-1,ap-south-1
svc-payments,payments-api,2025-05-31T16:30:00Z,200,408,ms,agent-1,ap-south-1
svc-search,search-api,2025-05-28T19:30:00Z,200,0.681,s,agent-1,ap-south-1
svc-reports,reports-api,2025-05-27T16:15:00Z,200,782,ms,agent-1,ap-south-1
svc-search,search-api,2025-05-25T09:30:00Z,200,0.477,s,agent-1,ap-south-1
svc-payments,payments-api,2025-05-25T21:45:00Z,200,442,ms,agent-1,ap-south-1
svc-search,search-api,2025-05-27T19:15:00Z,200,0.646,s,agent-1,ap-south-1
svc-payments,payments-api,2025-05-29T06:15:00Z,200,255,ms,agent-1,ap-south-1
svc-auth,auth-api,2025-05-31T16:45:00Z,200,175,ms,agent-2,ap-south-1
svc-payments,payments-api,2025-06-01T20:00:00Z,200,322,ms,agent-2,ap-south-1
svc-payments,payments-api,2025-05-19T06:45:00Z,200,486,ms,agent-1,ap-south-1
svc-reports,reports-api,2025-05-24T19:30:00Z,200,720,ms,agent-1,ap-south-1
svc-notify,notify-worker,2025-05-22T14:45:00Z,200,143,ms,agent-2,ap-south-1
svc-search,search-api,2025-05-19T12:45:00Z,200,0.603,s,agent-1,ap-south-1
svc-reports,reports-api,2025-05-21T07:00:00Z,200,571,ms,agent-1,ap-south-1
svc-payments,payments-api,2025-05-24T03:30:00Z,200,368,ms,agent-2,ap-south-1
svc-reports,reports-api,2025-05-23T03:00:00Z,200,825,ms,agent-1,ap-south-1
svc-notify,notify-worker,2025-05-30T02:00:00Z,200,100,ms,agent-1,ap-south-1
svc-notify,notify-worker,2025-05-26T22:00:00Z,200,120,ms,agent-1,ap-south-1
svc-payments,payments-api,2025-05-20T05:15:00Z,200,475,ms,agent-1,ap-south-1
svc-reports,reports-api,2025-05-23T04:30:00Z,503,796,ms,agent-1,ap-south-1
svc-notify,notify-worker,2025-05-27T03:30:00Z,200,103,ms,agent-1,ap-south-1
svc-reports,reports-api,2025-06-01T05:00:00Z,200,548,ms,agent-1,ap-south-1
svc-payments,payments-api,2025-05-26T03:45:00Z,200,318,ms,agent-2,ap-south-1
svc-search,search-api,2025-05-20T07:00:00Z,200,0.408,s,agent-1,ap-south-1
svc-notify,notify-worker,2025-05-19T07:15:00Z,200,118,ms,agent-1,ap-south-1
svc-notify,notify-worker,2025-05-31T03:15:00Z,200,150,ms,agent-1,ap-south-1
svc-reports,reports-api,2025-05-26T12:15:00Z,200,738,ms,agent-1,ap-south-1
svc-auth,auth-api,2025-05-23T21:45:00Z,200,132,ms,agent-1,ap-south-1
svc-notify,notify-worker,2025-05-23T08:00:00Z,200,81,ms,agent-1,ap-south-1
svc-payments,payments-api,2025-05-24T19:15:00Z,200,403,ms,agent-1,ap-south-1
svc-auth,auth-api,2025-05-22T09:30:00Z,200,164,ms,agent-1,ap-south-1
svc-payments,payments-api,2025-05-27T12:15:00Z,200,305,ms,agent-1,ap-south-1
svc-search,search-api,2025-05-21T15:00:00Z,200,0.543,s,agent-2,ap-south-1
svc-payments,payments-api,2025-05-22T03:45:00Z,200,358,ms,agent-1,ap-south-1
svc-notify,notify-worker,2025-05-19T11:30:00Z,200,126,ms,agent-1,ap-south-1
svc-auth,auth-api,2025-05-21T11:30:00Z,200,136,ms,agent-1,ap-south-1
svc-auth,auth-api,2025-06-01T08:15:00Z,200,104,ms,agent-2,ap-south-1
svc-notify,notify-worker,2025-05-22T17:00:00Z,200,147,ms,agent-1,ap-south-1
svc-auth,auth-api,2025-05-26T21:45:00Z,200,159,ms,agent-1,ap-south-1
svc-payments,payments-api,2025-05-24T01:00:00Z,200,269,ms,agent-1,ap-south-1
svc-reports,reports-api,2025-05-29T09:15:00Z,200,440,ms,agent-1,ap-south-1
svc-search,search-api,2025-05-25T16:15:00Z,200,0.664,s,agent-1,ap-south-1
svc-reports,reports-api,2025-05-24T06:30:00Z,200,633,ms,agent-1,ap-south-1
svc-notify,notify-worker,2025-06-01T12:30:00Z,500,81,ms,agent-1,ap-south-1
svc-payments,payments-api,2025-05-23T01:15:00Z,200,304,ms,agent-1,ap-south-1
svc-search,search-api,2025-05-19T06:00:00Z,200,0.658,s,agent-1,ap-south-1
svc-reports,reports-api,2025-05-25T16:15:00Z,200,600,ms,agent-1,ap-south-1
svc-reports,reports-api,2025-05-21T17:45:00Z,200,565,ms,agent-1,ap-south-1
svc-payments,payments-api,2025-05-22T21:00:00Z,200,487,ms,agent-1,ap-south-1
svc-payments,payments-api,2025-05-24T09:00:00Z,200,368,ms,agent-1,ap-south-1
svc-reports,reports-api,2025-05-31T17:15:00Z,200,775,ms,agent-1,ap-south-1
svc-payments,payments-api,2025-05-25T08:15:00Z,200,455,ms,agent-1,ap-south-1
svc-search,search-api,2025-05-20T15:30:00Z,200,0.54,s,agent-1,ap-south-1
svc-notify,notify-worker,2025-05-20T20:00:00Z,200,86,ms,agent-1,ap-south-1
svc-search,search-api,2025-05-26T21:30:00Z,200,0.699,s,agent-1,ap-south-1
svc-reports,reports-api,2025-05-21T05:30:00Z,200,668,ms,agent-1,ap-south-1
svc-notify,notify-worker,2025-06-01T21:30:00Z,200,123,ms,agent-1,ap-south-1
svc-payments,payments-api,2025-05-28T00:45:00Z,200,370,ms,agent-1,ap-south-1
svc-search,search-api,2025-05-28T00:15:00+05:30,200,,s,agent-1,ap-south-1
svc-reports,reports-api,2025-05-26T07:15:00Z,200,709,ms,agent-1,ap-south-1
svc-search,search-api,2025-05-24T00:15:00+05:30,200,0.425,s,agent-1,ap-south-1
svc-notify,notify-worker,2025-05-27T00:00:00Z,200,110,ms,agent-1,ap-south-1
svc-auth,auth-api,2025-05-31T07:45:00Z,200,180,ms,agent-1,ap-south-1
svc-notify,notify-worker,2025-05-21T06:30:00Z,200,139,ms,agent-1,ap-south-1
svc-search,search-api,2025-05-28T12:15:00Z,200,0.662,s,agent-1,ap-south-1
svc-auth,auth-api,2025-05-20T06:45:00Z,200,146,ms,agent-1,ap-south-1
svc-payments,payments-api,2025-05-22T02:00:00Z,200,452,ms,agent-1,ap-south-1
svc-reports,reports-api,2025-05-24T18:15:00Z,200,832,ms,agent-1,ap-south-1
svc-auth,auth-api,2025-05-25T16:15:00Z,200,126,ms,agent-1,ap-south-1
svc-payments,payments-api,2025-05-31T02:30:00Z,200,322,ms,agent-1,ap-south-1
svc-payments,payments-api,2025-05-25T13:30:00Z,200,360,ms,agent-1,ap-south-1
svc-reports,reports-api,2025-05-25T19:30:00Z,200,692,ms,agent-1,ap-south-1
svc-search,search-api,2025-05-20T22:45:00Z,200,0.457,s,agent-1,ap-south-1
svc-payments,payments-api,2025-05-30T14:30:00Z,200,325,ms,agent-1,ap-south-1
svc-reports,reports-api,2025-05-21T10:00:00Z,200,569,ms,agent-1,ap-south-1
svc-search,search-api,2025-05-24T13:15:00Z,200,0.381,s,agent-1,ap-south-1
svc-search,search-api,2025-05-28T14:00:00Z,200,0.427,s,agent-1,ap-south-1
svc-payments,payments-api,2025-05-20T20:15:00Z,200,495,ms,agent-1,ap-south-1
svc-auth,auth-api,2025-05-27T04:30:00Z,200,181,ms,agent-1,ap-south-1
svc-search,search-api,2025-05-24T11:30:00Z,200,0.502,s,agent-1,ap-south-1
svc-auth,auth-api,2025-05-25T08:15:00Z,200,172,ms,agent-1,ap-south-1
svc-notify,notify-worker,2025-05-25T05:00:00Z,200,129,ms,agent-1,ap-south-1
svc-notify,notify-worker,2025-05-29T17:15:00Z,200,80,ms,agent-1,ap-south-1
svc-search,search-api,2025-05-20T11:15:00Z,200,0.574,s,agent-1,ap-south-1
svc-reports,reports-api,2025-06-01T13:00:00Z,200,757,ms,agent-1,ap-south-1
svc-payments,payments-api,2025-05-31T15:30:00Z,200,377,ms,agent-1,ap-south-1
svc-notify,notify-worker,2025-05-28T07:15:00Z,200,84,ms,agent-1,ap-south-1
svc-search,search-api,2025-05-22T16:30:00Z,200,0.472,s,agent-1,ap-south-1
svc-auth,auth-api,2025-06-01T12:15:00Z,200,96,ms,agent-1,ap-south-1
svc-payments,payments-api,1748074500,200,281,ms,agent-1,ap-south-1
svc-notify,notify-worker,2025-05-31T15:30:00Z,200,91,ms,agent-1,ap-south-1
svc-notify,notify-worker,2025-05-26T05:30:00Z,200,94,ms,agent-1,ap-south-1
svc-search,search-api,2025-05-23T08:45:00Z,200,0.635,s,agent-1,ap-south-1
svc-reports,reports-api,2025-05-27T21:00:00Z,200,727,ms,agent-1,ap-south-1
svc-search,search-api,2025-05-26T21:00:00Z,200,0.713,s,agent-1,ap-south-1
svc-reports,reports-api,2025-05-29T03:00:00Z,200,500,ms,agent-2,ap-south-1
svc-reports,reports-api,2025-05-23T01:00:00Z,200,651,ms,agent-1,ap-south-1
svc-search,search-api,2025-06-01T13:45:00Z,200,0.421,s,agent-1,ap-south-1
svc-reports,reports-api,2025-05-20T04:15:00Z,200,478,ms,agent-1,ap-south-1
svc-auth,auth-api,1747629000,200,124,ms,agent-1,ap-south-1
svc-reports,reports-api,2025-05-20T01:30:00Z,200,520,ms,agent-1,ap-south-1
svc-payments,payments-api,2025-05-27T15:30:00Z,200,490,ms,agent-1,ap-south-1
svc-reports,reports-api,2025-05-26T07:00:00Z,200,482,ms,agent-1,ap-south-1
svc-search,search-api,2025-05-31T12:30:00Z,200,0.541,s,agent-1,ap-south-1
svc-reports,reports-api,2025-05-23T18:00:00Z,200,452,ms,agent-1,ap-south-1
svc-auth,auth-api,2025-05-21T17:00:00Z,200,166,ms,agent-1,ap-south-1
svc-search,search-api,2025-05-20T01:00:00Z,200,0.69,s,agent-1,ap-south-1
svc-notify,notify-worker,2025-05-21T23:45:00Z,200,85,ms,agent-1,ap-south-1
svc-reports,reports-api,2025-05-21T03:15:00Z,200,850,ms,agent-1,ap-south-1
svc-search,search-api,2025-05-29T13:00:00Z,200,0.664,s,agent-1,ap-south-1
svc-notify,notify-worker,2025-05-21T09:15:00Z,200,142,ms,agent-1,ap-south-1
svc-search,search-api,2025-05-27T11:30:00Z,200,0.577,s,agent-1,ap-south-1
svc-search,search-api,2025-05-27T19:45:00Z,200,0.569,s,agent-1,ap-south-1
svc-auth,auth-api,2025-05-26T21:15:00Z,200,102,ms,agent-1,ap-south-1
svc-auth,auth-api,2025-06-01T23:30:00Z,200,137,ms,agent-1,ap-south-1
svc-reports,reports-api,2025-05-23T04:45:00Z,200,593,ms,agent-1,ap-south-1
svc-auth,auth-api,2025-05-29T01:00:00Z,200,151,ms,agent-1,ap-south-1
svc-reports,reports-api,2025-05-28T06:00:00Z,200,558,ms,agent-1,ap-south-1
svc-search,search-api,2025-06-01T01:45:00Z,200,0.378,s,agent-1,ap-south-1
svc-search,search-api,2025-05-21T19:00:00Z,200,0.59,s,agent-1,ap-south-1
svc-payments,payments-api,2025-05-30T22:30:00Z,200,405,ms,agent-1,ap-south-1
svc-search,search-api,2025-05-28T20:30:00Z,200,0.478,s,agent-1,ap-south-1
svc-notify,notify-worker,2025-05-25T10:30:00Z,200,109,ms,agent-1,ap-south-1
svc-payments,payments-api,2025-06-01T05:00:00Z,200,261,ms,agent-1,ap-south-1
svc-notify,notify-worker,2025-05-20T12:45:00Z,200,128,ms,agent-1,ap-south-1
svc-notify,notify-worker,2025-05-30T12:30:00Z,200,80,ms,agent-1,ap-south-1
svc-search,search-api,2025-05-27T15:30:00Z,200,0.617,s,agent-1,ap-south-1
svc-notify,notify-worker,1747811700,200,140,ms,agent-1,ap-south-1
svc-reports,reports-api,2025-05-28T12:30:00Z,200,827,ms,agent-1,ap-south-1
svc-reports,reports-api,2025-05-28T16:45:00Z,200,497,ms,agent-1,ap-south-1
svc-reports,reports-api,2025-05-25T10:00:00Z,200,603,ms,agent-2,ap-south-1
svc-auth,auth-api,2025-05-19T19:00:00Z,200,113,ms,agent-2,ap-south-1
svc-search,search-api,2025-05-25T00:00:00Z,200,0.43,s,agent-1,ap-south-1
svc-auth,auth-api,2025-05-27T03:15:00Z,200,101,ms,agent-1,ap-south-1
svc-payments,payments-api,2025-05-30T01:30:00Z,200,286,ms,agent-1,ap-south-1
svc-payments,payments-api,2025-05-22T21:45:00Z,200,305,ms,agent-1,ap-south-1
svc-reports,reports-api,2025-05-31T23:30:00Z,200,581,ms,agent-1,ap-south-1
svc-payments,payments-api,2025-05-21T16:15:00Z,200,440,ms,agent-1,ap-south-1
svc-auth,auth-api,2025-05-24T22:45:00Z,200,125,ms,agent-1,ap-south-1
svc-notify,notify-worker,2025-05-29T00:30:00Z,200,139,ms,agent-1,ap-south-1
svc-notify,notify-worker,2025-05-26T12:30:00Z,200,129,ms,agent-1,ap-south-1
svc-reports,reports-api,2025-06-01T18:15:00Z,200,751,ms,agent-1,ap-south-1
svc-search,search-api,2025-05-19T12:00:00Z,200,0.577,s,agent-1,ap-south-1
svc-reports,reports-api,2025-05-22T07:45:00Z,200,530,ms,agent-2,ap-south-1
svc-auth,auth-api,2025-05-27T21:30:00Z,200,158,ms,agent-1,ap-south-1
svc-search,search-api,2025-05-24T01:30:00Z,200,0.708,s,agent-1,ap-south-1
svc-notify,notify-worker,2025-06-01T17:45:00Z,200,137,ms,agent-1,ap-south-1
svc-reports,reports-api,2025-05-28T16:15:00Z,200,765,ms,agent-1,ap-south-1
svc-reports,reports-api,2025-05-19T12:15:00Z,200,519,ms,agent-2,ap-south-1
svc-reports,reports-api,2025-05-29T06:00:00Z,200,519,ms,agent-1,ap-south-1
svc-payments,payments-api,2025-05-30T07:45:00Z,200,453,ms,agent-1,ap-south-1
svc-notify,notify-worker,2025-05-27T11:30:00Z,200,111,ms,agent-2,ap-south-1
svc-reports,reports-api,2025-05-23T21:15:00Z,200,490,ms,agent-2,ap-south-1
svc-auth,auth-api,2025-05-23T11:30:00Z,200,133,ms,agent-1,ap-south-1
svc-notify,notify-worker,2025-05-19T09:15:00Z,200,132,ms,agent-1,ap-south-1
svc-auth,auth-api,2025-05-27T10:00:00Z,200,111,ms,agent-1,ap-south-1
svc-auth,auth-api,2025-05-26T05:30:00Z,200,175,ms,agent-1,ap-south-1
svc-notify,notify-worker,2025-05-19T08:30:00Z,200,88,ms,agent-2,ap-south-1
svc-search,search-api,2025-05-31T22:45:00Z,200,0.706,s,agent-1,ap-south-1
svc-auth,auth-api,2025-05-31T16:45:00Z,200,177,ms,agent-1,ap-south-1
svc-payments,payments-api,2025-05-30T04:15:00Z,200,352,ms,agent-1,ap-south-1
svc-notify,notify-worker,2025-05-23T21:45:00Z,200,144,ms,agent-1,ap-south-1
svc-notify,notify-worker,2025-05-22T05:00:00Z,200,106,ms,agent-1,ap-south-1
svc-notify,notify-worker,2025-05-29T23:30:00Z,200,116,ms,agent-1,ap-south-1
svc-search,search-api,2025-05-19T13:15:00Z,200,0.369,s,agent-1,ap-south-1
svc-search,search-api,2025-05-29T18:00:00Z,200,0.504,s,agent-1,ap-south-1
svc-notify,notify-worker,2025-05-28T04:15:00Z,200,105,ms,agent-1,ap-south-1
svc-search,search-api,2025-05-22T00:00:00Z,200,0.569,s,agent-1,ap-south-1
svc-reports,reports-api,2025-05-29T19:00:00Z,200,598,ms,agent-2,ap-south-1
svc-payments,payments-api,2025-05-30T16:30:00Z,200,305,ms,agent-1,ap-south-1
svc-auth,auth-api,2025-06-01T13:15:00Z,200,161,ms,agent-2,ap-south-1
svc-reports,reports-api,2025-05-30T12:00:00Z,200,581,ms,agent-1,ap-south-1
svc-notify,notify-worker,2025-05-24T12:45:00Z,200,133,ms,agent-1,ap-south-1
svc-reports,reports-api,2025-05-25T19:15:00Z,200,436,ms,agent-1,ap-south-1
svc-notify,notify-worker,2025-05-24T01:45:00Z,200,79,ms,agent-1,ap-south-1
svc-auth,auth-api,2025-05-25T22:45:00Z,200,183,ms,agent-1,ap-south-1
svc-notify,notify-worker,2025-05-25T23:45:00Z,200,150,ms,agent-1,ap-south-1
svc-reports,reports-api,2025-05-22T10:45:00Z,200,518,ms,agent-1,ap-south-1
svc-search,search-api,2025-05-26T05:15:00Z,200,0.519,s,agent-1,ap-south-1
svc-notify,notify-worker,2025-05-19T08:00:00Z,200,130,ms,agent-1,ap-south-1
svc-search,search-api,2025-06-01T20:15:00Z,200,0.495,s,agent-1,ap-south-1
svc-auth,auth-api,2025-05-25T05:30:00Z,200,114,ms,agent-1,ap-south-1
svc-auth,auth-api,2025-05-29T14:15:00Z,200,130,ms,agent-1,ap-south-1
svc-auth,auth-api,2025-05-19T00:45:00Z,200,146,ms,agent-1,ap-south-1
svc-search,search-api,2025-05-24T04:45:00Z,200,0.518,s,agent-1,ap-south-1
svc-notify,notify-worker,2025-05-29T15:45:00Z,200,108,ms,agent-1,ap-south-1
svc-search,search-api,2025-05-20T21:15:00Z,200,0.521,s,agent-1,ap-south-1
svc-payments,payments-api,2025-05-30T07:00:00Z,200,258,ms,agent-1,ap-south-1
svc-payments,payments-api,2025-05-21T03:15:00Z,200,427,ms,agent-1,ap-south-1
svc-payments,payments-api,2025-05-31T03:30:00Z,200,402,ms,agent-2,ap-south-1
svc-reports,reports-api,2025-05-30T08:15:00Z,200,549,ms,agent-1,ap-south-1
svc-auth,auth-api,2025-05-27T15:15:00Z,200,119,ms,agent-1,ap-south-1
svc-payments,payments-api,2025-05-23T22:00:00Z,200,313,ms,agent-1,ap-south-1
svc-payments,payments-api,2025-05-19T09:15:00Z,200,291,ms,agent-1,ap-south-1
svc-payments,payments-api,2025-05-31T03:15:00Z,200,313,ms,agent-1,ap-south-1
svc-payments,payments-api,2025-05-21T16:30:00Z,200,370,ms,agent-1,ap-south-1
svc-search,search-api,2025-05-26T03:00:00Z,200,0.713,s,agent-1,ap-south-1
svc-auth,auth-api,1747718100,200,162,ms,agent-1,ap-south-1
svc-payments,payments-api,2025-06-01T21:00:00Z,200,315,ms,agent-1,ap-south-1
svc-notify,notify-worker,2025-05-24T03:30:00Z,200,143,ms,agent-1,ap-south-1
svc-notify,notify-worker,2025-05-28T11:30:00Z,200,111,ms,agent-2,ap-south-1
svc-auth,auth-api,2025-05-21T10:00:00Z,200,162,ms,agent-2,ap-south-1
svc-search,search-api,2025-05-29T12:00:00Z,200,0.631,s,agent-1,ap-south-1
svc-search,search-api,2025-05-24T01:45:00Z,200,0.394,s,agent-1,ap-south-1
svc-notify,notify-worker,2025-06-01T01:15:00Z,200,90,ms,agent-1,ap-south-1
svc-payments,payments-api,2025-05-20T16:45:00Z,200,339,ms,agent-1,ap-south-1
svc-search,search-api,2025-05-31T20:00:00+05:30,200,,s,agent-1,ap-south-1
svc-auth,auth-api,2025-05-19T22:15:00Z,200,149,ms,agent-1,ap-south-1
svc-search,search-api,2025-05-23T12:30:00Z,200,0.521,s,agent-1,ap-south-1
svc-notify,notify-worker,2025-05-25T02:30:00Z,200,100,ms,agent-1,ap-south-1
svc-payments,payments-api,2025-05-30T08:15:00Z,200,294,ms,agent-1,ap-south-1
svc-notify,notify-worker,2025-05-23T12:45:00Z,200,143,ms,agent-1,ap-south-1
svc-notify,notify-worker,2025-05-31T20:15:00Z,200,103,ms,agent-2,ap-south-1
svc-auth,auth-api,2025-05-22T16:00:00Z,200,139,ms,agent-2,ap-south-1
svc-auth,auth-api,2025-05-31T01:30:00Z,200,178,ms,agent-1,ap-south-1
svc-auth,auth-api,2025-05-31T12:00:00Z,200,131,ms,agent-2,ap-south-1
svc-reports,reports-api,2025-05-28T09:45:00Z,200,824,ms,agent-1,ap-south-1
svc-payments,payments-api,2025-05-29T17:45:00Z,200,357,ms,agent-1,ap-south-1
svc-auth,auth-api,2025-05-30T12:30:00Z,200,129,ms,agent-1,ap-south-1
svc-notify,notify-worker,2025-05-28T22:15:00Z,200,93,ms,agent-1,ap-south-1
svc-reports,reports-api,2025-05-25T12:30:00Z,200,432,ms,agent-1,ap-south-1
svc-notify,notify-worker,2025-05-22T02:15:00Z,200,125,ms,agent-2,ap-south-1
svc-notify,notify-worker,2025-05-30T11:15:00Z,200,138,ms,agent-1,ap-south-1
svc-notify,notify-worker,1747963800,200,85,ms,agent-1,ap-south-1
svc-search,search-api,2025-05-29T15:45:00Z,200,0.534,s,agent-1,ap-south-1
svc-reports,reports-api,2025-05-29T00:45:00Z,200,826,ms,agent-1,ap-south-1
svc-payments,payments-api,2025-05-30T06:45:00Z,200,402,ms,agent-1,ap-south-1
svc-notify,notify-worker,2025-05-24T03:45:00Z,200,79,ms,agent-1,ap-south-1
svc-search,search-api,2025-05-23T15:00:00Z,200,0.636,s,agent-1,ap-south-1
svc-search,search-api,2025-05-22T12:00:00Z,200,0.655,s,agent-1,ap-south-1
svc-reports,reports-api,2025-05-29T13:00:00Z,200,720,ms,agent-1,ap-south-1
svc-notify,notify-worker,2025-05-21T15:00:00Z,200,139,ms,agent-1,ap-south-1
svc-auth,auth-api,2025-06-01T12:30:00Z,200,119,ms,agent-1,ap-south-1
svc-reports,reports-api,2025-05-28T07:00:00Z,200,852,ms,agent-1,ap-south-1
svc-payments,payments-api,2025-05-27T10:15:00Z,200,359,ms,agent-1,ap-south-1
svc-search,search-api,2025-06-01T04:15:00Z,200,0.545,s,agent-1,ap-south-1
svc-notify,notify-worker,2025-05-22T14:00:00Z,200,133,ms,agent-2,ap-south-1
svc-reports,reports-api,2025-05-29T15:00:00Z,200,629,ms,agent-1,ap-south-1
svc-reports,reports-api,2025-05-21T12:30:00Z,200,708,ms,agent-2,ap-south-1
svc-reports,reports-api,2025-05-31T00:00:00Z,200,753,ms,agent-1,ap-south-1
svc-payments,payments-api,2025-05-21T18:00:00Z,200,464,ms,agent-1,ap-south-1
svc-reports,reports-api,2025-06-01T08:00:00Z,200,728,ms,agent-1,ap-south-1
svc-auth,auth-api,2025-05-28T14:30:00Z,200,112,ms,agent-1,ap-south-1
svc-notify,notify-worker,2025-05-26T02:15:00Z,200,97,ms,agent-1,ap-south-1
svc-reports,reports-api,2025-05-30T13:00:00Z,200,465,ms,agent-1,ap-south-1
svc-auth,auth-api,2025-05-27T19:00:00Z,200,139,ms,agent-1,ap-south-1
svc-notify,notify-worker,2025-05-22T23:15:00Z,200,82,ms,agent-1,ap-south-1
svc-notify,notify-worker,2025-05-24T05:45:00Z,200,81,ms,agent-1,ap-south-1
svc-search,search-api,2025-05-24T06:00:00Z,200,,s,agent-1,ap-south-1
svc-notify,notify-worker,2025-05-30T16:15:00Z,200,109,ms,agent-1,ap-south-1
svc-auth,auth-api,2025-05-20T20:45:00Z,200,141,ms,agent-1,ap-south-1
svc-notify,notify-worker,2025-05-25T21:00:00Z,200,146,ms,agent-1,ap-south-1
svc-search,search-api,2025-05-24T02:45:00Z,200,0.429,s,agent-1,ap-south-1
svc-notify,notify-worker,2025-05-23T14:15:00Z,200,90,ms,agent-1,ap-south-1
svc-reports,reports-api,2025-05-22T21:45:00Z,500,766,ms,agent-1,ap-south-1
svc-search,search-api,2025-05-27T19:00:00Z,200,0.416,s,agent-1,ap-south-1
svc-search,search-api,2025-05-27T04:00:00Z,200,0.57,s,agent-1,ap-south-1
svc-payments,payments-api,2025-05-25T07:30:00Z,200,480,ms,agent-1,ap-south-1
svc-payments,payments-api,2025-05-30T20:15:00Z,200,469,ms,agent-1,ap-south-1
svc-reports,reports-api,2025-05-20T20:15:00Z,200,432,ms,agent-1,ap-south-1
svc-search,search-api,2025-05-20T20:45:00Z,200,0.538,s,agent-1,ap-south-1
svc-payments,payments-api,2025-05-26T03:30:00Z,200,311,ms,agent-1,ap-south-1
svc-search,search-api,2025-05-24T14:30:00Z,200,0.613,s,agent-1,ap-south-1
svc-auth,auth-api,2025-05-29T21:00:00Z,200,156,ms,agent-1,ap-south-1
svc-payments,payments-api,2025-05-20T05:45:00Z,200,288,ms,agent-2,ap-south-1
svc-notify,notify-worker,2025-06-01T15:15:00Z,200,128,ms,agent-1,ap-south-1
svc-auth,auth-api,2025-05-22T21:15:00Z,200,96,ms,agent-1,ap-south-1
svc-reports,reports-api,2025-05-20T17:15:00Z,200,696,ms,agent-1,ap-south-1
svc-notify,notify-worker,2025-05-27T14:00:00Z,200,145,ms,agent-1,ap-south-1
svc-reports,reports-api,2025-05-23T08:30:00Z,200,591,ms,agent-1,ap-south-1
svc-auth,auth-api,2025-05-28T09:45:00Z,200,159,ms,agent-1,ap-south-1
svc-notify,notify-worker,2025-06-01T17:00:00Z,200,145,ms,agent-1,ap-south-1
svc-notify,notify-worker,2025-05-25T17:45:00Z,200,151,ms,agent-1,ap-south-1
svc-auth,auth-api,2025-05-28T02:15:00Z,200,119,ms,agent-1,ap-south-1
svc-search,search-api,2025-05-28T06:30:00Z,200,0.552,s,agent-1,ap-south-1
svc-notify,notify-worker,2025-05-19T06:15:00Z,200,122,ms,agent-1,ap-south-1
svc-reports,reports-api,2025-06-01T08:45:00Z,200,566,ms,agent-1,ap-south-1
svc-reports,reports-api,2025-05-24T08:45:00Z,200,665,ms,agent-1,ap-south-1
svc-reports,reports-api,2025-05-20T08:45:00Z,200,512,ms,agent-1,ap-south-1
svc-notify,notify-worker,2025-05-19T04:00:00Z,200,134,ms,agent-1,ap-south-1
svc-search,search-api,2025-05-19T19:30:00Z,200,0.408,s,agent-1,ap-south-1
svc-auth,auth-api,2025-05-29T02:15:00Z,200,184,ms,agent-1,ap-south-1
svc-auth,auth-api,2025-05-31T20:15:00Z,200,120,ms,agent-1,ap-south-1
svc-notify,notify-worker,2025-05-31T13:45:00Z,200,81,ms,agent-1,ap-south-1
svc-auth,auth-api,2025-05-27T21:15:00Z,200,173,ms,agent-1,ap-south-1
svc-search,search-api,2025-05-25T12:00:00Z,200,0.444,s,agent-1,ap-south-1
svc-search,search-api,2025-05-29T23:00:00Z,200,0.561,s,agent-1,ap-south-1
svc-auth,auth-api,2025-05-31T20:30:00Z,200,154,ms,agent-1,ap-south-1
svc-reports,reports-api,2025-05-24T01:00:00Z,200,490,ms,agent-1,ap-south-1
svc-auth,auth-api,2025-05-19T20:15:00Z,200,188,ms,agent-1,ap-south-1
svc-search,search-api,2025-05-30T01:30:00Z,200,0.442,s,agent-1,ap-south-1
svc-reports,reports-api,1748019600,200,529,ms,agent-1,ap-south-1
svc-reports,reports-api,2025-05-21T15:00:00Z,200,808,ms,agent-1,ap-south-1
svc-reports,reports-api,2025-05-30T18:15:00Z,503,608,ms,agent-1,ap-south-1
svc-search,search-api,2025-05-23T15:45:00Z,200,0.477,s,agent-1,ap-south-1
svc-auth,auth-api,2025-05-30T15:45:00Z,200,155,ms,agent-1,ap-south-1
svc-search,search-api,2025-05-31T11:45:00Z,200,0.461,s,agent-1,ap-south-1
svc-notify,notify-worker,2025-05-21T03:15:00Z,200,84,ms,agent-1,ap-south-1
svc-auth,auth-api,2025-05-27T21:45:00Z,200,189,ms,agent-1,ap-south-1
svc-auth,auth-api,2025-05-28T20:30:00Z,200,121,ms,agent-1,ap-south-1
svc-search,search-api,2025-05-24T12:30:00Z,200,0.697,s,agent-1,ap-south-1
svc-reports,reports-api,2025-05-23T13:45:00Z,200,685,ms,agent-1,ap-south-1
svc-payments,payments-api,2025-05-24T04:15:00Z,200,313,ms,agent-1,ap-south-1
svc-payments,payments-api,2025-05-23T21:00:00Z,200,439,ms,agent-1,ap-south-1
svc-reports,reports-api,2025-05-26T06:00:00Z,200,655,ms,agent-1,ap-south-1
svc-search,search-api,2025-05-25T18:15:00Z,200,0.597,s,agent-1,ap-south-1
svc-notify,notify-worker,2025-05-26T01:45:00Z,200,142,ms,agent-1,ap-south-1
svc-reports,reports-api,2025-05-27T13:45:00Z,200,520,ms,agent-1,ap-south-1
svc-search,search-api,2025-05-28T17:45:00Z,200,0.49,s,agent-1,ap-south-1
svc-auth,auth-api,2025-05-24T21:30:00Z,200,117,ms,agent-1,ap-south-1
svc-search,search-api,2025-05-19T21:15:00Z,200,0.557,s,agent-1,ap-south-1
svc-auth,auth-api,2025-05-28T08:45:00Z,200,137,ms,agent-1,ap-south-1
svc-auth,auth-api,2025-05-21T18:45:00+05:30,200,128,ms,agent-1,ap-south-1
svc-reports,reports-api,2025-05-25T08:45:00Z,200,820,ms,agent-1,ap-south-1
svc-search,search-api,2025-05-29T11:00:00Z,200,0.552,s,agent-1,ap-south-1
svc-auth,auth-api,2025-05-22T18:15:00Z,200,188,ms,agent-1,ap-south-1
svc-auth,auth-api,2025-05-30T12:00:00Z,200,103,ms,agent-1,ap-south-1
svc-notify,notify-worker,2025-05-31T00:30:00Z,200,144,ms,agent-1,ap-south-1
svc-auth,auth-api,2025-06-01T02:30:00Z,200,150,ms,agent-1,ap-south-1
svc-notify,notify-worker,2025-05-31T14:45:00Z,200,109,ms,agent-1,ap-south-1
svc-search,search-api,2025-05-19T13:30:00Z,200,0.377,s,agent-1,ap-south-1
svc-payments,payments-api,2025-05-25T09:30:00Z,200,384,ms,agent-1,ap-south-1
svc-search,search-api,2025-05-23T07:00:00Z,502,,s,agent-1,ap-south-1
svc-payments,payments-api,2025-05-20T21:15:00Z,200,431,ms,agent-1,ap-south-1
svc-payments,payments-api,2025-05-26T20:15:00Z,200,467,ms,agent-1,ap-south-1
svc-search,search-api,2025-05-23T21:15:00Z,200,0.404,s,agent-1,ap-south-1
svc-search,search-api,2025-05-31T22:30:00Z,200,0.458,s,agent-1,ap-south-1
svc-reports,reports-api,2025-05-23T22:15:00Z,500,619,ms,agent-1,ap-south-1
svc-search,search-api,2025-05-30T23:00:00Z,200,0.528,s,agent-1,ap-south-1
svc-search,search-api,2025-05-25T17:00:00Z,200,0.58,s,agent-1,ap-south-1
svc-reports,reports-api,2025-05-30T03:45:00Z,200,604,ms,agent-1,ap-south-1
svc-notify,notify-worker,2025-06-01T18:30:00Z,200,82,ms,agent-1,ap-south-1
svc-auth,auth-api,2025-05-22T12:30:00Z,200,135,ms,agent-1,ap-south-1
svc-auth,auth-api,2025-05-31T21:45:00Z,200,156,ms,agent-1,ap-south-1
svc-reports,reports-api,2025-05-30T04:00:00Z,200,449,ms,agent-1,ap-south-1
svc-reports,reports-api,2025-05-26T17:45:00Z,200,447,ms,agent-1,ap-south-1
svc-notify,notify-worker,2025-05-22T22:30:00Z,200,127,ms,agent-1,ap-south-1
svc-search,search-api,2025-05-29T03:45:00Z,200,0.566,s,agent-1,ap-south-1
svc-search,search-api,2025-06-01T18:45:00Z,200,0.553,s,agent-1,ap-south-1
svc-notify,notify-worker,2025-05-23T00:15:00Z,200,89,ms,agent-1,ap-south-1
svc-auth,auth-api,2025-05-24T20:45:00Z,200,141,ms,agent-1,ap-south-1
svc-search,search-api,2025-05-31T07:30:00Z,200,0.391,s,agent-1,ap-south-1
svc-notify,notify-worker,2025-05-24T23:00:00Z,200,92,ms,agent-1,ap-south-1
svc-auth,auth-api,2025-05-31T19:45:00Z,200,116,ms,agent-1,ap-south-1
svc-reports,reports-api,2025-05-24T05:30:00Z,200,759,ms,agent-1,ap-south-1
svc-payments,payments-api,2025-05-27T05:30:00Z,200,290,ms,agent-1,ap-south-1
svc-payments,payments-api,2025-05-19T13:30:00Z,200,471,ms,agent-1,ap-south-1
svc-search,search-api,2025-05-23T01:00:00Z,200,0.406,s,agent-2,ap-south-1
svc-payments,payments-api,2025-05-20T08:00:00Z,200,375,ms,agent-1,ap-south-1
svc-reports,reports-api,2025-05-21T15:15:00Z,200,851,ms,agent-1,ap-south-1
svc-auth,auth-api,2025-05-25T14:00:00Z,200,178,ms,agent-1,ap-south-1
svc-notify,notify-worker,2025-06-01T16:45:00Z,200,133,ms,agent-1,ap-south-1
svc-reports,reports-api,2025-05-19T17:15:00Z,200,820,ms,agent-1,ap-south-1
svc-payments,payments-api,2025-05-30T06:15:00Z,200,478,ms,agent-1,ap-south-1
svc-auth,auth-api,2025-05-30T21:45:00Z,200,129,ms,agent-1,ap-south-1
svc-payments,payments-api,2025-05-25T22:15:00Z,200,298,ms,agent-1,ap-south-1
svc-auth,auth-api,2025-06-01T00:00:00Z,200,185,ms,agent-1,ap-south-1
svc-notify,notify-worker,1748201400,200,95,ms,agent-1,ap-south-1
svc-auth,auth-api,2025-05-30T10:45:00Z,200,178,ms,agent-1,ap-south-1
svc-notify,notify-worker,2025-05-22T18:45:00Z,200,151,ms,agent-1,ap-south-1
svc-notify,notify-worker,2025-05-27T20:15:00Z,200,112,ms,agent-1,ap-south-1
svc-auth,auth-api,2025-05-21T07:00:00Z,200,114,ms,agent-1,ap-south-1
svc-search,search-api,2025-05-28T09:00:00Z,200,0.661,s,agent-1,ap-south-1
svc-payments,payments-api,2025-05-19T15:45:00Z,200,322,ms,agent-1,ap-south-1
svc-payments,payments-api,2025-06-01T01:45:00Z,200,276,ms,agent-1,ap-south-1
svc-notify,notify-worker,2025-05-20T09:15:00Z,200,147,ms,agent-1,ap-south-1
svc-payments,payments-api,2025-05-25T01:15:00Z,200,400,ms,agent-1,ap-south-1
svc-notify,notify-worker,2025-05-26T19:00:00Z,200,122,ms,agent-1,ap-south-1
svc-search,search-api,2025-05-23T21:00:00Z,200,0.567,s,agent-1,ap-south-1
svc-notify,notify-worker,2025-05-30T01:15:00Z,200,151,ms,agent-1,ap-south-1
svc-auth,auth-api,2025-05-26T12:45:00Z,200,116,ms,agent-1,ap-south-1
svc-reports,reports-api,2025-05-27T05:15:00Z,200,737,ms,agent-1,ap-south-1
svc-reports,reports-api,2025-05-21T00:00:00Z,200,472,ms,agent-1,ap-south-1
svc-auth,auth-api,2025-06-01T09:30:00Z,200,96,ms,agent-1,ap-south-1
svc-reports,reports-api,2025-05-22T08:45:00Z,502,791,ms,agent-1,ap-south-1
svc-auth,auth-api,2025-05-31T01:00:00Z,200,136,ms,agent-1,ap-south-1
svc-reports,reports-api,2025-05-22T05:15:00Z,200,452,ms,agent-1,ap-south-1
svc-reports,reports-api,2025-05-29T15:30:00Z,200,840,ms,agent-1,ap-south-1
svc-notify,notify-worker,2025-05-19T22:45:00Z,200,127,ms,agent-2,ap-south-1
svc-reports,reports-api,2025-05-21T06:15:00Z,200,490,ms,agent-1,ap-south-1
svc-search,search-api,2025-05-27T02:30:00Z,200,0.662,s,agent-1,ap-south-1
svc-search,search-api,2025-05-31T15:15:00Z,200,0.546,s,agent-1,ap-south-1
svc-auth,auth-api,2025-05-27T12:30:00Z,200,112,ms,agent-1,ap-south-1
svc-search,search-api,2025-05-27T02:00:00Z,200,0.714,s,agent-1,ap-south-1
svc-auth,auth-api,2025-05-19T17:45:00Z,200,149,ms,agent-1,ap-south-1
svc-notify,notify-worker,2025-05-28T18:15:00Z,200,130,ms,agent-1,ap-south-1
svc-payments,payments-api,2025-05-30T20:00:00Z,200,278,ms,agent-1,ap-south-1
svc-payments,payments-api,2025-06-01T19:15:00Z,200,383,ms,agent-1,ap-south-1
svc-notify,notify-worker,2025-05-30T16:00:00Z,200,120,ms,agent-1,ap-south-1
svc-auth,auth-api,2025-05-31T14:00:00Z,200,142,ms,agent-1,ap-south-1
svc-search,search-api,2025-05-30T16:15:00Z,200,0.546,s,agent-1,ap-south-1
svc-auth,auth-api,2025-05-29T11:15:00Z,200,181,ms,agent-1,ap-south-1
svc-payments,payments-api,2025-05-23T04:00:00Z,200,343,ms,agent-1,ap-south-1
svc-search,search-api,2025-05-19T02:45:00Z,200,0.465,s,agent-1,ap-south-1
svc-search,search-api,2025-05-23T01:15:00Z,200,0.466,s,agent-1,ap-south-1
svc-search,search-api,2025-05-31T10:00:00Z,200,0.585,s,agent-1,ap-south-1
svc-reports,reports-api,2025-05-24T16:15:00Z,200,718,ms,agent-1,ap-south-1
svc-payments,payments-api,2025-05-23T19:30:00Z,200,378,ms,agent-1,ap-south-1
svc-search,search-api,2025-05-20T08:30:00Z,200,0.478,s,agent-1,ap-south-1
svc-search,search-api,2025-05-20T02:15:00Z,200,0.594,s,agent-1,ap-south-1
svc-auth,auth-api,2025-05-27T14:30:00Z,200,138,ms,agent-1,ap-south-1
svc-reports,reports-api,2025-05-29T02:15:00Z,503,613,ms,agent-1,ap-south-1
svc-payments,payments-api,2025-05-21T19:15:00Z,200,292,ms,agent-2,ap-south-1
svc-auth,auth-api,2025-05-25T13:45:00Z,200,122,ms,agent-1,ap-south-1
svc-payments,payments-api,2025-05-22T12:30:00Z,200,315,ms,agent-1,ap-south-1
svc-reports,reports-api,2025-05-20T16:45:00Z,200,547,ms,agent-1,ap-south-1
svc-reports,reports-api,2025-05-25T05:45:00Z,200,490,ms,agent-1,ap-south-1
svc-payments,payments-api,2025-05-31T12:15:00Z,200,490,ms,agent-1,ap-south-1
svc-auth,auth-api,2025-05-29T22:00:00Z,200,166,ms,agent-1,ap-south-1
svc-reports,reports-api,2025-05-20T00:45:00Z,200,722,ms,agent-1,ap-south-1
svc-search,search-api,2025-05-23T17:30:00Z,200,,s,agent-1,ap-south-1
svc-reports,reports-api,2025-05-31T05:45:00Z,200,798,ms,agent-1,ap-south-1
svc-reports,reports-api,2025-05-23T09:30:00Z,200,738,ms,agent-1,ap-south-1
svc-payments,payments-api,2025-05-19T03:15:00Z,500,481,ms,agent-1,ap-south-1
svc-search,search-api,2025-05-22T13:00:00Z,200,0.443,s,agent-1,ap-south-1
svc-reports,reports-api,2025-05-22T18:45:00Z,200,491,ms,agent-2,ap-south-1
svc-auth,auth-api,2025-05-28T06:00:00Z,200,152,ms,agent-1,ap-south-1
svc-search,search-api,2025-06-01T00:45:00Z,200,0.619,s,agent-1,ap-south-1
svc-auth,auth-api,2025-05-21T01:45:00Z,200,137,ms,agent-1,ap-south-1
svc-payments,payments-api,2025-05-28T13:45:00Z,200,343,ms,agent-1,ap-south-1
svc-notify,notify-worker,2025-05-30T21:00:00Z,200,93,ms,agent-1,ap-south-1
svc-notify,notify-worker,1748294100,200,79,ms,agent-1,ap-south-1
svc-auth,auth-api,2025-05-31T02:30:00Z,200,191,ms,agent-1,ap-south-1
svc-search,search-api,2025-05-24T19:45:00Z,200,0.551,s,agent-1,ap-south-1
svc-notify,notify-worker,2025-05-29T04:30:00Z,200,132,ms,agent-1,ap-south-1
svc-reports,reports-api,2025-05-28T18:45:00Z,200,834,ms,agent-1,ap-south-1
svc-search,search-api,2025-06-01T07:15:00Z,200,0.446,s,agent-1,ap-south-1
svc-notify,notify-worker,2025-05-22T05:45:00Z,200,90,ms,agent-1,ap-south-1
svc-notify,notify-worker,2025-05-23T19:45:00Z,200,80,ms,agent-1,ap-south-1
svc-payments,payments-api,2025-06-01T18:45:00Z,200,378,ms,agent-1,ap-south-1
svc-auth,auth-api,2025-05-21T15:45:00Z,200,115,ms,agent-1,ap-south-1
svc-search,search-api,2025-05-28T05:00:00Z,200,0.637,s,agent-1,ap-south-1
svc-auth,auth-api,2025-05-20T19:30:00Z,200,160,ms,agent-1,ap-south-1
svc-reports,reports-api,2025-05-29T02:30:00Z,200,813,ms,agent-1,ap-south-1
svc-reports,reports-api,2025-05-26T13:30:00Z,200,798,ms,agent-1,ap-south-1
svc-search,search-api,2025-05-30T11:00:00Z,200,0.562,s,agent-1,ap-south-1
svc-auth,auth-api,2025-05-28T04:30:00Z,200,112,ms,agent-1,ap-south-1
svc-payments,payments-api,2025-06-01T03:15:00Z,200,343,ms,agent-1,ap-south-1
svc-notify,notify-worker,2025-05-21T19:00:00Z,200,90,ms,agent-1,ap-south-1
svc-search,search-api,2025-06-01T02:30:00Z,200,0.638,s,agent-1,ap-south-1
svc-notify,notify-worker,2025-06-01T03:15:00Z,200,87,ms,agent-1,ap-south-1
svc-search,search-api,2025-05-27T03:45:00Z,200,0.395,s,agent-1,ap-south-1
svc-notify,notify-worker,2025-05-27T02:45:00Z,200,142,ms,agent-1,ap-south-1
svc-reports,reports-api,2025-06-01T00:00:00Z,200,651,ms,agent-1,ap-south-1
svc-payments,payments-api,2025-05-21T13:00:00Z,200,305,ms,agent-1,ap-south-1
svc-notify,notify-worker,2025-05-28T17:00:00Z,200,79,ms,agent-1,ap-south-1
svc-search,search-api,2025-05-19T00:30:00Z,200,0.526,s,agent-1,ap-south-1
svc-notify,notify-worker,2025-05-19T11:00:00Z,200,99,ms,agent-1,ap-south-1
svc-auth,auth-api,2025-05-29T12:15:00Z,200,172,ms,agent-1,ap-south-1
svc-auth,auth-api,2025-05-28T01:30:00Z,200,136,ms,agent-1,ap-south-1
svc-payments,payments-api,2025-05-21T17:15:00Z,200,262,ms,agent-1,ap-south-1
svc-payments,payments-api,2025-05-19T23:30:00Z,200,296,ms,agent-1,ap-south-1
svc-auth,auth-api,2025-05-27T12:00:00Z,200,182,ms,agent-1,ap-south-1
svc-payments,payments-api,2025-05-27T06:45:00Z,200,271,ms,agent-1,ap-south-1
svc-notify,notify-worker,2025-05-22T18:00:00Z,200,138,ms,agent-1,ap-south-1
svc-auth,auth-api,2025-05-29T05:30:00Z,200,179,ms,agent-1,ap-south-1
svc-auth,auth-api,2025-05-20T12:15:00Z,200,183,ms,agent-1,ap-south-1
svc-search,search-api,2025-05-31T18:00:00Z,200,0.678,s,agent-1,ap-south-1
svc-auth,auth-api,2025-05-19T04:15:00Z,200,158,ms,agent-1,ap-south-1
svc-reports,reports-api,2025-05-28T05:45:00Z,200,602,ms,agent-1,ap-south-1
svc-notify,notify-worker,2025-05-28T08:00:00Z,200,118,ms,agent-1,ap-south-1
svc-search,search-api,2025-05-21T00:15:00Z,200,0.469,s,agent-1,ap-south-1
svc-payments,payments-api,2025-05-22T23:15:00Z,200,425,ms,agent-2,ap-south-1
svc-payments,payments-api,2025-05-27T20:30:00Z,200,338,ms,agent-1,ap-south-1
svc-search,search-api,2025-06-01T22:30:00Z,200,0.37,s,agent-1,ap-south-1
svc-auth,auth-api,2025-05-21T03:15:00Z,200,162,ms,agent-1,ap-south-1
svc-reports,reports-api,2025-05-25T23:15:00Z,200,544,ms,agent-1,ap-south-1
svc-notify,notify-worker,2025-05-27T19:00:00Z,200,149,ms,agent-1,ap-south-1
svc-notify,notify-worker,2025-05-19T13:45:00Z,200,117,ms,agent-1,ap-south-1
svc-notify,notify-worker,2025-05-22T17:45:00Z,200,118,ms,agent-1,ap-south-1
svc-reports,reports-api,2025-05-19T10:15:00Z,200,586,ms,agent-1,ap-south-1
svc-payments,payments-api,2025-05-20T15:30:00Z,200,253,ms,agent-1,ap-south-1
svc-notify,notify-worker,2025-05-28T15:30:00Z,200,143,ms,agent-1,ap-south-1
svc-reports,reports-api,2025-05-31T09:00:00Z,200,513,ms,agent-1,ap-south-1
svc-reports,reports-api,2025-05-20T14:30:00Z,200,694,ms,agent-1,ap-south-1
svc-notify,notify-worker,2025-05-21T02:45:00Z,200,103,ms,agent-1,ap-south-1
svc-reports,reports-api,2025-05-29T11:30:00Z,200,693,ms,agent-1,ap-south-1
svc-search,search-api,2025-05-28T11:30:00Z,200,0.476,s,agent-1,ap-south-1
svc-auth,auth-api,2025-05-21T05:00:00Z,200,145,ms,agent-1,ap-south-1
svc-auth,auth-api,2025-06-01T16:15:00Z,200,156,ms,agent-1,ap-south-1
svc-reports,reports-api,2025-06-01T00:45:00Z,200,863,ms,agent-1,ap-south-1
svc-payments,payments-api,2025-06-01T12:00:00Z,200,,ms,agent-1,ap-south-1
svc-auth,auth-api,2025-06-01T01:30:00Z,200,100,ms,agent-1,ap-south-1
svc-notify,notify-worker,2025-05-31T22:00:00Z,200,81,ms,agent-1,ap-south-1
svc-search,search-api,2025-05-24T06:15:00Z,200,0.645,s,agent-1,ap-south-1
svc-notify,notify-worker,2025-05-31T08:45:00Z,200,142,ms,agent-1,ap-south-1
svc-payments,payments-api,2025-05-26T05:15:00Z,200,353,ms,agent-1,ap-south-1
svc-auth,auth-api,2025-05-23T18:30:00Z,200,174,ms,agent-1,ap-south-1
svc-reports,reports-api,1748664900,200,757,ms,agent-1,ap-south-1
svc-auth,auth-api,2025-06-01T00:30:00Z,200,187,ms,agent-1,ap-south-1
svc-search,search-api,1747818000,200,0.494,s,agent-1,ap-south-1
svc-notify,notify-worker,2025-05-19T03:15:00Z,200,137,ms,agent-1,ap-south-1
svc-search,search-api,2025-05-27T13:30:00Z,200,0.628,s,agent-1,ap-south-1
svc-notify,notify-worker,2025-05-28T06:00:00Z,200,98,ms,agent-1,ap-south-1
svc-auth,auth-api,2025-05-24T22:30:00Z,200,128,ms,agent-1,ap-south-1
svc-payments,payments-api,2025-05-28T14:30:00Z,200,399,ms,agent-1,ap-south-1
svc-reports,reports-api,2025-05-30T14:15:00Z,200,504,ms,agent-1,ap-south-1
svc-search,search-api,2025-05-23T04:45:00Z,200,0.385,s,agent-1,ap-south-1
svc-search,search-api,2025-05-30T03:45:00Z,200,0.535,s,agent-1,ap-south-1
svc-auth,auth-api,2025-05-28T04:15:00Z,200,162,ms,agent-1,ap-south-1
svc-payments,payments-api,2025-05-28T18:30:00Z,200,291,ms,agent-1,ap-south-1
svc-search,search-api,2025-05-31T18:15:00Z,200,0.542,s,agent-1,ap-south-1
svc-search,search-api,2025-05-31T16:30:00Z,200,0.538,s,agent-1,ap-south-1
svc-payments,payments-api,2025-05-19T12:30:00Z,200,465,ms,agent-1,ap-south-1
svc-auth,auth-api,2025-06-01T07:45:00Z,200,189,ms,agent-1,ap-south-1
svc-payments,payments-api,2025-05-23T13:00:00Z,200,486,ms,agent-1,ap-south-1
svc-reports,reports-api,2025-05-27T05:15:00Z,200,778,ms,agent-2,ap-south-1
svc-reports,reports-api,2025-05-28T21:45:00Z,200,696,ms,agent-1,ap-south-1
svc-payments,payments-api,2025-05-30T21:45:00Z,200,394,ms,agent-2,ap-south-1
svc-reports,reports-api,2025-06-01T18:00:00Z,200,847,ms,agent-1,ap-south-1
svc-notify,notify-worker,2025-05-27T21:45:00Z,200,144,ms,agent-1,ap-south-1
svc-reports,reports-api,2025-05-29T14:45:00Z,200,816,ms,agent-1,ap-south-1
svc-auth,auth-api,2025-05-29T04:15:00Z,200,107,ms,agent-1,ap-south-1
svc-search,search-api,2025-05-26T10:15:00Z,200,0.533,s,agent-1,ap-south-1
svc-notify,notify-worker,2025-05-22T09:15:00Z,200,135,ms,agent-1,ap-south-1
svc-auth,auth-api,2025-05-20T04:00:00Z,200,119,ms,agent-1,ap-south-1
svc-search,search-api,2025-05-27T01:45:00Z,200,0.684,s,agent-2,ap-south-1
svc-search,search-api,2025-06-01T19:15:00Z,200,0.374,s,agent-2,ap-south-1
svc-search,search-api,2025-05-31T07:15:00Z,200,0.461,s,agent-1,ap-south-1
svc-notify,notify-worker,2025-05-29T22:30:00Z,200,151,ms,agent-1,ap-south-1
svc-reports,reports-api,2025-05-24T00:15:00Z,200,814,ms,agent-1,ap-south-1
svc-reports,reports-api,2025-06-01T08:15:00Z,200,459,ms,agent-1,ap-south-1
svc-reports,reports-api,2025-05-28T06:45:00Z,502,596,ms,agent-1,ap-south-1
svc-search,search-api,2025-05-30T16:00:00Z,200,0.65,s,agent-1,ap-south-1
svc-payments,payments-api,2025-05-25T03:15:00Z,200,385,ms,agent-1,ap-south-1
svc-reports,reports-api,2025-05-29T13:45:00Z,200,,ms,agent-1,ap-south-1
svc-payments,payments-api,2025-05-21T05:45:00Z,200,432,ms,agent-2,ap-south-1
svc-search,search-api,2025-05-28T11:45:00Z,200,0.715,s,agent-1,ap-south-1
svc-payments,payments-api,2025-06-01T20:45:00Z,200,415,ms,agent-1,ap-south-1
svc-reports,reports-api,2025-05-26T04:15:00Z,200,482,ms,agent-1,ap-south-1
svc-search,search-api,2025-05-31T20:30:00Z,200,0.514,s,agent-1,ap-south-1
svc-reports,reports-api,2025-05-28T11:00:00Z,200,640,ms,agent-1,ap-south-1
svc-payments,payments-api,2025-05-19T17:15:00Z,200,440,ms,agent-1,ap-south-1
svc-reports,reports-api,2025-05-29T05:30:00Z,200,744,ms,agent-1,ap-south-1
svc-reports,reports-api,2025-05-22T02:00:00Z,200,840,ms,agent-1,ap-south-1
svc-auth,auth-api,2025-05-30T02:30:00Z,200,124,ms,agent-1,ap-south-1
svc-payments,payments-api,2025-05-20T08:15:00Z,200,384,ms,agent-1,ap-south-1
svc-search,search-api,2025-05-24T16:00:00Z,200,0.47,s,agent-1,ap-south-1
svc-search,search-api,2025-05-23T21:30:00Z,200,0.665,s,agent-1,ap-south-1
svc-auth,auth-api,2025-05-20T18:45:00Z,200,178,ms,agent-1,ap-south-1
svc-payments,payments-api,2025-05-23T17:30:00Z,200,482,ms,agent-2,ap-south-1
svc-reports,reports-api,2025-06-01T01:30:00Z,503,762,ms,agent-2,ap-south-1
svc-payments,payments-api,2025-05-21T23:00:00Z,200,304,ms,agent-1,ap-south-1
svc-notify,notify-worker,2025-05-24T23:30:00Z,200,78,ms,agent-1,ap-south-1
svc-search,search-api,2025-05-29T17:30:00Z,200,0.389,s,agent-1,ap-south-1
svc-search,search-api,2025-05-25T21:15:00Z,200,0.455,s,agent-1,ap-south-1
svc-search,search-api,2025-05-24T21:30:00Z,200,0.634,s,agent-1,ap-south-1
svc-auth,auth-api,2025-05-29T23:45:00Z,200,97,ms,agent-1,ap-south-1
svc-notify,notify-worker,2025-05-28T17:45:00Z,200,83,ms,agent-1,ap-south-1
svc-search,search-api,2025-05-31T20:00:00Z,200,0.693,s,agent-1,ap-south-1
svc-payments,payments-api,2025-05-24T15:30:00Z,200,384,ms,agent-1,ap-south-1
svc-auth,auth-api,2025-05-19T15:45:00Z,200,149,ms,agent-1,ap-south-1
svc-notify,notify-worker,2025-05-23T10:30:00Z,200,76,ms,agent-1,ap-south-1
svc-auth,auth-api,2025-05-22T16:15:00Z,200,164,ms,agent-1,ap-south-1
svc-search,search-api,2025-05-30T06:45:00Z,200,0.63,s,agent-1,ap-south-1
svc-payments,payments-api,2025-05-24T00:45:00Z,200,288,ms,agent-1,ap-south-1
svc-reports,reports-api,2025-05-29T09:45:00Z,200,623,ms,agent-1,ap-south-1
svc-reports,reports-api,2025-05-29T06:45:00Z,200,552,ms,agent-2,ap-south-1
svc-notify,notify-worker,2025-05-20T15:00:00Z,200,95,ms,agent-1,ap-south-1
svc-reports,reports-api,2025-05-19T00:00:00Z,200,820,ms,agent-1,ap-south-1
svc-payments,payments-api,2025-05-21T02:00:00Z,200,391,ms,agent-1,ap-south-1
svc-auth,auth-api,2025-05-23T13:15:00Z,200,171,ms,agent-1,ap-south-1
svc-notify,notify-worker,1747926900,200,143,ms,agent-1,ap-south-1
svc-reports,reports-api,2025-05-27T21:30:00Z,200,536,ms,agent-1,ap-south-1
svc-reports,reports-api,2025-05-27T19:15:00Z,200,502,ms,agent-1,ap-south-1
svc-notify,notify-worker,2025-05-24T08:15:00Z,200,114,ms,agent-1,ap-south-1
svc-reports,reports-api,2025-05-24T17:15:00Z,200,570,ms,agent-1,ap-south-1
svc-search,search-api,2025-05-23T17:15:00Z,200,0.396,s,agent-1,ap-south-1
svc-reports,reports-api,2025-05-28T11:30:00Z,200,737,ms,agent-1,ap-south-1
svc-auth,auth-api,2025-05-24T16:15:00Z,200,126,ms,agent-1,ap-south-1
svc-search,search-api,2025-05-29T01:15:00Z,200,0.57,s,agent-1,ap-south-1
svc-payments,payments-api,2025-05-20T15:45:00Z,200,358,ms,agent-1,ap-south-1
svc-reports,reports-api,2025-05-27T11:45:00Z,200,813,ms,agent-1,ap-south-1
svc-auth,auth-api,2025-05-19T17:00:00Z,200,173,ms,agent-1,ap-south-1
svc-auth,auth-api,2025-05-23T19:00:00Z,200,130,ms,agent-1,ap-south-1
svc-auth,auth-api,2025-05-21T06:00:00Z,200,144,ms,agent-2,ap-south-1
svc-payments,payments-api,2025-05-22T13:45:00Z,200,380,ms,agent-1,ap-south-1
svc-auth,auth-api,2025-05-30T14:00:00Z,200,112,ms,agent-1,ap-south-1
svc-search,search-api,2025-05-24T23:30:00Z,200,0.636,s,agent-1,ap-south-1
svc-search,search-api,2025-05-28T19:45:00Z,200,0.487,s,agent-1,ap-south-1
svc-notify,notify-worker,2025-05-25T01:30:00Z,200,144,ms,agent-2,ap-south-1
svc-notify,notify-worker,2025-05-29T05:30:00Z,200,79,ms,agent-1,ap-south-1
svc-auth,auth-api,2025-05-27T08:45:00Z,200,139,ms,agent-1,ap-south-1
svc-notify,notify-worker,2025-05-23T20:00:00Z,200,141,ms,agent-1,ap-south-1
svc-reports,reports-api,2025-05-23T04:00:00Z,200,807,ms,agent-1,ap-south-1
svc-reports,reports-api,2025-05-19T06:30:00Z,200,775,ms,agent-1,ap-south-1
svc-notify,notify-worker,2025-05-29T02:15:00Z,200,87,ms,agent-1,ap-south-1
svc-auth,auth-api,2025-05-25T21:00:00Z,200,113,ms,agent-1,ap-south-1
svc-notify,notify-worker,2025-05-30T01:45:00Z,200,84,ms,agent-1,ap-south-1
svc-notify,notify-worker,2025-05-27T05:45:00Z,200,83,ms,agent-1,ap-south-1
svc-reports,reports-api,2025-05-20T03:00:00Z,200,852,ms,agent-2,ap-south-1
svc-search,search-api,2025-05-28T01:30:00Z,200,0.391,s,agent-1,ap-south-1
svc-notify,notify-worker,2025-05-25T07:45:00Z,200,292,ms,agent-2,ap-south-1
svc-auth,auth-api,2025-05-28T22:15:00Z,200,129,ms,agent-1,ap-south-1
svc-auth,auth-api,2025-06-01T09:00:00Z,200,99,ms,agent-1,ap-south-1
svc-reports,reports-api,2025-05-24T14:30:00Z,200,601,ms,agent-1,ap-south-1
svc-payments,payments-api,2025-06-01T12:15:00Z,200,360,ms,agent-1,ap-south-1
svc-notify,notify-worker,2025-06-01T14:30:00Z,200,86,ms,agent-1,ap-south-1
svc-reports,reports-api,2025-05-21T14:00:00Z,200,719,ms,agent-2,ap-south-1
svc-reports,reports-api,2025-05-29T13:30:00Z,200,649,ms,agent-1,ap-south-1
svc-payments,payments-api,2025-05-23T01:00:00Z,200,407,ms,agent-1,ap-south-1
svc-auth,auth-api,2025-05-24T02:15:00Z,200,144,ms,agent-1,ap-south-1
svc-notify,notify-worker,2025-05-21T08:45:00Z,200,89,ms,agent-1,ap-south-1
svc-auth,auth-api,2025-05-22T15:00:00Z,200,174,ms,agent-1,ap-south-1
svc-payments,payments-api,2025-05-31T05:45:00Z,200,254,ms,agent-1,ap-south-1
svc-search,search-api,2025-05-27T07:45:00Z,200,0.366,s,agent-1,ap-south-1
svc-auth,auth-api,2025-05-28T03:30:00Z,200,138,ms,agent-1,ap-south-1
svc-notify,notify-worker,1748724300,200,148,ms,agent-1,ap-south-1
svc-reports,reports-api,2025-05-28T22:15:00Z,200,551,ms,agent-2,ap-south-1
svc-auth,auth-api,2025-05-24T04:30:00Z,200,154,ms,agent-1,ap-south-1
svc-search,search-api,2025-05-21T01:00:00Z,200,0.517,s,agent-1,ap-south-1
svc-notify,notify-worker,2025-05-22T20:45:00Z,200,116,ms,agent-2,ap-south-1
svc-search,search-api,2025-05-19T17:00:00Z,200,0.622,s,agent-1,ap-south-1
svc-reports,reports-api,2025-05-24T03:00:00Z,200,508,ms,agent-1,ap-south-1
svc-auth,auth-api,2025-05-21T20:30:00Z,200,101,ms,agent-1,ap-south-1
svc-notify,notify-worker,2025-05-20T10:30:00Z,200,96,ms,agent-1,ap-south-1
svc-notify,notify-worker,2025-05-24T09:45:00Z,200,81,ms,agent-1,ap-south-1
svc-notify,notify-worker,2025-05-20T18:30:00Z,200,150,ms,agent-1,ap-south-1
svc-auth,auth-api,2025-05-30T18:00:00Z,200,123,ms,agent-1,ap-south-1
svc-payments,payments-api,2025-05-22T10:00:00Z,200,462,ms,agent-1,ap-south-1
svc-reports,reports-api,2025-05-25T18:00:00Z,200,587,ms,agent-2,ap-south-1
svc-auth,auth-api,2025-06-01T01:15:00Z,200,123,ms,agent-1,ap-south-1
svc-notify,notify-worker,2025-05-19T12:30:00Z,200,127,ms,agent-1,ap-south-1
svc-payments,payments-api,2025-05-21T08:30:00Z,200,261,ms,agent-1,ap-south-1
svc-search,search-api,2025-05-25T14:45:00Z,200,0.542,s,agent-1,ap-south-1
svc-search,search-api,2025-05-22T07:30:00Z,200,0.617,s,agent-1,ap-south-1
svc-notify,notify-worker,2025-06-01T10:45:00Z,200,79,ms,agent-1,ap-south-1
svc-reports,reports-api,2025-05-22T00:45:00Z,200,584,ms,agent-1,ap-south-1
svc-notify,notify-worker,2025-05-20T04:00:00Z,200,110,ms,agent-1,ap-south-1
svc-payments,payments-api,2025-05-31T04:00:00Z,200,331,ms,agent-1,ap-south-1
svc-search,search-api,2025-05-19T13:00:00Z,200,0.674,s,agent-2,ap-south-1
svc-reports,reports-api,2025-05-26T08:30:00Z,200,623,ms,agent-1,ap-south-1
svc-auth,auth-api,2025-05-26T13:15:00Z,200,181,ms,agent-1,ap-south-1
svc-notify,notify-worker,2025-05-27T12:15:00Z,200,87,ms,agent-1,ap-south-1
svc-notify,notify-worker,2025-05-23T06:15:00Z,200,78,ms,agent-1,ap-south-1
svc-payments,payments-api,2025-05-28T21:15:00Z,200,307,ms,agent-1,ap-south-1
svc-notify,notify-worker,2025-05-25T17:00:00Z,200,135,ms,agent-1,ap-south-1
svc-search,search-api,2025-05-28T17:15:00Z,200,0.469,s,agent-1,ap-south-1
svc-auth,auth-api,2025-05-20T12:45:00Z,200,106,ms,agent-1,ap-south-1
svc-notify,notify-worker,2025-05-29T13:30:00Z,200,111,ms,agent-1,ap-south-1
svc-notify,notify-worker,2025-05-23T06:00:00Z,200,127,ms,agent-1,ap-south-1
svc-payments,payments-api,2025-05-19T00:15:00Z,200,375,ms,agent-1,ap-south-1
svc-payments,payments-api,2025-05-20T09:00:00Z,200,419,ms,agent-1,ap-south-1
svc-notify,notify-worker,2025-05-25T00:30:00Z,200,108,ms,agent-1,ap-south-1
svc-search,search-api,2025-05-25T20:15:00Z,200,0.697,s,agent-2,ap-south-1
svc-payments,payments-api,2025-05-28T11:15:00Z,200,488,ms,agent-1,ap-south-1
svc-reports,reports-api,2025-05-31T17:00:00Z,200,479,ms,agent-1,ap-south-1
svc-notify,notify-worker,2025-06-01T01:30:00Z,200,96,ms,agent-1,ap-south-1
svc-auth,auth-api,2025-05-26T10:15:00Z,200,133,ms,agent-1,ap-south-1
svc-search,search-api,2025-05-19T18:00:00Z,200,0.643,s,agent-1,ap-south-1
svc-payments,payments-api,2025-05-29T09:45:00Z,200,285,ms,agent-1,ap-south-1
svc-auth,auth-api,2025-05-21T18:15:00Z,200,159,ms,agent-2,ap-south-1
svc-payments,payments-api,2025-05-21T08:45:00Z,200,380,ms,agent-1,ap-south-1
svc-notify,notify-worker,2025-06-01T02:00:00Z,200,138,ms,agent-1,ap-south-1
svc-auth,auth-api,2025-05-23T06:30:00Z,200,120,ms,agent-1,ap-south-1
svc-search,search-api,2025-06-01T16:30:00Z,200,0.525,s,agent-2,ap-south-1
svc-reports,reports-api,2025-05-23T22:00:00Z,200,719,ms,agent-1,ap-south-1
svc-search,search-api,2025-05-30T16:45:00Z,200,0.533,s,agent-1,ap-south-1
svc-reports,reports-api,2025-05-19T18:00:00Z,200,750,ms,agent-1,ap-south-1
svc-reports,reports-api,1748403900,200,858,ms,agent-1,ap-south-1
svc-search,search-api,2025-05-19T19:15:00Z,200,0.607,s,agent-1,ap-south-1
svc-reports,reports-api,2025-05-27T10:15:00Z,502,797,ms,agent-1,ap-south-1
svc-notify,notify-worker,1748745900,200,92,ms,agent-1,ap-south-1
svc-notify,notify-worker,2025-05-26T11:30:00Z,200,112,ms,agent-1,ap-south-1
svc-reports,reports-api,2025-05-25T16:45:00Z,200,525,ms,agent-1,ap-south-1
svc-search,search-api,2025-05-23T01:30:00Z,200,0.689,s,agent-1,ap-south-1
svc-reports,reports-api,2025-05-30T03:30:00Z,200,665,ms,agent-1,ap-south-1
svc-search,search-api,2025-05-23T07:15:00Z,200,0.497,s,agent-1,ap-south-1
svc-auth,auth-api,2025-05-29T15:00:00Z,200,172,ms,agent-1,ap-south-1
svc-search,search-api,2025-05-30T12:30:00Z,200,0.529,s,agent-1,ap-south-1
svc-notify,notify-worker,2025-05-24T22:15:00Z,200,138,ms,agent-1,ap-south-1
svc-payments,payments-api,2025-05-25T03:30:00Z,200,302,ms,agent-1,ap-south-1
svc-payments,payments-api,2025-05-26T13:15:00Z,200,420,ms,agent-1,ap-south-1
svc-auth,auth-api,2025-05-25T20:15:00Z,200,189,ms,agent-1,ap-south-1
svc-notify,notify-worker,2025-05-26T21:00:00Z,200,91,ms,agent-1,ap-south-1
svc-search,search-api,2025-05-26T09:00:00Z,200,0.6,s,agent-1,ap-south-1
svc-auth,auth-api,2025-05-26T15:30:00Z,200,109,ms,agent-1,ap-south-1
svc-auth,auth-api,2025-05-29T20:45:00Z,200,173,ms,agent-1,ap-south-1
svc-notify,notify-worker,2025-05-23T07:15:00Z,200,124,ms,agent-1,ap-south-1
svc-auth,auth-api,2025-05-31T23:45:00Z,200,181,ms,agent-2,ap-south-1
svc-payments,payments-api,2025-05-21T15:45:00+05:30,200,410,ms,agent-1,ap-south-1
svc-auth,auth-api,2025-06-01T14:45:00Z,200,127,ms,agent-2,ap-south-1
svc-notify,notify-worker,2025-05-27T18:00:00Z,200,,ms,agent-1,ap-south-1
svc-auth,auth-api,2025-05-28T06:30:00Z,200,155,ms,agent-1,ap-south-1
svc-auth,auth-api,2025-05-28T21:45:00Z,200,152,ms,agent-1,ap-south-1
svc-payments,payments-api,2025-05-29T10:30:00Z,200,336,ms,agent-1,ap-south-1
svc-reports,reports-api,2025-05-31T17:45:00Z,200,448,ms,agent-2,ap-south-1
svc-search,search-api,2025-05-21T20:15:00Z,200,0.374,s,agent-1,ap-south-1
svc-reports,reports-api,2025-05-28T03:30:00Z,200,600,ms,agent-1,ap-south-1
svc-reports,reports-api,2025-05-20T04:30:00Z,200,623,ms,agent-1,ap-south-1
svc-search,search-api,2025-05-24T12:15:00Z,200,0.454,s,agent-1,ap-south-1
svc-payments,payments-api,2025-05-19T11:30:00Z,200,311,ms,agent-1,ap-south-1
svc-reports,reports-api,2025-05-31T07:00:00Z,200,834,ms,agent-2,ap-south-1
svc-payments,payments-api,2025-05-23T12:00:00Z,200,348,ms,agent-1,ap-south-1
svc-auth,auth-api,2025-05-27T14:00:00Z,200,184,ms,agent-1,ap-south-1
svc-notify,notify-worker,2025-05-29T02:00:00Z,200,86,ms,agent-1,ap-south-1
svc-search,search-api,2025-05-22T05:30:00Z,200,0.511,s,agent-1,ap-south-1
svc-auth,auth-api,2025-05-20T07:00:00Z,200,176,ms,agent-1,ap-south-1
svc-reports,reports-api,2025-05-31T23:15:00Z,200,580,ms,agent-1,ap-south-1
svc-payments,payments-api,2025-05-20T06:15:00Z,200,256,ms,agent-1,ap-south-1
svc-notify,notify-worker,2025-05-30T16:45:00Z,200,146,ms,agent-1,ap-south-1
svc-auth,auth-api,2025-05-19T18:15:00Z,200,166,ms,agent-1,ap-south-1
svc-search,search-api,2025-05-27T19:30:00Z,200,0.548,s,agent-1,ap-south-1
svc-notify,notify-worker,2025-05-28T09:00:00Z,200,76,ms,agent-1,ap-south-1
svc-search,search-api,2025-05-30T19:15:00Z,200,0.406,s,agent-1,ap-south-1
svc-reports,reports-api,2025-05-30T08:30:00Z,200,728,ms,agent-1,ap-south-1
svc-payments,payments-api,2025-05-22T08:00:00Z,200,399,ms,agent-1,ap-south-1
svc-search,search-api,2025-05-24T14:00:00Z,200,0.551,s,agent-1,ap-south-1
svc-reports,reports-api,2025-05-26T21:15:00Z,200,539,ms,agent-1,ap-south-1
svc-reports,reports-api,2025-05-24T16:30:00Z,200,735,ms,agent-2,ap-south-1
svc-search,search-api,2025-05-20T20:00:00Z,200,0.424,s,agent-1,ap-south-1
svc-reports,reports-api,2025-06-01T02:00:00Z,200,856,ms,agent-1,ap-south-1
svc-auth,auth-api,2025-05-25T04:00:00Z,200,131,ms,agent-1,ap-south-1
svc-search,search-api,2025-05-19T10:00:00Z,200,0.487,s,agent-1,ap-south-1
svc-payments,payments-api,2025-05-29T18:00:00Z,200,359,ms,agent-1,ap-south-1
svc-reports,reports-api,2025-05-24T18:30:00Z,200,500,ms,agent-1,ap-south-1
svc-auth,auth-api,2025-05-27T17:45:00Z,200,128,ms,agent-1,ap-south-1
svc-notify,notify-worker,2025-05-31T21:15:00Z,200,130,ms,agent-1,ap-south-1
svc-notify,notify-worker,2025-05-29T19:30:00Z,200,120,ms,agent-1,ap-south-1
svc-search,search-api,2025-06-01T21:30:00Z,200,0.633,s,agent-1,ap-south-1
svc-search,search-api,2025-05-30T02:00:00Z,200,0.602,s,agent-1,ap-south-1
svc-notify,notify-worker,2025-05-20T05:45:00Z,200,109,ms,agent-1,ap-south-1
svc-search,search-api,2025-05-22T08:30:00Z,200,0.712,s,agent-1,ap-south-1
svc-auth,auth-api,2025-05-19T15:00:00Z,200,114,ms,agent-1,ap-south-1
svc-reports,reports-api,2025-05-20T20:45:00Z,200,546,ms,agent-1,ap-south-1
svc-search,search-api,2025-05-23T16:15:00Z,200,0.612,s,agent-1,ap-south-1
svc-payments,payments-api,2025-05-30T09:00:00Z,200,302,ms,agent-1,ap-south-1
svc-auth,auth-api,2025-05-30T21:30:00Z,200,180,ms,agent-1,ap-south-1
svc-search,search-api,2025-05-29T10:00:00Z,200,0.58,s,agent-1,ap-south-1
svc-auth,auth-api,2025-05-28T07:15:00Z,200,183,ms,agent-1,ap-south-1
svc-auth,auth-api,2025-05-22T06:15:00Z,200,101,ms,agent-1,ap-south-1
svc-search,search-api,2025-05-22T17:00:00Z,200,0.6,s,agent-1,ap-south-1
svc-reports,reports-api,2025-05-20T07:30:00Z,200,550,ms,agent-1,ap-south-1
svc-payments,payments-api,2025-05-30T18:00:00Z,200,327,ms,agent-1,ap-south-1
svc-notify,notify-worker,2025-05-19T22:30:00Z,200,114,ms,agent-1,ap-south-1
svc-auth,auth-api,2025-05-25T01:30:00Z,200,109,ms,agent-1,ap-south-1
svc-search,search-api,2025-05-27T12:15:00Z,200,0.472,s,agent-1,ap-south-1
svc-search,search-api,2025-05-28T08:45:00Z,200,0.611,s,agent-1,ap-south-1
svc-auth,auth-api,2025-05-31T22:45:00Z,200,168,ms,agent-1,ap-south-1
svc-notify,notify-worker,2025-05-24T00:15:00Z,200,145,ms,agent-1,ap-south-1
svc-auth,auth-api,2025-05-21T04:45:00Z,200,111,ms,agent-1,ap-south-1
svc-payments,payments-api,2025-05-22T05:00:00Z,200,285,ms,agent-1,ap-south-1
svc-search,search-api,2025-05-27T06:15:00Z,200,0.456,s,agent-2,ap-south-1
svc-auth,auth-api,2025-05-28T01:15:00Z,200,101,ms,agent-1,ap-south-1
svc-auth,auth-api,2025-05-28T04:45:00Z,200,197,ms,agent-2,ap-south-1
svc-search,search-api,2025-05-19T12:30:00Z,200,0.765,s,agent-2,ap-south-1
svc-notify,notify-worker,2025-05-29T18:00:00Z,200,119,ms,agent-1,ap-south-1
svc-search,search-api,2025-05-22T11:15:00Z,200,0.416,s,agent-1,ap-south-1
svc-auth,auth-api,2025-05-23T21:00:00Z,200,183,ms,agent-1,ap-south-1
svc-reports,reports-api,2025-06-01T16:00:00Z,200,778,ms,agent-1,ap-south-1
svc-search,search-api,2025-05-26T13:15:00Z,200,0.435,s,agent-1,ap-south-1
svc-notify,notify-worker,2025-05-27T01:15:00Z,200,122,ms,agent-2,ap-south-1
svc-reports,reports-api,2025-05-19T21:15:00Z,200,440,ms,agent-1,ap-south-1
svc-payments,payments-api,2025-05-23T17:00:00Z,200,446,ms,agent-1,ap-south-1
svc-auth,auth-api,2025-05-19T11:30:00Z,200,99,ms,agent-1,ap-south-1
svc-reports,reports-api,2025-05-29T12:15:00Z,200,644,ms,agent-2,ap-south-1
svc-payments,payments-api,2025-05-21T07:15:00Z,200,412,ms,agent-1,ap-south-1
svc-notify,notify-worker,2025-05-28T21:15:00Z,200,100,ms,agent-2,ap-south-1
svc-notify,notify-worker,2025-05-22T19:45:00Z,200,147,ms,agent-1,ap-south-1
svc-payments,payments-api,2025-05-27T02:30:00Z,200,433,ms,agent-1,ap-south-1
svc-notify,notify-worker,2025-05-24T16:30:00+05:30,200,110,ms,agent-1,ap-south-1
svc-reports,reports-api,2025-05-20T22:00:00Z,200,802,ms,agent-1,ap-south-1
svc-auth,auth-api,2025-05-24T05:30:00Z,200,123,ms,agent-2,ap-south-1
svc-search,search-api,2025-05-20T05:30:00Z,200,0.712,s,agent-1,ap-south-1
svc-reports,reports-api,2025-05-27T04:00:00Z,200,471,ms,agent-1,ap-south-1
svc-notify,notify-worker,2025-05-24T15:45:00Z,200,111,ms,agent-1,ap-south-1
svc-auth,auth-api,2025-05-25T05:45:00Z,200,119,ms,agent-1,ap-south-1
svc-notify,notify-worker,2025-05-25T22:15:00Z,200,80,ms,agent-1,ap-south-1
svc-search,search-api,2025-06-01T12:15:00Z,200,0.636,s,agent-1,ap-south-1
svc-search,search-api,2025-06-01T11:45:00Z,200,0.68,s,agent-1,ap-south-1
svc-notify,notify-worker,2025-05-31T23:00:00Z,200,141,ms,agent-1,ap-south-1
svc-notify,notify-worker,2025-05-25T14:45:00Z,200,102,ms,agent-1,ap-south-1
svc-search,search-api,2025-05-19T00:00:00Z,200,0.561,s,agent-1,ap-south-1
svc-payments,payments-api,2025-06-01T02:45:00Z,200,272,ms,agent-1,ap-south-1
svc-payments,payments-api,2025-05-28T04:00:00Z,200,271,ms,agent-1,ap-south-1
svc-notify,notify-worker,2025-05-31T20:30:00Z,200,125,ms,agent-1,ap-south-1
svc-auth,auth-api,2025-05-21T21:45:00Z,200,161,ms,agent-1,ap-south-1
svc-payments,payments-api,2025-05-25T18:00:00Z,200,441,ms,agent-1,ap-south-1
svc-search,search-api,2025-05-29T07:00:00Z,200,0.593,s,agent-1,ap-south-1
svc-payments,payments-api,2025-05-29T10:15:00Z,200,380,ms,agent-1,ap-south-1
svc-payments,payments-api,2025-06-01T00:45:00Z,200,458,ms,agent-1,ap-south-1
svc-payments,payments-api,2025-05-24T11:45:00Z,200,283,ms,agent-1,ap-south-1
svc-notify,notify-worker,2025-05-21T22:30:00Z,200,85,ms,agent-1,ap-south-1
svc-notify,notify-worker,2025-05-20T12:00:00Z,200,131,ms,agent-1,ap-south-1
svc-auth,auth-api,2025-05-19T23:30:00Z,200,167,ms,agent-1,ap-south-1
svc-payments,payments-api,2025-05-22T20:30:00Z,200,350,ms,agent-1,ap-south-1
svc-payments,payments-api,2025-05-28T03:45:00Z,200,465,ms,agent-1,ap-south-1
svc-auth,auth-api,2025-05-21T04:30:00Z,200,,ms,agent-2,ap-south-1
svc-notify,notify-worker,2025-05-30T05:45:00Z,200,128,ms,agent-1,ap-south-1
svc-payments,payments-api,2025-05-29T03:00:00Z,200,316,ms,agent-1,ap-south-1
svc-notify,notify-worker,2025-05-31T15:00:00Z,200,147,ms,agent-1,ap-south-1
svc-auth,auth-api,2025-05-27T06:00:00Z,200,159,ms,agent-1,ap-south-1
svc-search,search-api,2025-05-26T00:15:00Z,200,0.372,s,agent-1,ap-south-1
svc-auth,auth-api,2025-05-21T11:45:00Z,200,102,ms,agent-1,ap-south-1
svc-search,search-api,2025-05-29T16:45:00Z,200,0.571,s,agent-1,ap-south-1
svc-reports,reports-api,2025-05-25T13:30:00Z,200,574,ms,agent-1,ap-south-1
svc-search,search-api,2025-05-20T06:15:00Z,200,0.695,s,agent-1,ap-south-1
svc-search,search-api,2025-05-29T20:30:00Z,200,0.564,s,agent-1,ap-south-1
svc-notify,notify-worker,2025-05-25T10:00:00Z,200,368,ms,agent-2,ap-south-1
svc-search,search-api,2025-05-28T03:30:00Z,200,0.606,s,agent-1,ap-south-1
svc-search,search-api,2025-05-27T01:45:00Z,200,0.651,s,agent-1,ap-south-1
svc-payments,payments-api,2025-05-20T06:30:00Z,200,308,ms,agent-1,ap-south-1
svc-search,search-api,2025-05-24T20:15:00Z,200,0.442,s,agent-1,ap-south-1
svc-auth,auth-api,2025-06-01T19:45:00Z,200,119,ms,agent-1,ap-south-1
svc-notify,notify-worker,2025-05-22T01:30:00Z,200,105,ms,agent-1,ap-south-1
svc-notify,notify-worker,2025-05-23T23:00:00Z,200,108,ms,agent-1,ap-south-1
svc-payments,payments-api,2025-05-22T21:15:00Z,200,284,ms,agent-1,ap-south-1
svc-reports,reports-api,2025-05-29T16:45:00Z,200,583,ms,agent-1,ap-south-1
svc-payments,payments-api,2025-05-30T10:15:00Z,200,466,ms,agent-1,ap-south-1
svc-auth,auth-api,2025-05-28T05:30:00Z,200,150,ms,agent-1,ap-south-1
svc-auth,auth-api,2025-05-24T12:45:00Z,200,114,ms,agent-1,ap-south-1
svc-search,search-api,2025-05-19T12:30:00Z,200,0.718,s,agent-1,ap-south-1
svc-search,search-api,2025-05-21T13:15:00Z,200,0.447,s,agent-1,ap-south-1
svc-auth,auth-api,2025-05-31T10:00:00Z,200,113,ms,agent-1,ap-south-1
svc-auth,auth-api,2025-05-29T11:45:00Z,200,164,ms,agent-1,ap-south-1
svc-notify,notify-worker,2025-05-23T21:30:00Z,200,126,ms,agent-1,ap-south-1
svc-auth,auth-api,2025-05-25T20:00:00Z,200,191,ms,agent-1,ap-south-1
svc-notify,notify-worker,2025-05-28T15:45:00Z,200,107,ms,agent-2,ap-south-1
svc-search,search-api,1747791000,200,0.547,s,agent-1,ap-south-1
svc-reports,reports-api,2025-05-19T23:30:00Z,200,564,ms,agent-1,ap-south-1
svc-notify,notify-worker,2025-05-21T01:45:00Z,200,116,ms,agent-1,ap-south-1
svc-payments,payments-api,2025-05-22T22:45:00Z,200,510,ms,agent-2,ap-south-1
svc-reports,reports-api,2025-05-27T04:45:00Z,200,803,ms,agent-1,ap-south-1
svc-notify,notify-worker,2025-05-25T08:00:00Z,500,478,ms,agent-1,ap-south-1
svc-reports,reports-api,2025-05-20T14:00:00Z,200,610,ms,agent-1,ap-south-1
svc-search,search-api,2025-05-21T19:45:00Z,200,0.607,s,agent-1,ap-south-1
svc-notify,notify-worker,2025-05-21T16:30:00Z,200,97,ms,agent-1,ap-south-1
svc-notify,notify-worker,2025-05-24T09:30:00Z,200,91,ms,agent-1,ap-south-1
svc-reports,reports-api,2025-05-19T20:15:00Z,200,501,ms,agent-2,ap-south-1
svc-search,search-api,2025-05-29T00:00:00Z,200,0.562,s,agent-1,ap-south-1
svc-payments,payments-api,2025-05-21T07:45:00Z,200,306,ms,agent-1,ap-south-1
svc-reports,reports-api,2025-05-20T11:15:00Z,200,508,ms,agent-1,ap-south-1
svc-reports,reports-api,2025-05-31T10:00:00Z,200,626,ms,agent-1,ap-south-1
svc-reports,reports-api,2025-05-21T15:30:00Z,200,812,ms,agent-1,ap-south-1
svc-payments,payments-api,2025-05-27T19:45:00Z,200,436,ms,agent-1,ap-south-1
svc-reports,reports-api,2025-05-30T00:45:00Z,200,777,ms,agent-1,ap-south-1
svc-notify,notify-worker,2025-05-23T08:45:00Z,200,128,ms,agent-1,ap-south-1
svc-notify,notify-worker,2025-05-25T07:00:00Z,200,84,ms,agent-1,ap-south-1
svc-auth,auth-api,2025-05-31T18:15:00Z,200,158,ms,agent-1,ap-south-1
svc-payments,payments-api,2025-05-23T15:45:00Z,200,267,ms,agent-1,ap-south-1
svc-notify,notify-worker,2025-05-22T23:30:00Z,200,94,ms,agent-1,ap-south-1
svc-payments,payments-api,2025-05-30T21:00:00Z,200,259,ms,agent-2,ap-south-1
svc-search,search-api,2025-05-20T16:45:00Z,200,0.412,s,agent-1,ap-south-1
svc-search,search-api,2025-05-26T06:00:00Z,200,0.397,s,agent-1,ap-south-1
svc-payments,payments-api,2025-05-28T01:00:00Z,200,318,ms,agent-1,ap-south-1
svc-auth,auth-api,2025-05-29T06:15:00Z,200,139,ms,agent-1,ap-south-1
svc-notify,notify-worker,2025-05-26T09:15:00Z,200,145,ms,agent-1,ap-south-1
svc-auth,auth-api,2025-05-19T05:30:00Z,200,151,ms,agent-2,ap-south-1
svc-reports,reports-api,2025-05-24T23:00:00Z,200,844,ms,agent-1,ap-south-1
svc-payments,payments-api,2025-05-20T18:00:00Z,200,311,ms,agent-1,ap-south-1
svc-search,search-api,2025-05-23T09:00:00Z,200,0.711,s,agent-1,ap-south-1
svc-auth,auth-api,2025-05-21T23:00:00Z,200,141,ms,agent-1,ap-south-1
svc-search,search-api,2025-05-27T21:45:00Z,200,0.437,s,agent-1,ap-south-1
svc-auth,auth-api,2025-05-28T05:00:00Z,200,163,ms,agent-1,ap-south-1
svc-notify,notify-worker,2025-06-01T17:30:00Z,200,130,ms,agent-1,ap-south-1
svc-search,search-api,2025-05-31T15:45:00Z,200,0.528,s,agent-1,ap-south-1
svc-reports,reports-api,2025-05-30T13:45:00Z,502,594,ms,agent-1,ap-south-1
svc-payments,payments-api,2025-05-25T07:15:00Z,200,442,ms,agent-1,ap-south-1
svc-notify,notify-worker,2025-05-22T06:00:00Z,200,113,ms,agent-1,ap-south-1
svc-search,search-api,2025-05-29T03:15:00Z,200,0.424,s,agent-1,ap-south-1
svc-notify,notify-worker,2025-05-30T03:00:00Z,200,86,ms,agent-2,ap-south-1
svc-reports,reports-api,2025-05-19T21:45:00Z,200,528,ms,agent-2,ap-south-1
svc-search,search-api,2025-05-19T04:15:00Z,200,0.479,s,agent-1,ap-south-1
svc-reports,reports-api,2025-05-22T11:15:00Z,200,555,ms,agent-1,ap-south-1
svc-search,search-api,2025-05-19T09:00:00Z,200,0.549,s,agent-2,ap-south-1
svc-auth,auth-api,2025-05-25T10:45:00Z,200,125,ms,agent-1,ap-south-1
svc-auth,auth-api,2025-05-22T09:45:00Z,200,118,ms,agent-1,ap-south-1
svc-auth,auth-api,2025-05-29T15:45:00Z,200,150,ms,agent-1,ap-south-1
svc-payments,payments-api,2025-05-22T16:15:00Z,200,322,ms,agent-1,ap-south-1
svc-auth,auth-api,2025-05-29T13:15:00Z,200,179,ms,agent-1,ap-south-1
svc-reports,reports-api,2025-05-26T06:45:00Z,200,663,ms,agent-1,ap-south-1
svc-auth,auth-api,2025-05-26T18:30:00Z,200,118,ms,agent-1,ap-south-1
svc-payments,payments-api,2025-05-29T07:15:00Z,200,289,ms,agent-1,ap-south-1
svc-payments,payments-api,2025-05-26T21:00:00Z,200,318,ms,agent-1,ap-south-1
svc-auth,auth-api,2025-05-31T16:30:00Z,200,109,ms,agent-1,ap-south-1
svc-reports,reports-api,2025-05-21T11:45:00Z,200,635,ms,agent-1,ap-south-1
svc-search,search-api,2025-05-23T14:00:00Z,200,0.605,s,agent-1,ap-south-1
svc-reports,reports-api,2025-05-27T20:45:00Z,200,580,ms,agent-1,ap-south-1
svc-reports,reports-api,2025-06-01T22:45:00Z,200,781,ms,agent-1,ap-south-1
svc-auth,auth-api,2025-05-22T03:15:00Z,200,153,ms,agent-1,ap-south-1
svc-payments,payments-api,2025-05-25T04:30:00Z,200,384,ms,agent-1,ap-south-1
svc-search,search-api,2025-05-20T02:30:00Z,200,0.449,s,agent-2,ap-south-1
svc-auth,auth-api,2025-05-22T20:45:00Z,200,177,ms,agent-1,ap-south-1
svc-search,search-api,2025-05-31T03:15:00Z,200,0.447,s,agent-1,ap-south-1
svc-reports,reports-api,2025-05-22T09:15:00Z,200,850,ms,agent-1,ap-south-1
svc-payments,payments-api,2025-05-22T06:30:00Z,200,444,ms,agent-1,ap-south-1
svc-payments,payments-api,2025-05-19T16:30:00Z,200,475,ms,agent-1,ap-south-1
svc-reports,reports-api,2025-05-19T18:15:00Z,200,780,ms,agent-1,ap-south-1
svc-reports,reports-api,2025-06-01T00:30:00Z,200,791,ms,agent-1,ap-south-1
svc-payments,payments-api,2025-05-23T16:15:00Z,200,452,ms,agent-1,ap-south-1
svc-auth,auth-api,2025-05-28T13:45:00Z,200,137,ms,agent-1,ap-south-1
svc-auth,auth-api,2025-05-23T12:30:00Z,200,,ms,agent-1,ap-south-1
svc-reports,reports-api,2025-05-21T03:30:00Z,200,718,ms,agent-1,ap-south-1
svc-notify,notify-worker,2025-05-20T19:00:00Z,200,101,ms,agent-1,ap-south-1
svc-auth,auth-api,2025-05-23T16:30:00Z,200,181,ms,agent-1,ap-south-1
svc-payments,payments-api,2025-05-30T05:15:00Z,200,403,ms,agent-1,ap-south-1
svc-reports,reports-api,2025-05-29T20:15:00Z,200,575,ms,agent-1,ap-south-1
svc-reports,reports-api,2025-05-22T15:15:00Z,200,506,ms,agent-1,ap-south-1
svc-search,search-api,2025-05-19T00:45:00Z,200,0.671,s,agent-1,ap-south-1
svc-search,search-api,2025-05-26T12:45:00Z,200,0.568,s,agent-1,ap-south-1
svc-reports,reports-api,2025-05-26T07:30:00Z,200,496,ms,agent-1,ap-south-1
svc-auth,auth-api,2025-05-23T06:45:00Z,200,139,ms,agent-1,ap-south-1
svc-notify,notify-worker,2025-05-28T05:00:00Z,200,104,ms,agent-1,ap-south-1
svc-search,search-api,2025-05-25T01:15:00Z,200,0.59,s,agent-1,ap-south-1
svc-reports,reports-api,2025-05-29T02:00:00Z,200,544,ms,agent-1,ap-south-1
svc-reports,reports-api,2025-05-31T00:45:00Z,200,484,ms,agent-1,ap-south-1
svc-reports,reports-api,2025-05-20T21:00:00Z,200,850,ms,agent-1,ap-south-1
svc-search,search-api,2025-05-28T10:30:00Z,502,0.397,s,agent-1,ap-south-1
svc-reports,reports-api,2025-05-26T06:15:00Z,200,753,ms,agent-1,ap-south-1
svc-payments,payments-api,2025-05-24T20:30:00Z,200,265,ms,agent-1,ap-south-1
svc-payments,payments-api,2025-05-19T09:00:00Z,200,415,ms,agent-1,ap-south-1
svc-payments,payments-api,2025-05-25T22:30:00Z,200,476,ms,agent-1,ap-south-1
svc-reports,reports-api,2025-05-27T07:45:00Z,200,630,ms,agent-1,ap-south-1
svc-notify,notify-worker,2025-05-29T09:15:00Z,200,146,ms,agent-1,ap-south-1
svc-payments,payments-api,2025-05-31T19:00:00Z,200,504,ms,agent-2,ap-south-1
svc-payments,payments-api,2025-05-23T00:00:00Z,200,318,ms,agent-1,ap-south-1
svc-reports,reports-api,2025-05-21T22:15:00Z,200,672,ms,agent-1,ap-south-1
svc-notify,notify-worker,2025-05-24T03:00:00Z,200,90,ms,agent-1,ap-south-1
svc-auth,auth-api,2025-05-20T06:30:00Z,200,128,ms,agent-1,ap-south-1
svc-notify,notify-worker,2025-05-25T08:15:00Z,502,,ms,agent-1,ap-south-1
svc-auth,auth-api,2025-05-28T19:45:00Z,200,130,ms,agent-1,ap-south-1
svc-auth,auth-api,2025-06-01T05:00:00Z,200,130,ms,agent-1,ap-south-1
svc-payments,payments-api,2025-05-24T01:30:00Z,200,462,ms,agent-1,ap-south-1
svc-notify,notify-worker,2025-05-25T13:15:00Z,200,96,ms,agent-1,ap-south-1
svc-auth,auth-api,2025-05-30T08:30:00Z,200,132,ms,agent-1,ap-south-1
svc-payments,payments-api,2025-06-01T00:15:00Z,200,374,ms,agent-1,ap-south-1
svc-notify,notify-worker,2025-05-30T09:45:00Z,200,139,ms,agent-1,ap-south-1
svc-reports,reports-api,2025-05-24T06:00:00Z,200,501,ms,agent-1,ap-south-1
svc-auth,auth-api,2025-05-29T04:00:00Z,200,105,ms,agent-1,ap-south-1
svc-auth,auth-api,2025-05-25T00:45:00Z,200,165,ms,agent-1,ap-south-1
svc-payments,payments-api,2025-05-29T16:00:00Z,200,263,ms,agent-1,ap-south-1
svc-reports,reports-api,1747665000,200,685,ms,agent-1,ap-south-1
svc-reports,reports-api,2025-05-22T19:00:00Z,200,566,ms,agent-2,ap-south-1
svc-notify,notify-worker,2025-05-30T13:15:00Z,200,125,ms,agent-1,ap-south-1
svc-auth,auth-api,2025-05-30T04:15:00Z,200,190,ms,agent-1,ap-south-1
svc-payments,payments-api,2025-05-25T23:00:00Z,200,461,ms,agent-1,ap-south-1
svc-reports,reports-api,2025-05-24T05:45:00Z,200,723,ms,agent-1,ap-south-1
svc-search,search-api,2025-05-23T11:15:00Z,200,0.655,s,agent-1,ap-south-1
svc-notify,notify-worker,2025-05-19T05:00:00Z,200,107,ms,agent-1,ap-south-1
svc-auth,auth-api,2025-05-30T13:15:00Z,200,166,ms,agent-1,ap-south-1
svc-search,search-api,2025-06-01T17:15:00Z,200,0.412,s,agent-1,ap-south-1
svc-notify,notify-worker,2025-05-25T15:00:00Z,200,148,ms,agent-1,ap-south-1
svc-notify,notify-worker,2025-05-31T11:00:00Z,200,119,ms,agent-1,ap-south-1
svc-reports,reports-api,2025-05-30T15:45:00Z,200,485,ms,agent-1,ap-south-1
svc-auth,auth-api,2025-05-19T23:00:00Z,200,135,ms,agent-1,ap-south-1
svc-reports,reports-api,2025-05-24T10:00:00Z,200,641,ms,agent-1,ap-south-1
svc-auth,auth-api,2025-05-23T18:00:00Z,200,174,ms,agent-2,ap-south-1
svc-search,search-api,2025-05-30T23:00:00Z,200,0.518,s,agent-2,ap-south-1
svc-notify,notify-worker,2025-05-25T15:30:00Z,200,122,ms,agent-1,ap-south-1
svc-payments,payments-api,2025-05-23T15:00:00Z,200,441,ms,agent-1,ap-south-1
svc-reports,reports-api,2025-05-28T04:45:00Z,200,575,ms,agent-1,ap-south-1
svc-notify,notify-worker,2025-05-27T07:45:00Z,200,122,ms,agent-1,ap-south-1
svc-search,search-api,2025-05-22T18:15:00Z,200,0.387,s,agent-1,ap-south-1
svc-payments,payments-api,2025-05-29T08:00:00Z,200,347,ms,agent-1,ap-south-1
svc-notify,notify-worker,2025-05-23T09:15:00Z,200,90,ms,agent-1,ap-south-1
svc-search,search-api,2025-05-24T15:45:00Z,200,0.645,s,agent-1,ap-south-1
svc-reports,reports-api,2025-05-23T05:00:00Z,200,731,ms,agent-1,ap-south-1
svc-payments,payments-api,2025-05-26T12:00:00Z,200,259,ms,agent-1,ap-south-1
svc-auth,auth-api,2025-05-31T19:00:00Z,200,172,ms,agent-1,ap-south-1
svc-search,search-api,2025-06-01T16:15:00Z,200,0.714,s,agent-1,ap-south-1
svc-search,search-api,2025-05-23T08:15:00Z,200,0.687,s,agent-1,ap-south-1
svc-payments,payments-api,2025-05-29T03:30:00Z,200,351,ms,agent-1,ap-south-1
svc-search,search-api,2025-05-28T15:15:00Z,200,0.367,s,agent-1,ap-south-1
svc-search,search-api,2025-05-30T18:15:00Z,200,0.653,s,agent-1,ap-south-1
svc-payments,payments-api,2025-05-29T13:00:00Z,200,352,ms,agent-1,ap-south-1
svc-reports,reports-api,2025-05-22T10:30:00Z,200,736,ms,agent-1,ap-south-1
svc-notify,notify-worker,2025-05-19T23:15:00Z,200,101,ms,agent-1,ap-south-1
svc-reports,reports-api,2025-05-20T02:30:00Z,200,621,ms,agent-1,ap-south-1
svc-search,search-api,2025-05-31T13:15:00Z,200,0.428,s,agent-1,ap-south-1
svc-search,search-api,2025-05-28T01:15:00Z,200,0.613,s,agent-1,ap-south-1
svc-auth,auth-api,2025-05-21T11:15:00Z,200,188,ms,agent-1,ap-south-1
svc-auth,auth-api,2025-05-29T03:15:00Z,200,120,ms,agent-1,ap-south-1
svc-reports,reports-api,2025-05-26T09:15:00Z,200,449,ms,agent-1,ap-south-1
svc-payments,payments-api,2025-05-22T18:45:00Z,200,425,ms,agent-1,ap-south-1
svc-payments,payments-api,2025-05-26T04:30:00Z,200,296,ms,agent-1,ap-south-1
svc-payments,payments-api,2025-05-24T08:00:00+05:30,200,351,ms,agent-1,ap-south-1
svc-search,search-api,2025-05-21T18:00:00Z,200,0.665,s,agent-1,ap-south-1
svc-auth,auth-api,2025-05-19T11:15:00Z,200,115,ms,agent-1,ap-south-1
svc-search,search-api,2025-05-27T23:45:00Z,200,0.475,s,agent-1,ap-south-1
svc-reports,reports-api,1748438100,200,,ms,agent-1,ap-south-1
svc-search,search-api,2025-05-21T12:30:00Z,200,0.39,s,agent-2,ap-south-1
svc-search,search-api,2025-05-28T22:45:00Z,200,0.483,s,agent-1,ap-south-1
svc-notify,notify-worker,2025-05-21T02:15:00Z,200,122,ms,agent-1,ap-south-1
svc-auth,auth-api,2025-05-25T03:45:00Z,200,129,ms,agent-1,ap-south-1
svc-search,search-api,2025-05-30T08:00:00Z,200,0.734,s,agent-2,ap-south-1
svc-reports,reports-api,2025-05-30T03:15:00Z,200,609,ms,agent-2,ap-south-1
svc-payments,payments-api,2025-05-29T20:45:00Z,200,389,ms,agent-1,ap-south-1
svc-notify,notify-worker,2025-05-26T07:15:00Z,200,85,ms,agent-1,ap-south-1
svc-search,search-api,2025-05-19T21:30:00Z,200,0.413,s,agent-1,ap-south-1
svc-payments,payments-api,2025-05-21T17:30:00Z,200,422,ms,agent-1,ap-south-1
svc-auth,auth-api,2025-05-30T02:45:00Z,200,96,ms,agent-1,ap-south-1
svc-auth,auth-api,2025-05-20T11:00:00Z,200,169,ms,agent-1,ap-south-1
svc-notify,notify-worker,2025-05-20T23:30:00Z,200,135,ms,agent-1,ap-south-1
svc-notify,notify-worker,2025-05-20T02:30:00Z,200,145,ms,agent-1,ap-south-1
svc-notify,notify-worker,2025-05-22T18:15:00Z,200,118,ms,agent-1,ap-south-1
svc-notify,notify-worker,2025-05-30T12:15:00Z,200,142,ms,agent-1,ap-south-1
svc-auth,auth-api,2025-05-19T03:15:00Z,200,171,ms,agent-2,ap-south-1
svc-search,search-api,2025-05-26T09:45:00Z,200,0.651,s,agent-1,ap-south-1
svc-search,search-api,2025-06-01T20:00:00Z,200,0.55,s,agent-1,ap-south-1
svc-payments,payments-api,2025-05-23T17:15:00Z,200,492,ms,agent-1,ap-south-1
svc-reports,reports-api,2025-05-22T07:30:00Z,200,619,ms,agent-1,ap-south-1
svc-notify,notify-worker,2025-05-30T07:00:00Z,200,99,ms,agent-1,ap-south-1
svc-auth,auth-api,2025-05-23T00:45:00Z,200,188,ms,agent-1,ap-south-1
svc-reports,reports-api,2025-05-26T15:45:00Z,200,436,ms,agent-2,ap-south-1
svc-notify,notify-worker,2025-05-23T17:15:00Z,200,102,ms,agent-1,ap-south-1
svc-search,search-api,2025-05-22T16:00:00Z,200,0.425,s,agent-2,ap-south-1
svc-search,search-api,2025-06-01T09:45:00Z,200,0.441,s,agent-1,ap-south-1
svc-notify,notify-worker,2025-05-19T16:30:00Z,500,277,ms,agent-1,ap-south-1
svc-reports,reports-api,2025-05-26T03:30:00Z,200,902,ms,agent-2,ap-south-1
svc-auth,auth-api,2025-05-29T14:45:00Z,200,175,ms,agent-1,ap-south-1
svc-payments,payments-api,2025-05-26T21:30:00Z,200,410,ms,agent-1,ap-south-1
svc-reports,reports-api,2025-05-23T15:15:00Z,200,599,ms,agent-1,ap-south-1
svc-reports,reports-api,2025-05-28T11:15:00Z,200,759,ms,agent-1,ap-south-1
svc-reports,reports-api,2025-05-19T12:15:00Z,200,489,ms,agent-1,ap-south-1
svc-payments,payments-api,2025-05-31T11:15:00Z,200,353,ms,agent-1,ap-south-1
svc-auth,auth-api,2025-05-19T12:15:00Z,200,159,ms,agent-1,ap-south-1
svc-auth,auth-api,2025-05-19T05:15:00Z,200,114,ms,agent-1,ap-south-1
svc-auth,auth-api,2025-05-28T07:00:00Z,200,121,ms,agent-1,ap-south-1
svc-search,search-api,2025-05-31T18:30:00Z,200,0.4,s,agent-1,ap-south-1
svc-payments,payments-api,2025-05-25T07:00:00Z,200,320,ms,agent-1,ap-south-1
svc-search,search-api,2025-05-28T23:45:00Z,200,0.667,s,agent-1,ap-south-1
svc-notify,notify-worker,2025-05-30T18:00:00Z,200,84,ms,agent-1,ap-south-1
svc-notify,notify-worker,2025-05-30T20:15:00Z,200,87,ms,agent-1,ap-south-1
svc-reports,reports-api,2025-05-20T22:30:00Z,502,447,ms,agent-1,ap-south-1
svc-reports,reports-api,2025-05-25T20:45:00Z,200,547,ms,agent-2,ap-south-1
svc-payments,payments-api,2025-05-28T22:30:00Z,200,434,ms,agent-1,ap-south-1
svc-payments,payments-api,2025-05-24T07:45:00Z,200,463,ms,agent-1,ap-south-1
svc-reports,reports-api,2025-05-26T18:15:00Z,200,820,ms,agent-1,ap-south-1
svc-auth,auth-api,1747781100,200,162,ms,agent-1,ap-south-1
svc-search,search-api,2025-05-30T22:30:00Z,200,0.652,s,agent-1,ap-south-1
svc-search,search-api,2025-05-24T16:15:00Z,200,0.374,s,agent-1,ap-south-1
svc-auth,auth-api,2025-05-31T01:15:00Z,200,111,ms,agent-1,ap-south-1
svc-reports,reports-api,2025-05-31T23:45:00Z,200,756,ms,agent-1,ap-south-1
svc-notify,notify-worker,2025-05-30T15:30:00Z,200,125,ms,agent-1,ap-south-1
svc-notify,notify-worker,2025-05-20T22:45:00Z,200,113,ms,agent-1,ap-south-1
svc-search,search-api,2025-05-20T15:30:00Z,200,0.531,s,agent-2,ap-south-1
svc-search,search-api,2025-05-31T19:45:00Z,200,0.627,s,agent-1,ap-south-1
svc-search,search-api,2025-05-31T02:15:00Z,200,0.537,s,agent-1,ap-south-1
svc-reports,reports-api,2025-05-20T00:15:00Z,200,449,ms,agent-1,ap-south-1
svc-payments,payments-api,2025-05-26T19:15:00Z,200,393,ms,agent-1,ap-south-1
svc-reports,reports-api,2025-05-29T09:30:00Z,200,473,ms,agent-1,ap-south-1
svc-payments,payments-api,2025-05-19T19:30:00Z,200,291,ms,agent-1,ap-south-1
svc-notify,notify-worker,2025-05-31T05:45:00Z,200,99,ms,agent-1,ap-south-1
svc-payments,payments-api,2025-05-25T09:45:00Z,200,382,ms,agent-1,ap-south-1
svc-notify,notify-worker,2025-05-20T03:45:00Z,200,147,ms,agent-1,ap-south-1
svc-payments,payments-api,2025-05-23T21:30:00Z,200,348,ms,agent-1,ap-south-1
svc-notify,notify-worker,2025-05-24T10:15:00Z,200,148,ms,agent-1,ap-south-1
svc-payments,payments-api,2025-05-22T09:00:00Z,200,348,ms,agent-1,ap-south-1
svc-search,search-api,2025-05-21T03:30:00Z,200,0.457,s,agent-1,ap-south-1
svc-payments,payments-api,2025-05-27T22:00:00Z,200,329,ms,agent-1,ap-south-1
svc-reports,reports-api,2025-05-27T12:30:00Z,200,757,ms,agent-2,ap-south-1
svc-reports,reports-api,2025-05-27T00:45:00Z,200,629,ms,agent-1,ap-south-1
svc-reports,reports-api,2025-05-19T04:15:00Z,200,604,ms,agent-1,ap-south-1
svc-reports,reports-api,2025-05-20T07:00:00Z,200,557,ms,agent-1,ap-south-1
svc-notify,notify-worker,2025-05-23T00:00:00Z,200,118,ms,agent-1,ap-south-1
svc-payments,payments-api,2025-05-21T02:15:00Z,200,351,ms,agent-1,ap-south-1
svc-notify,notify-worker,2025-06-01T14:15:00Z,200,127,ms,agent-1,ap-south-1
svc-payments,payments-api,2025-05-27T06:15:00Z,200,427,ms,agent-1,ap-south-1
svc-search,search-api,2025-05-19T03:15:00Z,200,0.656,s,agent-1,ap-south-1
svc-payments,payments-api,2025-05-26T06:00:00Z,200,395,ms,agent-1,ap-south-1
svc-notify,notify-worker,2025-05-21T11:30:00Z,200,140,ms,agent-1,ap-south-1
svc-reports,reports-api,2025-05-30T16:45:00Z,200,457,ms,agent-1,ap-south-1
svc-payments,payments-api,2025-05-20T12:15:00Z,200,395,ms,agent-1,ap-south-1
svc-reports,reports-api,2025-05-26T08:00:00Z,200,799,ms,agent-1,ap-south-1
svc-search,search-api,2025-05-26T02:45:00Z,200,0.391,s,agent-2,ap-south-1
svc-search,search-api,1748767500,200,0.432,s,agent-1,ap-south-1
svc-notify,notify-worker,2025-06-01T04:00:00Z,200,81,ms,agent-1,ap-south-1
svc-auth,auth-api,2025-06-01T16:45:00Z,200,132,ms,agent-1,ap-south-1
svc-search,search-api,2025-05-29T23:30:00Z,200,0.547,s,agent-1,ap-south-1
svc-notify,notify-worker,2025-05-19T08:45:00Z,200,86,ms,agent-1,ap-south-1
svc-auth,auth-api,2025-06-01T22:15:00Z,200,188,ms,agent-2,ap-south-1
svc-notify,notify-worker,2025-05-25T04:15:00Z,200,142,ms,agent-1,ap-south-1
svc-search,search-api,2025-05-25T06:45:00Z,200,0.436,s,agent-1,ap-south-1
svc-auth,auth-api,2025-05-31T04:45:00Z,200,97,ms,agent-1,ap-south-1
svc-auth,auth-api,2025-05-23T21:30:00Z,200,176,ms,agent-2,ap-south-1
svc-notify,notify-worker,2025-05-31T15:15:00Z,200,92,ms,agent-1,ap-south-1
svc-auth,auth-api,2025-05-26T17:30:00Z,200,173,ms,agent-1,ap-south-1
svc-notify,notify-worker,2025-05-24T07:30:00Z,200,91,ms,agent-1,ap-south-1
svc-notify,notify-worker,2025-05-23T22:30:00Z,200,128,ms,agent-1,ap-south-1
svc-notify,notify-worker,2025-05-19T15:45:00Z,503,364,ms,agent-1,ap-south-1
svc-auth,auth-api,2025-06-01T15:15:00Z,200,122,ms,agent-1,ap-south-1
svc-notify,notify-worker,2025-05-23T18:45:00Z,200,84,ms,agent-1,ap-south-1
svc-notify,notify-worker,2025-05-28T05:45:00Z,200,122,ms,agent-1,ap-south-1
svc-notify,notify-worker,1747807200,200,128,ms,agent-2,ap-south-1
svc-search,search-api,2025-05-31T00:15:00Z,200,0.45,s,agent-1,ap-south-1
svc-search,search-api,2025-05-25T16:45:00Z,200,0.704,s,agent-1,ap-south-1
svc-auth,auth-api,2025-05-20T19:15:00Z,200,170,ms,agent-1,ap-south-1
svc-notify,notify-worker,2025-05-28T05:30:00Z,200,140,ms,agent-1,ap-south-1
svc-search,search-api,2025-05-29T14:15:00Z,200,0.615,s,agent-1,ap-south-1
svc-auth,auth-api,2025-05-26T16:30:00Z,200,129,ms,agent-1,ap-south-1
svc-reports,reports-api,2025-05-19T22:15:00Z,200,483,ms,agent-1,ap-south-1
svc-payments,payments-api,2025-05-30T18:45:00Z,200,256,ms,agent-1,ap-south-1
svc-search,search-api,2025-05-20T12:45:00Z,200,0.402,s,agent-1,ap-south-1
svc-auth,auth-api,2025-05-26T14:45:00Z,200,162,ms,agent-1,ap-south-1
svc-auth,auth-api,2025-05-30T09:00:00Z,200,109,ms,agent-1,ap-south-1
svc-auth,auth-api,2025-05-28T10:15:00Z,200,183,ms,agent-1,ap-south-1
svc-auth,auth-api,2025-06-01T08:00:00Z,200,169,ms,agent-1,ap-south-1
svc-search,search-api,2025-05-22T22:15:00Z,200,0.498,s,agent-1,ap-south-1
svc-reports,reports-api,2025-05-29T16:30:00Z,200,570,ms,agent-1,ap-south-1
svc-payments,payments-api,2025-06-01T02:30:00Z,200,306,ms,agent-1,ap-south-1
svc-auth,auth-api,2025-05-24T14:00:00Z,200,132,ms,agent-1,ap-south-1
svc-auth,auth-api,2025-06-01T05:45:00Z,200,164,ms,agent-1,ap-south-1
svc-payments,payments-api,2025-05-23T03:45:00Z,200,307,ms,agent-1,ap-south-1
svc-payments,payments-api,2025-05-19T05:00:00Z,200,385,ms,agent-1,ap-south-1
svc-reports,reports-api,2025-05-30T03:30:00Z,200,652,ms,agent-2,ap-south-1
svc-notify,notify-worker,2025-05-20T09:30:00Z,200,116,ms,agent-1,ap-south-1
svc-reports,reports-api,2025-05-29T21:45:00Z,200,691,ms,agent-1,ap-south-1
svc-reports,reports-api,2025-05-24T04:30:00Z,200,639,ms,agent-1,ap-south-1
svc-notify,notify-worker,2025-05-22T19:00:00Z,200,103,ms,agent-1,ap-south-1
svc-notify,notify-worker,2025-05-26T20:45:00Z,200,122,ms,agent-1,ap-south-1
svc-search,search-api,2025-05-22T15:15:00Z,200,0.406,s,agent-1,ap-south-1
svc-notify,notify-worker,2025-05-23T13:45:00Z,200,108,ms,agent-1,ap-south-1
svc-notify,notify-worker,2025-05-24T06:45:00Z,200,120,ms,agent-1,ap-south-1
svc-search,search-api,2025-05-26T23:00:00Z,200,0.534,s,agent-1,ap-south-1
svc-notify,notify-worker,2025-05-25T18:15:00Z,200,103,ms,agent-1,ap-south-1
svc-notify,notify-worker,2025-06-01T05:00:00Z,200,104,ms,agent-1,ap-south-1
svc-search,search-api,2025-05-25T18:45:00Z,200,0.468,s,agent-1,ap-south-1
svc-reports,reports-api,2025-05-28T20:15:00Z,200,,ms,agent-1,ap-south-1
svc-notify,notify-worker,2025-05-27T23:15:00Z,200,137,ms,agent-1,ap-south-1
svc-reports,reports-api,2025-05-30T07:00:00Z,200,,ms,agent-1,ap-south-1
svc-notify,notify-worker,2025-05-27T00:45:00Z,200,116,ms,agent-1,ap-south-1
svc-payments,payments-api,2025-05-28T00:00:00Z,200,358,ms,agent-1,ap-south-1
svc-reports,reports-api,2025-05-22T15:00:00Z,200,453,ms,agent-1,ap-south-1
svc-auth,auth-api,2025-05-19T03:30:00Z,200,108,ms,agent-1,ap-south-1
svc-auth,auth-api,2025-05-30T22:45:00Z,200,178,ms,agent-1,ap-south-1
svc-search,search-api,2025-05-22T03:15:00Z,200,0.687,s,agent-1,ap-south-1
svc-payments,payments-api,2025-05-29T15:15:00Z,200,420,ms,agent-1,ap-south-1
svc-auth,auth-api,2025-05-19T02:30:00Z,200,182,ms,agent-1,ap-south-1
svc-auth,auth-api,2025-05-26T06:45:00Z,200,115,ms,agent-1,ap-south-1
svc-reports,reports-api,2025-05-31T18:00:00Z,200,827,ms,agent-2,ap-south-1
svc-notify,notify-worker,2025-05-31T17:00:00Z,200,106,ms,agent-1,ap-south-1
svc-search,search-api,2025-05-21T07:30:00Z,200,0.366,s,agent-1,ap-south-1
svc-auth,auth-api,2025-05-19T06:45:00Z,200,187,ms,agent-1,ap-south-1
svc-notify,notify-worker,2025-05-19T21:30:00Z,200,82,ms,agent-1,ap-south-1
svc-payments,payments-api,2025-05-19T22:45:00Z,200,466,ms,agent-1,ap-south-1
svc-reports,reports-api,2025-05-21T21:30:00Z,200,639,ms,agent-1,ap-south-1
svc-auth,auth-api,2025-05-22T08:00:00Z,200,122,ms,agent-1,ap-south-1
svc-reports,reports-api,2025-05-29T00:00:00Z,503,514,ms,agent-1,ap-south-1
svc-payments,payments-api,2025-05-23T06:45:00Z,200,487,ms,agent-1,ap-south-1
svc-auth,auth-api,2025-05-26T10:30:00Z,200,103,ms,agent-1,ap-south-1
svc-reports,reports-api,2025-05-22T08:15:00Z,200,662,ms,agent-1,ap-south-1
svc-payments,payments-api,2025-05-25T19:45:00Z,200,400,ms,agent-1,ap-south-1
svc-reports,reports-api,2025-05-19T14:15:00Z,200,800,ms,agent-1,ap-south-1
svc-notify,notify-worker,2025-05-20T03:15:00Z,200,138,ms,agent-1,ap-south-1
svc-reports,reports-api,2025-05-22T13:15:00Z,200,824,ms,agent-1,ap-south-1
svc-notify,notify-worker,2025-05-20T19:45:00Z,200,134,ms,agent-1,ap-south-1
svc-notify,notify-worker,2025-05-20T06:15:00Z,200,97,ms,agent-1,ap-south-1
svc-reports,reports-api,2025-05-31T12:00:00Z,200,582,ms,agent-1,ap-south-1
svc-auth,auth-api,2025-05-22T20:00:00Z,200,113,ms,agent-1,ap-south-1
svc-auth,auth-api,2025-05-25T02:00:00Z,200,120,ms,agent-1,ap-south-1
svc-payments,payments-api,2025-05-31T00:15:00Z,200,308,ms,agent-1,ap-south-1
svc-notify,notify-worker,2025-05-28T10:30:00Z,200,151,ms,agent-1,ap-south-1
svc-notify,notify-worker,2025-05-28T16:30:00Z,200,114,ms,agent-1,ap-south-1
svc-search,search-api,2025-05-21T05:30:00Z,200,0.51,s,agent-1,ap-south-1
svc-auth,auth-api,2025-05-26T20:30:00Z,200,132,ms,agent-1,ap-south-1
svc-search,search-api,2025-05-23T11:45:00Z,200,0.499,s,agent-1,ap-south-1
svc-payments,payments-api,2025-05-22T13:30:00Z,200,400,ms,agent-1,ap-south-1
svc-notify,notify-worker,2025-05-29T01:00:00Z,200,82,ms,agent-1,ap-south-1
svc-payments,payments-api,2025-05-23T00:15:00Z,200,284,ms,agent-1,ap-south-1
svc-reports,reports-api,2025-05-22T14:00:00Z,200,464,ms,agent-1,ap-south-1
svc-auth,auth-api,2025-05-27T12:45:00Z,200,133,ms,agent-1,ap-south-1
svc-payments,payments-api,2025-05-20T22:45:00Z,200,413,ms,agent-2,ap-south-1
svc-reports,reports-api,2025-05-19T14:15:00Z,200,800,ms,agent-2,ap-south-1
svc-auth,auth-api,2025-05-30T19:45:00Z,200,177,ms,agent-1,ap-south-1
svc-search,search-api,2025-05-27T09:15:00Z,200,0.632,s,agent-1,ap-south-1
svc-payments,payments-api,2025-05-31T01:15:00Z,200,336,ms,agent-1,ap-south-1
svc-payments,payments-api,2025-05-27T17:00:00Z,200,439,ms,agent-1,ap-south-1
svc-auth,auth-api,2025-05-24T13:45:00Z,200,121,ms,agent-1,ap-south-1
svc-notify,notify-worker,2025-05-27T14:15:00Z,200,130,ms,agent-2,ap-south-1
svc-search,search-api,2025-06-01T14:00:00Z,200,0.454,s,agent-1,ap-south-1
svc-search,search-api,2025-05-29T13:45:00Z,200,0.719,s,agent-1,ap-south-1
svc-search,search-api,2025-05-23T18:15:00Z,200,0.707,s,agent-1,ap-south-1
svc-payments,payments-api,2025-05-22T01:45:00Z,200,260,ms,agent-1,ap-south-1
svc-auth,auth-api,2025-05-30T11:45:00Z,200,97,ms,agent-1,ap-south-1
svc-search,search-api,2025-05-21T18:15:00Z,200,0.467,s,agent-1,ap-south-1
svc-notify,notify-worker,2025-05-19T23:30:00Z,200,86,ms,agent-1,ap-south-1
svc-payments,payments-api,2025-05-21T05:45:00Z,200,420,ms,agent-1,ap-south-1
svc-reports,reports-api,2025-06-01T22:15:00Z,200,541,ms,agent-1,ap-south-1
svc-notify,notify-worker,2025-05-26T02:45:00Z,200,120,ms,agent-1,ap-south-1
svc-auth,auth-api,2025-05-29T08:00:00Z,200,172,ms,agent-1,ap-south-1
svc-payments,payments-api,2025-05-23T01:00:00Z,200,401,ms,agent-2,ap-south-1
svc-notify,notify-worker,2025-05-21T08:30:00Z,200,135,ms,agent-1,ap-south-1
svc-notify,notify-worker,2025-05-26T15:45:00Z,200,147,ms,agent-1,ap-south-1
svc-auth,auth-api,2025-06-01T03:30:00Z,200,126,ms,agent-1,ap-south-1
svc-search,search-api,2025-05-21T11:15:00Z,200,0.715,s,agent-1,ap-south-1
svc-payments,payments-api,2025-05-31T22:30:00Z,200,384,ms,agent-1,ap-south-1
svc-reports,reports-api,2025-05-29T23:45:00Z,200,788,ms,agent-1,ap-south-1
svc-payments,payments-api,2025-05-31T00:30:00Z,200,341,ms,agent-1,ap-south-1
svc-auth,auth-api,2025-05-23T23:15:00+05:30,200,140,ms,agent-1,ap-south-1
svc-search,search-api,2025-05-23T23:45:00Z,200,0.451,s,agent-1,ap-south-1
svc-payments,payments-api,2025-05-30T20:45:00Z,200,253,ms,agent-1,ap-south-1
svc-reports,reports-api,2025-05-31T22:30:00Z,200,641,ms,agent-1,ap-south-1
svc-payments,payments-api,2025-05-30T18:30:00Z,200,267,ms,agent-1,ap-south-1
svc-reports,reports-api,2025-05-26T05:45:00Z,200,673,ms,agent-1,ap-south-1
svc-search,search-api,2025-05-22T06:00:00Z,200,0.408,s,agent-1,ap-south-1
svc-payments,payments-api,2025-05-21T04:00:00Z,200,481,ms,agent-1,ap-south-1
svc-notify,notify-worker,2025-05-27T02:00:00Z,200,142,ms,agent-1,ap-south-1
svc-notify,notify-worker,2025-05-25T09:30:00Z,502,280,ms,agent-1,ap-south-1
svc-payments,payments-api,2025-05-22T19:30:00Z,200,274,ms,agent-1,ap-south-1
svc-reports,reports-api,2025-05-30T21:30:00Z,200,632,ms,agent-1,ap-south-1
svc-reports,reports-api,2025-05-19T03:30:00Z,200,615,ms,agent-2,ap-south-1
svc-reports,reports-api,2025-05-24T00:45:00Z,200,537,ms,agent-2,ap-south-1
svc-search,search-api,2025-05-19T14:15:00Z,200,0.636,s,agent-1,ap-south-1
svc-search,search-api,2025-05-27T14:15:00Z,200,0.646,s,agent-2,ap-south-1
svc-notify,notify-worker,2025-05-20T05:30:00Z,200,115,ms,agent-1,ap-south-1
svc-payments,payments-api,2025-05-28T08:30:00Z,200,303,ms,agent-1,ap-south-1
svc-notify,notify-worker,2025-05-26T02:30:00Z,200,100,ms,agent-1,ap-south-1
svc-notify,notify-worker,2025-05-21T00:15:00Z,200,78,ms,agent-1,ap-south-1
svc-notify,notify-worker,2025-05-23T21:15:00Z,200,94,ms,agent-1,ap-south-1
svc-payments,payments-api,2025-05-27T18:15:00Z,200,435,ms,agent-1,ap-south-1
svc-reports,reports-api,2025-05-26T20:30:00Z,200,486,ms,agent-1,ap-south-1
svc-search,search-api,2025-05-27T18:15:00Z,200,0.72,s,agent-1,ap-south-1
svc-notify,notify-worker,2025-05-29T03:30:00Z,200,95,ms,agent-2,ap-south-1
svc-search,search-api,2025-05-31T23:30:00Z,200,0.63,s,agent-1,ap-south-1
svc-auth,auth-api,2025-05-20T00:45:00Z,200,184,ms,agent-1,ap-south-1
svc-payments,payments-api,2025-05-30T18:15:00Z,200,423,ms,agent-1,ap-south-1
svc-reports,reports-api,2025-05-19T08:30:00Z,200,651,ms,agent-1,ap-south-1
svc-auth,auth-api,2025-05-27T16:45:00Z,200,172,ms,agent-1,ap-south-1
svc-notify,notify-worker,2025-05-31T16:45:00Z,200,134,ms,agent-1,ap-south-1
svc-notify,notify-worker,2025-05-29T04:45:00Z,200,110,ms,agent-1,ap-south-1
svc-notify,notify-worker,2025-05-30T01:00:00Z,200,87,ms,agent-1,ap-south-1
svc-payments,payments-api,2025-05-24T07:00:00Z,200,390,ms,agent-2,ap-south-1
svc-payments,payments-api,2025-05-27T02:00:00Z,200,325,ms,agent-1,ap-south-1
svc-auth,auth-api,2025-05-31T23:00:00Z,200,149,ms,agent-1,ap-south-1
svc-reports,reports-api,1748585700,200,619,ms,agent-1,ap-south-1
svc-auth,auth-api,2025-06-01T06:45:00Z,200,134,ms,agent-1,ap-south-1
svc-payments,payments-api,2025-05-29T05:00:00Z,200,315,ms,agent-1,ap-south-1
svc-reports,reports-api,2025-05-29T01:15:00Z,200,548,ms,agent-1,ap-south-1
svc-payments,payments-api,2025-05-29T21:00:00Z,200,356,ms,agent-1,ap-south-1
svc-notify,notify-worker,1747620000,200,103,ms,agent-1,ap-south-1
svc-payments,payments-api,2025-05-31T07:15:00Z,200,410,ms,agent-1,ap-south-1
svc-reports,reports-api,2025-05-24T23:45:00Z,500,440,ms,agent-1,ap-south-1
svc-payments,payments-api,2025-05-29T19:30:00Z,200,394,ms,agent-1,ap-south-1
svc-auth,auth-api,2025-05-19T03:45:00Z,200,171,ms,agent-1,ap-south-1
svc-search,search-api,2025-05-19T20:30:00Z,200,0.663,s,agent-1,ap-south-1
svc-search,search-api,2025-05-23T05:15:00Z,200,0.584,s,agent-1,ap-south-1
svc-payments,payments-api,2025-05-30T10:00:00Z,200,414,ms,agent-1,ap-south-1
svc-search,search-api,2025-05-26T01:00:00Z,200,0.505,s,agent-1,ap-south-1
svc-notify,notify-worker,2025-06-01T14:00:00Z,200,91,ms,agent-1,ap-south-1
svc-auth,auth-api,2025-05-25T22:15:00Z,200,126,ms,agent-1,ap-south-1
svc-search,search-api,2025-05-30T01:15:00Z,200,0.712,s,agent-1,ap-south-1
svc-reports,reports-api,2025-05-23T06:15:00Z,200,434,ms,agent-1,ap-south-1
svc-reports,reports-api,2025-05-26T20:15:00Z,200,712,ms,agent-1,ap-south-1
svc-reports,reports-api,2025-05-28T19:15:00Z,200,445,ms,agent-1,ap-south-1
svc-search,search-api,2025-05-27T08:15:00Z,200,0.411,s,agent-1,ap-south-1
svc-search,search-api,2025-05-31T10:15:00Z,200,0.712,s,agent-1,ap-south-1
svc-payments,payments-api,2025-05-27T01:00:00Z,200,438,ms,agent-1,ap-south-1
svc-notify,notify-worker,2025-05-31T11:30:00Z,200,148,ms,agent-1,ap-south-1
svc-search,search-api,2025-06-01T18:30:00Z,200,0.392,s,agent-1,ap-south-1
svc-reports,reports-api,2025-05-30T21:15:00Z,200,464,ms,agent-1,ap-south-1
svc-payments,payments-api,2025-06-01T04:45:00Z,200,369,ms,agent-1,ap-south-1
svc-auth,auth-api,2025-05-29T20:15:00Z,200,182,ms,agent-1,ap-south-1
svc-search,search-api,2025-05-19T17:15:00Z,200,0.378,s,agent-1,ap-south-1
svc-notify,notify-worker,2025-06-01T07:45:00Z,200,97,ms,agent-1,ap-south-1
svc-reports,reports-api,1748287800,200,450,ms,agent-1,ap-south-1
svc-reports,reports-api,2025-05-20T12:45:00Z,200,442,ms,agent-1,ap-south-1
svc-notify,notify-worker,2025-05-22T06:30:00Z,200,94,ms,agent-1,ap-south-1
svc-payments,payments-api,2025-05-25T20:30:00Z,200,339,ms,agent-1,ap-south-1
svc-notify,notify-worker,2025-05-24T05:00:00Z,200,107,ms,agent-1,ap-south-1
svc-reports,reports-api,2025-05-25T10:00:00Z,200,603,ms,agent-1,ap-south-1
svc-auth,auth-api,2025-05-30T05:45:00Z,200,145,ms,agent-1,ap-south-1
svc-notify,notify-worker,2025-05-24T13:15:00Z,200,100,ms,agent-1,ap-south-1
svc-payments,payments-api,2025-05-31T15:00:00Z,200,478,ms,agent-1,ap-south-1
svc-reports,reports-api,2025-05-21T20:00:00Z,200,700,ms,agent-1,ap-south-1
svc-reports,reports-api,2025-05-22T19:15:00Z,200,709,ms,agent-1,ap-south-1
svc-payments,payments-api,2025-05-30T15:00:00Z,200,316,ms,agent-1,ap-south-1
svc-payments,payments-api,2025-05-27T01:45:00Z,200,493,ms,agent-1,ap-south-1
svc-search,search-api,2025-05-25T06:00:00Z,200,0.589,s,agent-1,ap-south-1
svc-notify,notify-worker,2025-06-01T23:15:00Z,200,97,ms,agent-1,ap-south-1
svc-auth,auth-api,2025-05-25T14:15:00Z,200,131,ms,agent-1,ap-south-1
svc-payments,payments-api,2025-05-31T19:30:00Z,200,341,ms,agent-1,ap-south-1
svc-notify,notify-worker,2025-05-19T20:45:00Z,200,114,ms,agent-1,ap-south-1
svc-auth,auth-api,2025-05-27T05:15:00Z,200,111,ms,agent-1,ap-south-1
svc-search,search-api,2025-05-23T13:45:00Z,200,0.421,s,agent-1,ap-south-1
svc-auth,auth-api,2025-05-26T08:00:00Z,200,155,ms,agent-1,ap-south-1
svc-payments,payments-api,2025-05-19T00:30:00Z,200,392,ms,agent-1,ap-south-1
svc-notify,notify-worker,2025-05-31T07:15:00Z,200,77,ms,agent-1,ap-south-1
svc-payments,payments-api,2025-05-31T18:30:00Z,200,274,ms,agent-1,ap-south-1
svc-search,search-api,2025-05-22T19:30:00Z,200,0.685,s,agent-1,ap-south-1
svc-reports,reports-api,2025-05-19T20:30:00Z,200,636,ms,agent-1,ap-south-1
svc-payments,payments-api,2025-05-24T03:00:00Z,200,281,ms,agent-1,ap-south-1
svc-payments,payments-api,2025-05-28T15:45:00Z,200,429,ms,agent-2,ap-south-1
svc-notify,notify-worker,2025-05-26T08:45:00Z,200,86,ms,agent-1,ap-south-1
svc-auth,auth-api,2025-06-01T02:00:00Z,200,139,ms,agent-1,ap-south-1
svc-reports,reports-api,2025-05-19T02:45:00Z,200,849,ms,agent-1,ap-south-1
svc-payments,payments-api,2025-05-24T11:15:00Z,200,408,ms,agent-1,ap-south-1
svc-payments,payments-api,2025-05-28T06:30:00Z,200,380,ms,agent-1,ap-south-1
svc-notify,notify-worker,2025-05-22T01:15:00Z,200,79,ms,agent-1,ap-south-1
svc-auth,auth-api,2025-05-23T15:15:00Z,200,128,ms,agent-1,ap-south-1
svc-auth,auth-api,2025-05-23T23:45:00Z,200,119,ms,agent-1,ap-south-1
svc-auth,auth-api,2025-05-25T16:00:00Z,200,184,ms,agent-1,ap-south-1
svc-payments,payments-api,2025-05-20T00:00:00Z,200,261,ms,agent-1,ap-south-1
svc-payments,payments-api,2025-05-29T01:00:00Z,200,418,ms,agent-1,ap-south-1
svc-search,search-api,2025-05-19T18:30:00Z,200,0.483,s,agent-1,ap-south-1
svc-reports,reports-api,1748359800,200,820,ms,agent-1,ap-south-1
svc-reports,reports-api,2025-05-23T07:15:00Z,200,599,ms,agent-1,ap-south-1
svc-auth,auth-api,2025-05-29T19:15:00Z,200,166,ms,agent-1,ap-south-1
svc-auth,auth-api,2025-05-24T17:30:00Z,200,160,ms,agent-1,ap-south-1
svc-notify,notify-worker,2025-05-23T16:15:00Z,200,147,ms,agent-1,ap-south-1
svc-notify,notify-worker,2025-05-26T01:00:00Z,200,149,ms,agent-1,ap-south-1
svc-search,search-api,2025-05-30T14:15:00Z,200,0.533,s,agent-1,ap-south-1
svc-notify,notify-worker,2025-05-23T16:30:00Z,200,142,ms,agent-1,ap-south-1
svc-search,search-api,2025-05-20T23:15:00Z,200,0.421,s,agent-1,ap-south-1
svc-payments,payments-api,2025-05-22T16:00:00Z,200,248,ms,agent-1,ap-south-1
svc-payments,payments-api,2025-05-21T12:00:00Z,200,309,ms,agent-1,ap-south-1
svc-auth,auth-api,2025-05-29T14:30:00Z,200,182,ms,agent-1,ap-south-1
svc-search,search-api,2025-05-29T14:45:00Z,200,0.711,s,agent-2,ap-south-1
svc-search,search-api,2025-05-21T18:30:00Z,200,0.454,s,agent-1,ap-south-1
svc-search,search-api,2025-05-20T00:45:00Z,200,0.705,s,agent-1,ap-south-1
svc-auth,auth-api,2025-05-31T10:15:00Z,200,180,ms,agent-1,ap-south-1
svc-search,search-api,2025-05-29T17:15:00Z,200,0.533,s,agent-1,ap-south-1
svc-search,search-api,2025-05-26T10:45:00Z,200,0.522,s,agent-1,ap-south-1
svc-reports,reports-api,2025-06-01T21:00:00Z,200,807,ms,agent-1,ap-south-1
svc-reports,reports-api,2025-05-25T05:00:00Z,200,555,ms,agent-2,ap-south-1
svc-auth,auth-api,2025-06-01T07:30:00Z,200,135,ms,agent-1,ap-south-1
svc-payments,payments-api,2025-05-22T22:15:00Z,200,388,ms,agent-2,ap-south-1
svc-search,search-api,2025-05-20T01:30:00Z,200,0.505,s,agent-1,ap-south-1
svc-reports,reports-api,2025-05-29T05:45:00Z,200,861,ms,agent-1,ap-south-1
svc-payments,payments-api,2025-05-28T06:45:00Z,200,403,ms,agent-1,ap-south-1
svc-auth,auth-api,2025-05-30T01:15:00Z,200,101,ms,agent-1,ap-south-1
svc-notify,notify-worker,2025-06-01T17:15:00Z,200,94,ms,agent-1,ap-south-1
svc-search,search-api,2025-05-28T00:00:00Z,200,0.438,s,agent-1,ap-south-1
svc-payments,payments-api,2025-05-21T17:00:00Z,200,384,ms,agent-1,ap-south-1
svc-payments,payments-api,2025-05-20T14:30:00Z,200,374,ms,agent-1,ap-south-1
svc-notify,notify-worker,2025-05-26T20:00:00Z,200,120,ms,agent-1,ap-south-1
svc-notify,notify-worker,2025-05-29T18:30:00Z,200,91,ms,agent-1,ap-south-1
svc-notify,notify-worker,2025-05-25T08:30:00Z,503,506,ms,agent-1,ap-south-1
svc-payments,payments-api,2025-05-29T02:45:00Z,200,410,ms,agent-1,ap-south-1
svc-auth,auth-api,2025-05-20T03:45:00Z,200,112,ms,agent-1,ap-south-1
svc-payments,payments-api,2025-05-29T07:30:00Z,200,283,ms,agent-1,ap-south-1
svc-notify,notify-worker,2025-05-19T16:15:00Z,503,318,ms,agent-1,ap-south-1
svc-payments,payments-api,2025-05-26T20:30:00Z,200,446,ms,agent-1,ap-south-1
svc-reports,reports-api,2025-05-31T11:15:00Z,500,791,ms,agent-1,ap-south-1
svc-reports,reports-api,2025-05-29T01:00:00Z,200,817,ms,agent-1,ap-south-1
svc-payments,payments-api,2025-05-20T18:45:00Z,200,333,ms,agent-1,ap-south-1
svc-search,search-api,2025-05-28T22:00:00Z,200,0.614,s,agent-1,ap-south-1
svc-notify,notify-worker,2025-05-21T18:30:00Z,200,134,ms,agent-1,ap-south-1
svc-auth,auth-api,2025-05-21T05:30:00Z,200,163,ms,agent-1,ap-south-1
svc-search,search-api,2025-05-26T06:30:00Z,200,0.45,s,agent-1,ap-south-1
svc-reports,reports-api,2025-05-31T19:30:00Z,200,794,ms,agent-1,ap-south-1
svc-auth,auth-api,2025-05-24T15:00:00Z,200,189,ms,agent-1,ap-south-1
svc-auth,auth-api,2025-05-31T06:45:00Z,200,184,ms,agent-1,ap-south-1
svc-payments,payments-api,2025-05-20T10:15:00Z,200,288,ms,agent-1,ap-south-1
svc-search,search-api,2025-05-22T18:45:00Z,200,0.694,s,agent-1,ap-south-1
svc-notify,notify-worker,2025-05-28T04:00:00Z,200,120,ms,agent-1,ap-south-1
svc-notify,notify-worker,2025-05-29T21:15:00Z,200,125,ms,agent-1,ap-south-1
svc-notify,notify-worker,2025-05-27T13:30:00Z,200,92,ms,agent-1,ap-south-1
svc-payments,payments-api,2025-05-31T12:45:00Z,200,263,ms,agent-1,ap-south-1
svc-reports,reports-api,2025-05-22T14:30:00Z,200,565,ms,agent-1,ap-south-1
svc-search,search-api,2025-06-01T19:30:00Z,200,0.554,s,agent-1,ap-south-1
svc-reports,reports-api,2025-06-01T19:30:00Z,200,786,ms,agent-1,ap-south-1
svc-search,search-api,2025-05-30T23:15:00Z,200,0.515,s,agent-1,ap-south-1
svc-payments,payments-api,2025-05-27T21:30:00Z,200,266,ms,agent-1,ap-south-1
svc-auth,auth-api,2025-05-25T07:45:00Z,200,129,ms,agent-1,ap-south-1
svc-auth,auth-api,2025-05-27T05:30:00Z,200,97,ms,agent-2,ap-south-1
svc-auth,auth-api,2025-06-01T09:45:00Z,200,149,ms,agent-1,ap-south-1
svc-notify,notify-worker,2025-05-29T23:45:00Z,200,90,ms,agent-1,ap-south-1
svc-search,search-api,2025-05-25T11:00:00Z,200,0.433,s,agent-1,ap-south-1
svc-search,search-api,2025-05-20T22:15:00Z,200,0.369,s,agent-1,ap-south-1
svc-notify,notify-worker,2025-05-24T08:00:00Z,200,82,ms,agent-1,ap-south-1
svc-reports,reports-api,2025-05-21T02:15:00Z,200,,ms,agent-1,ap-south-1
svc-auth,auth-api,2025-05-31T22:00:00Z,200,122,ms,agent-1,ap-south-1
svc-notify,notify-worker,2025-05-23T10:45:00Z,200,90,ms,agent-1,ap-south-1
svc-payments,payments-api,2025-05-29T09:30:00Z,200,490,ms,agent-1,ap-south-1
svc-auth,auth-api,2025-05-30T22:00:00Z,200,163,ms,agent-1,ap-south-1
svc-notify,notify-worker,2025-05-28T20:00:00Z,200,135,ms,agent-1,ap-south-1
svc-notify,notify-worker,2025-05-25T03:45:00Z,200,84,ms,agent-2,ap-south-1
svc-reports,reports-api,2025-05-20T01:00:00Z,200,781,ms,agent-1,ap-south-1
svc-auth,auth-api,2025-05-24T23:15:00Z,200,178,ms,agent-1,ap-south-1
svc-search,search-api,2025-05-26T22:45:00Z,200,0.675,s,agent-2,ap-south-1
svc-payments,payments-api,2025-05-21T19:30:00Z,200,477,ms,agent-2,ap-south-1
svc-notify,notify-worker,2025-05-22T11:00:00Z,200,131,ms,agent-1,ap-south-1
svc-notify,notify-worker,2025-05-19T18:00:00Z,500,519,ms,agent-1,ap-south-1
svc-notify,notify-worker,2025-05-30T06:45:00Z,200,87,ms,agent-1,ap-south-1
svc-reports,reports-api,2025-05-27T17:15:00Z,200,619,ms,agent-1,ap-south-1
svc-search,search-api,2025-05-20T04:00:00Z,200,0.685,s,agent-1,ap-south-1
svc-reports,reports-api,2025-05-23T00:00:00Z,200,651,ms,agent-1,ap-south-1
svc-reports,reports-api,2025-05-27T04:15:00Z,200,700,ms,agent-1,ap-south-1
svc-auth,auth-api,2025-05-28T22:45:00Z,200,104,ms,agent-1,ap-south-1
svc-reports,reports-api,2025-05-20T13:45:00Z,200,645,ms,agent-1,ap-south-1
svc-notify,notify-worker,2025-05-25T02:45:00Z,200,124,ms,agent-1,ap-south-1
svc-payments,payments-api,2025-06-01T20:15:00Z,200,473,ms,agent-1,ap-south-1
svc-auth,auth-api,2025-05-31T08:15:00Z,200,128,ms,agent-1,ap-south-1
svc-auth,auth-api,2025-05-21T14:00:00Z,200,172,ms,agent-1,ap-south-1
svc-search,search-api,2025-05-27T02:15:00Z,200,0.479,s,agent-1,ap-south-1
svc-auth,auth-api,2025-05-22T19:30:00Z,200,158,ms,agent-2,ap-south-1
svc-reports,reports-api,2025-05-29T20:00:00Z,200,489,ms,agent-1,ap-south-1
svc-search,search-api,2025-05-20T21:00:00Z,200,0.494,s,agent-1,ap-south-1
svc-payments,payments-api,2025-05-26T10:00:00Z,200,339,ms,agent-1,ap-south-1
svc-reports,reports-api,2025-05-21T02:45:00Z,200,497,ms,agent-1,ap-south-1
svc-auth,auth-api,2025-05-20T15:00:00Z,200,119,ms,agent-1,ap-south-1
svc-notify,notify-worker,2025-05-23T03:45:00Z,200,118,ms,agent-2,ap-south-1
svc-auth,auth-api,2025-05-28T22:30:00Z,200,100,ms,agent-1,ap-south-1
svc-reports,reports-api,2025-05-24T03:45:00Z,200,504,ms,agent-1,ap-south-1
svc-auth,auth-api,2025-05-24T00:00:00Z,200,153,ms,agent-1,ap-south-1
svc-notify,notify-worker,2025-05-22T03:00:00Z,200,145,ms,agent-1,ap-south-1
svc-reports,reports-api,2025-05-28T23:30:00Z,200,553,ms,agent-1,ap-south-1
svc-payments,payments-api,1748399400,200,351,ms,agent-2,ap-south-1
svc-reports,reports-api,2025-05-26T00:15:00Z,200,510,ms,agent-1,ap-south-1
svc-search,search-api,2025-05-19T11:30:00Z,200,0.371,s,agent-1,ap-south-1
svc-reports,reports-api,2025-05-29T18:30:00Z,200,794,ms,agent-1,ap-south-1
svc-auth,auth-api,2025-05-27T06:15:00Z,200,117,ms,agent-1,ap-south-1
svc-reports,reports-api,2025-05-30T18:30:00Z,200,695,ms,agent-1,ap-south-1
svc-notify,notify-worker,2025-06-01T20:30:00Z,200,141,ms,agent-1,ap-south-1
svc-search,search-api,2025-05-27T08:45:00Z,200,0.404,s,agent-1,ap-south-1
svc-search,search-api,2025-05-28T13:15:00Z,200,0.663,s,agent-1,ap-south-1
svc-reports,reports-api,2025-05-28T12:15:00Z,200,705,ms,agent-1,ap-south-1
svc-payments,payments-api,2025-05-19T06:30:00Z,200,374,ms,agent-1,ap-south-1
svc-search,search-api,2025-05-29T01:00:00Z,200,0.383,s,agent-1,ap-south-1
svc-notify,notify-worker,2025-06-01T18:45:00Z,200,144,ms,agent-1,ap-south-1
svc-notify,notify-worker,2025-05-21T18:00:00Z,200,113,ms,agent-1,ap-south-1
svc-search,search-api,2025-05-22T08:15:00Z,200,0.452,s,agent-1,ap-south-1
svc-search,search-api,2025-05-23T09:15:00Z,200,0.383,s,agent-1,ap-south-1
svc-payments,payments-api,2025-05-23T02:30:00Z,200,298,ms,agent-1,ap-south-1
svc-auth,auth-api,2025-05-19T15:30:00Z,200,139,ms,agent-1,ap-south-1
svc-reports,reports-api,2025-05-24T15:45:00Z,200,636,ms,agent-1,ap-south-1
svc-payments,payments-api,2025-05-20T19:00:00Z,200,467,ms,agent-1,ap-south-1
svc-payments,payments-api,2025-05-19T18:00:00Z,200,302,ms,agent-1,ap-south-1
svc-search,search-api,2025-05-31T07:00:00Z,200,0.67,s,agent-1,ap-south-1
svc-reports,reports-api,2025-05-22T04:45:00Z,200,803,ms,agent-1,ap-south-1
svc-reports,reports-api,2025-05-21T09:00:00Z,200,761,ms,agent-1,ap-south-1
svc-auth,auth-api,2025-05-31T17:15:00Z,200,141,ms,agent-1,ap-south-1
svc-notify,notify-worker,2025-05-25T20:00:00Z,200,140,ms,agent-1,ap-south-1
svc-payments,payments-api,2025-05-19T15:00:00Z,200,311,ms,agent-1,ap-south-1
svc-search,search-api,2025-05-24T12:00:00Z,200,0.558,s,agent-1,ap-south-1
svc-notify,notify-worker,2025-05-25T16:15:00Z,200,108,ms,agent-1,ap-south-1
svc-payments,payments-api,2025-06-01T17:15:00Z,200,300,ms,agent-1,ap-south-1
svc-notify,notify-worker,2025-05-31T04:45:00Z,200,,ms,agent-1,ap-south-1
svc-notify,notify-worker,2025-05-20T18:00:00Z,200,95,ms,agent-1,ap-south-1
svc-search,search-api,2025-05-29T04:30:00Z,200,0.636,s,agent-2,ap-south-1
svc-payments,payments-api,2025-06-01T10:15:00Z,200,262,ms,agent-1,ap-south-1
svc-notify,notify-worker,2025-05-19T03:45:00Z,200,130,ms,agent-1,ap-south-1
svc-search,search-api,2025-05-23T19:45:00Z,200,0.416,s,agent-1,ap-south-1
svc-payments,payments-api,2025-05-31T17:30:00Z,200,378,ms,agent-2,ap-south-1
svc-notify,notify-worker,2025-06-01T05:15:00Z,200,107,ms,agent-1,ap-south-1
svc-notify,notify-worker,2025-05-21T19:45:00Z,200,99,ms,agent-1,ap-south-1
svc-auth,auth-api,2025-05-28T11:00:00Z,200,96,ms,agent-1,ap-south-1
svc-reports,reports-api,2025-05-31T13:45:00Z,200,758,ms,agent-1,ap-south-1
svc-reports,reports-api,2025-05-19T14:00:00Z,200,494,ms,agent-1,ap-south-1
svc-search,search-api,2025-05-25T20:00:00Z,200,0.396,s,agent-1,ap-south-1
svc-auth,auth-api,2025-05-29T05:45:00Z,200,134,ms,agent-1,ap-south-1
svc-auth,auth-api,2025-05-31T21:00:00Z,200,165,ms,agent-1,ap-south-1
svc-auth,auth-api,2025-05-23T00:15:00Z,200,141,ms,agent-1,ap-south-1
svc-auth,auth-api,2025-05-22T22:15:00Z,200,162,ms,agent-1,ap-south-1
svc-auth,auth-api,2025-05-20T07:00:00Z,200,185,ms,agent-2,ap-south-1
svc-auth,auth-api,2025-05-24T06:00:00Z,200,140,ms,agent-1,ap-south-1
svc-payments,payments-api,2025-05-27T16:00:00Z,200,293,ms,agent-1,ap-south-1
svc-notify,notify-worker,2025-05-29T02:30:00Z,200,99,ms,agent-1,ap-south-1
svc-notify,notify-worker,2025-05-31T03:30:00Z,200,118,ms,agent-1,ap-south-1
svc-reports,reports-api,2025-05-27T11:00:00Z,200,606,ms,agent-1,ap-south-1
svc-auth,auth-api,2025-06-01T00:15:00Z,200,141,ms,agent-1,ap-south-1
svc-notify,notify-worker,2025-05-20T17:45:00Z,200,114,ms,agent-1,ap-south-1
svc-auth,auth-api,2025-06-01T08:30:00Z,200,187,ms,agent-1,ap-south-1
svc-auth,auth-api,2025-05-21T11:00:00Z,200,145,ms,agent-1,ap-south-1
svc-search,search-api,2025-05-30T13:30:00Z,200,0.55,s,agent-1,ap-south-1
svc-notify,notify-worker,2025-05-20T16:00:00Z,200,142,ms,agent-1,ap-south-1
svc-reports,reports-api,2025-05-20T03:00:00+05:30,200,830,ms,agent-1,ap-south-1
svc-auth,auth-api,2025-05-28T06:15:00Z,200,190,ms,agent-1,ap-south-1
svc-search,search-api,2025-05-30T14:45:00Z,200,0.463,s,agent-1,ap-south-1
svc-payments,payments-api,2025-05-23T23:00:00Z,200,495,ms,agent-1,ap-south-1
svc-payments,payments-api,2025-05-29T19:45:00Z,200,397,ms,agent-1,ap-south-1
svc-auth,auth-api,2025-05-20T20:00:00Z,200,110,ms,agent-1,ap-south-1
svc-auth,auth-api,2025-05-27T20:45:00Z,200,97,ms,agent-1,ap-south-1
svc-notify,notify-worker,2025-05-25T10:00:00Z,200,346,ms,agent-1,ap-south-1
svc-reports,reports-api,2025-05-27T14:45:00Z,200,630,ms,agent-1,ap-south-1
svc-search,search-api,2025-05-22T22:45:00Z,200,0.527,s,agent-1,ap-south-1
svc-notify,notify-worker,2025-05-23T18:30:00Z,200,126,ms,agent-1,ap-south-1
svc-notify,notify-worker,2025-05-25T23:30:00Z,200,80,ms,agent-1,ap-south-1
svc-auth,auth-api,2025-05-27T17:30:00Z,200,183,ms,agent-1,ap-south-1
svc-notify,notify-worker,2025-05-28T21:30:00Z,200,76,ms,agent-1,ap-south-1
svc-search,search-api,2025-05-31T04:15:00Z,200,0.546,s,agent-1,ap-south-1
svc-auth,auth-api,2025-05-25T11:00:00Z,200,130,ms,agent-1,ap-south-1
svc-search,search-api,2025-05-19T16:30:00Z,200,0.406,s,agent-1,ap-south-1
svc-payments,payments-api,2025-05-23T12:30:00Z,200,351,ms,agent-1,ap-south-1
svc-notify,notify-worker,2025-06-01T00:30:00Z,200,122,ms,agent-1,ap-south-1
svc-search,search-api,2025-05-23T12:15:00Z,200,0.42,s,agent-1,ap-south-1
svc-payments,payments-api,2025-05-23T04:45:00Z,200,495,ms,agent-1,ap-south-1
svc-auth,auth-api,2025-05-25T09:15:00Z,200,177,ms,agent-1,ap-south-1
svc-notify,notify-worker,2025-05-25T17:30:00Z,200,120,ms,agent-2,ap-south-1
svc-payments,payments-api,2025-05-25T17:15:00Z,200,442,ms,agent-1,ap-south-1
svc-search,search-api,2025-05-20T02:30:00Z,200,0.444,s,agent-1,ap-south-1
svc-search,search-api,1747638900,200,0.589,s,agent-1,ap-south-1
svc-payments,payments-api,2025-05-19T20:15:00Z,200,342,ms,agent-1,ap-south-1
svc-reports,reports-api,2025-05-22T05:00:00Z,200,463,ms,agent-1,ap-south-1
svc-reports,reports-api,2025-05-26T10:15:00Z,200,760,ms,agent-1,ap-south-1
svc-search,search-api,2025-05-21T13:00:00Z,200,0.593,s,agent-1,ap-south-1
svc-auth,auth-api,2025-06-01T08:45:00Z,200,105,ms,agent-1,ap-south-1
svc-payments,payments-api,2025-05-29T04:45:00Z,200,342,ms,agent-1,ap-south-1
svc-search,search-api,2025-05-19T05:00:00Z,200,0.449,s,agent-1,ap-south-1
svc-notify,notify-worker,2025-05-20T00:30:00Z,200,136,ms,agent-1,ap-south-1
svc-search,search-api,2025-05-24T07:45:00Z,200,0.407,s,agent-2,ap-south-1
svc-auth,auth-api,2025-05-19T01:15:00Z,200,140,ms,agent-1,ap-south-1
svc-auth,auth-api,2025-05-29T17:30:00Z,200,171,ms,agent-1,ap-south-1
svc-reports,reports-api,2025-05-20T06:00:00Z,200,623,ms,agent-1,ap-south-1
svc-payments,payments-api,2025-05-29T07:45:00Z,200,412,ms,agent-1,ap-south-1
svc-search,search-api,2025-05-23T03:30:00Z,200,0.396,s,agent-1,ap-south-1
svc-search,search-api,2025-05-31T04:45:00Z,200,0.667,s,agent-1,ap-south-1
svc-reports,reports-api,2025-05-23T03:15:00Z,200,640,ms,agent-1,ap-south-1
svc-search,search-api,2025-05-29T21:00:00Z,200,0.611,s,agent-1,ap-south-1
svc-search,search-api,2025-05-24T15:00:00Z,200,0.49,s,agent-1,ap-south-1
svc-search,search-api,2025-05-26T22:45:00Z,200,0.698,s,agent-1,ap-south-1
svc-notify,notify-worker,2025-05-25T04:30:00Z,200,106,ms,agent-1,ap-south-1
svc-search,search-api,2025-05-21T21:00:00Z,200,0.489,s,agent-1,ap-south-1
svc-notify,notify-worker,2025-05-19T19:45:00Z,200,107,ms,agent-1,ap-south-1
svc-search,search-api,2025-05-25T18:30:00Z,200,0.648,s,agent-1,ap-south-1
svc-payments,payments-api,2025-05-26T15:00:00Z,200,493,ms,agent-1,ap-south-1
svc-reports,reports-api,2025-05-26T01:00:00Z,200,529,ms,agent-1,ap-south-1
svc-auth,auth-api,2025-05-30T05:30:00Z,200,167,ms,agent-1,ap-south-1
svc-notify,notify-worker,2025-05-30T14:00:00Z,200,118,ms,agent-1,ap-south-1
svc-reports,reports-api,2025-05-24T20:30:00Z,200,487,ms,agent-1,ap-south-1
svc-search,search-api,2025-05-19T14:00:00Z,200,0.675,s,agent-1,ap-south-1
svc-reports,reports-api,2025-05-22T01:15:00Z,502,435,ms,agent-1,ap-south-1
svc-payments,payments-api,2025-05-29T17:30:00Z,200,299,ms,agent-1,ap-south-1
svc-auth,auth-api,2025-05-30T08:45:00Z,200,159,ms,agent-1,ap-south-1
svc-payments,payments-api,2025-05-24T08:00:00Z,200,459,ms,agent-1,ap-south-1
svc-payments,payments-api,2025-05-26T05:45:00Z,200,,ms,agent-1,ap-south-1
svc-search,search-api,2025-06-01T06:00:00Z,200,,s,agent-1,ap-south-1
svc-search,search-api,2025-05-26T19:45:00Z,200,0.445,s,agent-1,ap-south-1
svc-notify,notify-worker,2025-05-28T00:30:00Z,200,84,ms,agent-1,ap-south-1
svc-payments,payments-api,2025-05-25T10:15:00Z,200,316,ms,agent-1,ap-south-1
svc-search,search-api,2025-05-28T13:45:00Z,200,0.364,s,agent-1,ap-south-1
svc-notify,notify-worker,2025-05-27T04:30:00Z,200,115,ms,agent-1,ap-south-1
svc-auth,auth-api,2025-05-31T10:30:00Z,200,168,ms,agent-1,ap-south-1
svc-notify,notify-worker,2025-05-28T13:30:00Z,200,95,ms,agent-1,ap-south-1
svc-notify,notify-worker,2025-06-01T05:30:00Z,200,120,ms,agent-1,ap-south-1
svc-payments,payments-api,2025-06-01T05:30:00+05:30,200,,ms,agent-1,ap-south-1
svc-payments,payments-api,2025-05-31T13:45:00Z,200,342,ms,agent-1,ap-south-1
svc-auth,auth-api,2025-06-01T15:45:00Z,200,103,ms,agent-1,ap-south-1
svc-payments,payments-api,2025-05-21T22:15:00Z,200,389,ms,agent-1,ap-south-1
svc-reports,reports-api,2025-05-28T05:15:00Z,200,655,ms,agent-1,ap-south-1
svc-notify,notify-worker,2025-05-21T05:15:00Z,200,96,ms,agent-1,ap-south-1
svc-notify,notify-worker,2025-05-21T19:30:00Z,200,105,ms,agent-1,ap-south-1
svc-reports,reports-api,2025-05-27T17:30:00Z,200,802,ms,agent-1,ap-south-1
svc-notify,notify-worker,2025-05-20T15:15:00Z,200,117,ms,agent-1,ap-south-1
svc-payments,payments-api,2025-05-26T09:00:00Z,200,256,ms,agent-1,ap-south-1
svc-auth,auth-api,2025-05-24T10:45:00Z,200,176,ms,agent-1,ap-south-1
svc-payments,payments-api,2025-05-20T01:00:00Z,200,320,ms,agent-1,ap-south-1
svc-notify,notify-worker,2025-05-24T12:00:00Z,200,81,ms,agent-1,ap-south-1
svc-search,search-api,2025-05-28T10:00:00Z,200,0.629,s,agent-1,ap-south-1
svc-search,search-api,2025-05-19T12:00:00Z,200,0.569,s,agent-2,ap-south-1
svc-search,search-api,2025-05-30T15:45:00Z,200,0.399,s,agent-1,ap-south-1
svc-payments,payments-api,2025-05-19T03:30:00Z,200,384,ms,agent-1,ap-south-1
svc-search,search-api,2025-06-01T02:15:00Z,200,0.547,s,agent-1,ap-south-1
svc-notify,notify-worker,2025-05-27T18:45:00Z,200,119,ms,agent-1,ap-south-1
svc-search,search-api,2025-05-31T21:30:00Z,200,0.563,s,agent-1,ap-south-1
svc-reports,reports-api,2025-05-30T05:45:00Z,200,797,ms,agent-1,ap-south-1
svc-payments,payments-api,2025-05-28T06:00:00Z,200,429,ms,agent-1,ap-south-1
svc-search,search-api,2025-06-01T13:15:00Z,200,0.599,s,agent-1,ap-south-1
svc-payments,payments-api,2025-05-31T13:30:00Z,200,462,ms,agent-1,ap-south-1
svc-reports,reports-api,2025-05-28T07:15:00Z,200,583,ms,agent-1,ap-south-1
svc-reports,reports-api,2025-05-25T05:00:00Z,200,530,ms,agent-1,ap-south-1
svc-payments,payments-api,2025-05-28T20:00:00Z,200,274,ms,agent-1,ap-south-1
svc-search,search-api,2025-05-20T09:00:00Z,200,0.629,s,agent-1,ap-south-1
svc-payments,payments-api,2025-05-21T04:30:00Z,200,314,ms,agent-1,ap-south-1
svc-notify,notify-worker,2025-05-27T14:45:00Z,200,77,ms,agent-1,ap-south-1
svc-notify,notify-worker,2025-05-23T15:15:00Z,200,,ms,agent-1,ap-south-1
svc-payments,payments-api,2025-05-21T09:45:00Z,200,483,ms,agent-1,ap-south-1
svc-reports,reports-api,2025-05-26T00:30:00Z,200,655,ms,agent-1,ap-south-1
svc-auth,auth-api,2025-05-31T05:30:00Z,200,137,ms,agent-1,ap-south-1
svc-search,search-api,2025-05-19T16:45:00Z,200,0.379,s,agent-1,ap-south-1
svc-reports,reports-api,2025-06-01T20:00:00Z,200,604,ms,agent-1,ap-south-1
svc-search,search-api,2025-05-19T06:30:00Z,200,0.55,s,agent-2,ap-south-1
svc-payments,payments-api,2025-05-24T06:45:00Z,200,434,ms,agent-1,ap-south-1
svc-reports,reports-api,2025-05-27T23:45:00Z,200,460,ms,agent-1,ap-south-1
svc-payments,payments-api,2025-05-28T15:45:00Z,200,443,ms,agent-1,ap-south-1
svc-auth,auth-api,2025-05-24T18:15:00Z,200,102,ms,agent-1,ap-south-1
svc-payments,payments-api,2025-05-25T08:45:00Z,200,522,ms,agent-2,ap-south-1
svc-auth,auth-api,2025-05-23T16:30:00Z,200,171,ms,agent-2,ap-south-1
svc-notify,notify-worker,2025-05-27T16:00:00Z,200,149,ms,agent-1,ap-south-1
svc-payments,payments-api,2025-05-30T10:30:00Z,200,369,ms,agent-1,ap-south-1
svc-search,search-api,2025-05-25T06:15:00Z,200,0.457,s,agent-1,ap-south-1
svc-search,search-api,2025-05-19T11:15:00Z,200,0.648,s,agent-1,ap-south-1
svc-auth,auth-api,2025-05-23T23:00:00Z,200,106,ms,agent-2,ap-south-1
svc-search,search-api,2025-05-25T09:15:00Z,200,0.46,s,agent-1,ap-south-1
svc-search,search-api,2025-05-19T07:00:00Z,200,0.641,s,agent-1,ap-south-1
svc-auth,auth-api,2025-05-20T11:45:00Z,200,100,ms,agent-1,ap-south-1
svc-auth,auth-api,2025-05-24T01:45:00Z,200,136,ms,agent-1,ap-south-1
svc-auth,auth-api,2025-05-31T13:45:00Z,200,161,ms,agent-1,ap-south-1
svc-notify,notify-worker,2025-05-28T10:15:00Z,200,103,ms,agent-1,ap-south-1
svc-reports,reports-api,2025-05-25T15:45:00Z,200,497,ms,agent-2,ap-south-1
svc-reports,reports-api,2025-05-23T11:30:00Z,200,440,ms,agent-1,ap-south-1
svc-notify,notify-worker,2025-05-28T23:45:00Z,200,82,ms,agent-1,ap-south-1
svc-reports,reports-api,2025-05-22T23:15:00Z,200,582,ms,agent-2,ap-south-1
svc-auth,auth-api,2025-05-31T03:15:00Z,200,170,ms,agent-1,ap-south-1
svc-reports,reports-api,2025-05-20T03:30:00Z,200,438,ms,agent-1,ap-south-1
svc-notify,notify-worker,2025-05-29T09:00:00Z,200,111,ms,agent-1,ap-south-1
svc-notify,notify-worker,2025-05-31T07:30:00Z,200,150,ms,agent-1,ap-south-1
svc-auth,auth-api,2025-05-26T03:45:00Z,200,132,ms,agent-1,ap-south-1
svc-auth,auth-api,2025-05-19T18:30:00Z,200,117,ms,agent-1,ap-south-1
svc-auth,auth-api,2025-05-25T10:45:00Z,200,120,ms,agent-2,ap-south-1
svc-payments,payments-api,2025-05-25T21:15:00Z,200,402,ms,agent-1,ap-south-1
svc-payments,payments-api,2025-05-27T12:30:00Z,200,281,ms,agent-1,ap-south-1
svc-notify,notify-worker,2025-05-24T21:30:00Z,500,82,ms,agent-1,ap-south-1
svc-payments,payments-api,2025-05-22T19:45:00Z,200,380,ms,agent-1,ap-south-1
svc-payments,payments-api,2025-05-24T18:45:00Z,200,313,ms,agent-1,ap-south-1
svc-search,search-api,2025-05-29T06:15:00Z,200,0.556,s,agent-1,ap-south-1
svc-notify,notify-worker,2025-05-29T03:15:00Z,200,86,ms,agent-1,ap-south-1
svc-notify,notify-worker,2025-05-24T16:00:00Z,200,79,ms,agent-2,ap-south-1
svc-auth,auth-api,2025-05-26T15:45:00Z,200,135,ms,agent-1,ap-south-1
svc-search,search-api,2025-06-01T17:00:00Z,200,0.564,s,agent-1,ap-south-1
svc-notify,notify-worker,2025-05-31T01:00:00Z,200,77,ms,agent-1,ap-south-1
svc-payments,payments-api,2025-05-30T08:00:00Z,200,491,ms,agent-1,ap-south-1
svc-search,search-api,2025-05-28T11:00:00Z,200,0.38,s,agent-1,ap-south-1
svc-payments,payments-api,2025-05-29T23:00:00Z,200,284,ms,agent-1,ap-south-1
svc-reports,reports-api,2025-05-30T18:00:00Z,200,789,ms,agent-1,ap-south-1
svc-search,search-api,2025-05-27T11:45:00Z,200,0.608,s,agent-1,ap-south-1
svc-auth,auth-api,2025-05-28T04:45:00Z,200,186,ms,agent-1,ap-south-1
svc-search,search-api,2025-05-20T17:00:00Z,200,0.634,s,agent-1,ap-south-1
svc-notify,notify-worker,2025-05-26T10:30:00Z,200,94,ms,agent-1,ap-south-1
svc-reports,reports-api,2025-05-19T09:30:00Z,200,660,ms,agent-1,ap-south-1
svc-reports,reports-api,2025-05-30T22:45:00Z,200,598,ms,agent-1,ap-south-1
svc-payments,payments-api,2025-05-27T23:30:00Z,200,275,ms,agent-1,ap-south-1
svc-auth,auth-api,2025-05-26T12:30:00Z,200,141,ms,agent-1,ap-south-1
svc-search,search-api,2025-06-01T16:30:00Z,200,0.519,s,agent-1,ap-south-1
svc-payments,payments-api,2025-06-01T02:00:00Z,200,276,ms,agent-1,ap-south-1
svc-search,search-api,2025-06-01T21:15:00Z,200,0.379,s,agent-1,ap-south-1
svc-search,search-api,2025-05-23T05:45:00Z,200,0.642,s,agent-1,ap-south-1
svc-auth,auth-api,2025-06-01T06:00:00Z,200,150,ms,agent-1,ap-south-1
svc-notify,notify-worker,2025-05-28T19:30:00Z,200,78,ms,agent-1,ap-south-1
svc-reports,reports-api,2025-05-22T03:00:00Z,200,713,ms,agent-1,ap-south-1
svc-auth,auth-api,2025-05-31T14:30:00Z,200,148,ms,agent-1,ap-south-1
svc-payments,payments-api,2025-06-01T18:15:00Z,200,467,ms,agent-1,ap-south-1
svc-notify,notify-worker,2025-06-01T13:00:00Z,200,145,ms,agent-1,ap-south-1
svc-auth,auth-api,2025-05-19T13:30:00Z,200,186,ms,agent-1,ap-south-1
svc-reports,reports-api,2025-05-24T05:15:00Z,200,573,ms,agent-1,ap-south-1
svc-auth,auth-api,2025-05-22T18:45:00Z,200,186,ms,agent-1,ap-south-1
svc-auth,auth-api,2025-05-24T05:30:00Z,200,116,ms,agent-1,ap-south-1
svc-auth,auth-api,2025-05-22T18:00:00Z,200,173,ms,agent-1,ap-south-1
svc-reports,reports-api,2025-05-20T15:30:00Z,200,689,ms,agent-1,ap-south-1
svc-reports,reports-api,2025-05-20T11:00:00Z,200,765,ms,agent-1,ap-south-1
svc-payments,payments-api,2025-05-21T22:30:00Z,200,404,ms,agent-1,ap-south-1
svc-auth,auth-api,2025-05-24T19:15:00Z,200,111,ms,agent-1,ap-south-1
svc-reports,reports-api,2025-05-20T02:00:00Z,200,544,ms,agent-1,ap-south-1
svc-reports,reports-api,2025-05-29T06:30:00Z,200,485,ms,agent-1,ap-south-1
svc-reports,reports-api,2025-05-24T16:30:00Z,200,726,ms,agent-1,ap-south-1
svc-search,search-api,2025-05-21T22:45:00Z,200,0.686,s,agent-1,ap-south-1
svc-notify,notify-worker,2025-05-21T23:15:00Z,200,103,ms,agent-1,ap-south-1
svc-payments,payments-api,2025-05-27T05:15:00Z,200,478,ms,agent-1,ap-south-1
svc-notify,notify-worker,2025-05-19T14:30:00Z,200,119,ms,agent-1,ap-south-1
svc-notify,notify-worker,2025-05-21T22:15:00Z,200,148,ms,agent-1,ap-south-1
svc-reports,reports-api,2025-05-31T02:45:00Z,200,594,ms,agent-1,ap-south-1
svc-search,search-api,2025-05-31T11:00:00Z,200,0.638,s,agent-2,ap-south-1
svc-search,search-api,2025-05-29T21:30:00Z,200,0.423,s,agent-1,ap-south-1
svc-notify,notify-worker,2025-05-27T03:00:00Z,200,113,ms,agent-1,ap-south-1
svc-reports,reports-api,2025-05-22T12:30:00Z,200,491,ms,agent-1,ap-south-1
svc-reports,reports-api,2025-05-23T09:45:00Z,200,697,ms,agent-1,ap-south-1
svc-auth,auth-api,2025-05-21T09:00:00Z,200,180,ms,agent-1,ap-south-1
svc-payments,payments-api,2025-05-21T06:45:00Z,200,348,ms,agent-2,ap-south-1
svc-auth,auth-api,2025-05-25T10:30:00Z,200,99,ms,agent-1,ap-south-1
svc-reports,reports-api,2025-05-28T00:30:00Z,200,857,ms,agent-1,ap-south-1
svc-payments,payments-api,2025-05-25T20:30:00Z,200,320,ms,agent-2,ap-south-1
svc-notify,notify-worker,2025-05-19T04:45:00Z,200,103,ms,agent-1,ap-south-1
svc-reports,reports-api,2025-05-24T11:45:00Z,200,,ms,agent-1,ap-south-1
svc-auth,auth-api,2025-05-23T23:00:00Z,200,104,ms,agent-1,ap-south-1
svc-auth,auth-api,2025-05-22T10:15:00Z,200,107,ms,agent-1,ap-south-1
svc-reports,reports-api,2025-05-29T04:00:00Z,200,695,ms,agent-1,ap-south-1
svc-payments,payments-api,2025-05-31T20:00:00Z,200,385,ms,agent-1,ap-south-1
svc-search,search-api,2025-05-30T11:30:00Z,200,0.541,s,agent-1,ap-south-1
svc-notify,notify-worker,2025-05-26T18:15:00Z,200,147,ms,agent-1,ap-south-1
svc-notify,notify-worker,2025-05-21T06:00:00Z,200,122,ms,agent-1,ap-south-1
svc-auth,auth-api,2025-05-22T07:15:00Z,200,128,ms,agent-1,ap-south-1
svc-payments,payments-api,2025-05-31T12:00:00Z,200,238,ms,agent-2,ap-south-1
svc-payments,payments-api,2025-05-28T02:30:00Z,200,375,ms,agent-1,ap-south-1
svc-notify,notify-worker,2025-05-31T09:00:00Z,200,120,ms,agent-1,ap-south-1
svc-notify,notify-worker,2025-05-29T22:45:00Z,200,143,ms,agent-1,ap-south-1
svc-reports,reports-api,2025-05-24T16:15:00Z,200,747,ms,agent-2,ap-south-1
svc-payments,payments-api,2025-05-28T01:45:00Z,200,472,ms,agent-1,ap-south-1
svc-search,search-api,2025-05-21T15:45:00Z,200,0.482,s,agent-2,ap-south-1
svc-auth,auth-api,2025-05-27T08:00:00Z,200,159,ms,agent-2,ap-south-1
svc-reports,reports-api,2025-05-30T06:00:00Z,200,791,ms,agent-1,ap-south-1
svc-auth,auth-api,2025-05-26T02:30:00Z,200,164,ms,agent-1,ap-south-1
svc-payments,payments-api,2025-05-20T01:15:00Z,200,319,ms,agent-1,ap-south-1
svc-auth,auth-api,2025-05-31T16:00:00Z,200,110,ms,agent-1,ap-south-1
svc-notify,notify-worker,2025-05-29T20:00:00Z,200,81,ms,agent-1,ap-south-1
svc-notify,notify-worker,2025-05-19T19:30:00Z,200,121,ms,agent-1,ap-south-1
svc-payments,payments-api,2025-05-29T06:30:00Z,200,275,ms,agent-1,ap-south-1
svc-auth,auth-api,2025-05-23T10:30:00Z,200,134,ms,agent-1,ap-south-1
svc-reports,reports-api,2025-05-28T23:00:00Z,200,719,ms,agent-1,ap-south-1
svc-payments,payments-api,2025-05-24T12:30:00Z,200,,ms,agent-1,ap-south-1
svc-notify,notify-worker,2025-05-23T18:15:00Z,200,110,ms,agent-1,ap-south-1
svc-auth,auth-api,2025-05-24T07:45:00Z,200,117,ms,agent-1,ap-south-1
svc-reports,reports-api,2025-05-28T03:15:00Z,200,595,ms,agent-1,ap-south-1
svc-payments,payments-api,2025-05-21T12:00:00Z,200,302,ms,agent-2,ap-south-1
svc-reports,reports-api,2025-05-28T02:45:00Z,200,652,ms,agent-1,ap-south-1
svc-payments,payments-api,2025-05-27T15:15:00Z,200,440,ms,agent-1,ap-south-1
svc-notify,notify-worker,2025-05-27T10:15:00Z,200,132,ms,agent-1,ap-south-1
svc-search,search-api,2025-05-31T08:30:00Z,200,0.694,s,agent-1,ap-south-1
svc-notify,notify-worker,2025-05-27T15:00:00Z,200,85,ms,agent-1,ap-south-1
svc-notify,notify-worker,2025-06-01T09:30:00Z,200,139,ms,agent-1,ap-south-1
svc-notify,notify-worker,2025-05-23T05:15:00Z,200,76,ms,agent-1,ap-south-1
svc-reports,reports-api,2025-05-23T20:45:00Z,200,655,ms,agent-1,ap-south-1
svc-search,search-api,2025-05-30T07:00:00Z,200,0.59,s,agent-1,ap-south-1
svc-search,search-api,2025-05-29T12:30:00Z,200,0.66,s,agent-1,ap-south-1
svc-notify,notify-worker,2025-05-28T17:15:00Z,200,145,ms,agent-1,ap-south-1
svc-reports,reports-api,2025-05-22T15:45:00Z,200,861,ms,agent-1,ap-south-1
svc-search,search-api,2025-05-19T09:00:00Z,200,0.515,s,agent-1,ap-south-1
svc-notify,notify-worker,2025-05-30T21:30:00Z,200,131,ms,agent-1,ap-south-1
svc-payments,payments-api,2025-05-28T21:30:00Z,200,347,ms,agent-1,ap-south-1
svc-payments,payments-api,2025-05-26T10:30:00Z,200,257,ms,agent-1,ap-south-1
svc-auth,auth-api,2025-05-27T07:15:00Z,200,133,ms,agent-1,ap-south-1
svc-search,search-api,2025-05-22T03:30:00Z,200,0.471,s,agent-1,ap-south-1
svc-search,search-api,2025-05-28T02:00:00Z,200,0.561,s,agent-1,ap-south-1
svc-auth,auth-api,2025-05-29T18:45:00Z,200,113,ms,agent-1,ap-south-1
svc-auth,auth-api,2025-05-20T09:30:00Z,200,116,ms,agent-1,ap-south-1
svc-payments,payments-api,2025-05-27T13:00:00Z,200,481,ms,agent-1,ap-south-1
svc-auth,auth-api,2025-05-28T19:15:00Z,200,119,ms,agent-1,ap-south-1
svc-reports,reports-api,2025-05-30T17:30:00Z,200,557,ms,agent-1,ap-south-1
svc-reports,reports-api,2025-05-22T21:30:00Z,200,842,ms,agent-2,ap-south-1
svc-notify,notify-worker,2025-05-26T13:45:00Z,200,135,ms,agent-1,ap-south-1
svc-payments,payments-api,2025-05-30T16:00:00Z,200,429,ms,agent-1,ap-south-1
svc-auth,auth-api,2025-05-19T23:45:00Z,200,177,ms,agent-1,ap-south-1
svc-notify,notify-worker,2025-05-30T04:45:00Z,200,97,ms,agent-1,ap-south-1
svc-notify,notify-worker,2025-05-21T10:45:00Z,200,98,ms,agent-1,ap-south-1
svc-search,search-api,2025-05-27T18:00:00Z,200,0.514,s,agent-1,ap-south-1
svc-auth,auth-api,2025-05-25T19:30:00Z,200,182,ms,agent-1,ap-south-1
svc-search,search-api,2025-05-30T07:45:00Z,200,0.601,s,agent-1,ap-south-1
svc-auth,auth-api,2025-05-27T07:00:00Z,200,,ms,agent-1,ap-south-1
svc-reports,reports-api,2025-06-01T09:00:00Z,200,482,ms,agent-1,ap-south-1
svc-auth,auth-api,2025-05-23T18:15:00Z,200,160,ms,agent-1,ap-south-1
svc-payments,payments-api,2025-05-24T12:45:00Z,200,433,ms,agent-1,ap-south-1
svc-auth,auth-api,2025-05-26T22:00:00Z,200,176,ms,agent-1,ap-south-1
svc-auth,auth-api,2025-05-21T06:45:00Z,200,164,ms,agent-1,ap-south-1
svc-reports,reports-api,2025-05-30T09:30:00Z,200,449,ms,agent-1,ap-south-1
svc-reports,reports-api,2025-05-25T20:30:00Z,200,718,ms,agent-1,ap-south-1
svc-auth,auth-api,2025-05-26T12:00:00Z,200,119,ms,agent-1,ap-south-1
svc-notify,notify-worker,2025-05-27T03:15:00Z,200,145,ms,agent-1,ap-south-1
svc-reports,reports-api,2025-05-20T22:15:00Z,200,745,ms,agent-1,ap-south-1
svc-reports,reports-api,2025-05-25T21:00:00Z,200,753,ms,agent-1,ap-south-1
svc-search,search-api,2025-05-24T03:15:00Z,200,0.479,s,agent-1,ap-south-1
svc-reports,reports-api,2025-05-31T09:45:00Z,200,785,ms,agent-1,ap-south-1
svc-auth,auth-api,2025-05-23T01:00:00Z,200,165,ms,agent-1,ap-south-1
svc-auth,auth-api,2025-05-19T23:45:00Z,200,177,ms,agent-2,ap-south-1
svc-payments,payments-api,2025-05-25T01:45:00Z,200,286,ms,agent-1,ap-south-1
svc-reports,reports-api,2025-06-01T12:15:00Z,200,723,ms,agent-1,ap-south-1
svc-payments,payments-api,2025-05-21T10:00:00Z,200,361,ms,agent-1,ap-south-1
svc-search,search-api,2025-05-21T00:45:00Z,200,0.423,s,agent-1,ap-south-1
svc-payments,payments-api,2025-05-28T00:30:00Z,200,452,ms,agent-1,ap-south-1
svc-payments,payments-api,2025-05-23T09:15:00Z,200,446,ms,agent-1,ap-south-1
svc-auth,auth-api,2025-05-27T22:30:00Z,200,117,ms,agent-2,ap-south-1
svc-payments,payments-api,2025-05-29T12:45:00Z,200,360,ms,agent-1,ap-south-1
svc-reports,reports-api,2025-05-23T14:30:00Z,200,823,ms,agent-1,ap-south-1
svc-reports,reports-api,2025-05-26T13:45:00Z,200,532,ms,agent-1,ap-south-1
svc-notify,notify-worker,2025-05-19T14:45:00Z,503,356,ms,agent-1,ap-south-1
svc-payments,payments-api,2025-05-24T21:45:00Z,200,265,ms,agent-1,ap-south-1
svc-notify,notify-worker,2025-05-23T07:00:00Z,200,100,ms,agent-1,ap-south-1
svc-search,search-api,2025-05-20T04:45:00Z,200,0.433,s,agent-2,ap-south-1
svc-payments,payments-api,2025-05-25T19:00:00Z,200,461,ms,agent-1,ap-south-1
svc-notify,notify-worker,2025-05-27T16:30:00Z,200,145,ms,agent-1,ap-south-1
svc-search,search-api,1748347200,200,0.449,s,agent-1,ap-south-1
svc-auth,auth-api,2025-06-01T02:45:00Z,200,97,ms,agent-1,ap-south-1
svc-auth,auth-api,2025-05-26T06:00:00Z,200,107,ms,agent-1,ap-south-1
svc-search,search-api,2025-05-21T16:00:00Z,200,0.651,s,agent-1,ap-south-1
svc-payments,payments-api,2025-05-23T11:30:00Z,200,434,ms,agent-1,ap-south-1
svc-notify,notify-worker,2025-05-24T00:00:00Z,200,138,ms,agent-1,ap-south-1
svc-search,search-api,2025-06-01T21:00:00Z,200,0.583,s,agent-1,ap-south-1
svc-search,search-api,2025-05-26T06:15:00Z,200,0.582,s,agent-1,ap-south-1
svc-auth,auth-api,2025-05-24T20:30:00Z,200,168,ms,agent-1,ap-south-1
svc-search,search-api,2025-05-26T09:15:00Z,200,0.58,s,agent-1,ap-south-1
svc-reports,reports-api,2025-05-23T06:45:00Z,200,531,ms,agent-1,ap-south-1
svc-auth,auth-api,2025-05-19T09:00:00Z,200,97,ms,agent-1,ap-south-1
svc-auth,auth-api,2025-05-27T03:00:00Z,200,169,ms,agent-1,ap-south-1
svc-search,search-api,2025-05-25T07:00:00Z,200,0.524,s,agent-1,ap-south-1
svc-search,search-api,2025-05-29T22:30:00Z,200,0.532,s,agent-1,ap-south-1
svc-notify,notify-worker,2025-06-01T10:00:00Z,200,84,ms,agent-1,ap-south-1
svc-reports,reports-api,2025-05-28T04:30:00Z,200,634,ms,agent-2,ap-south-1
svc-reports,reports-api,2025-05-22T06:15:00Z,200,782,ms,agent-1,ap-south-1
svc-auth,auth-api,2025-05-22T05:45:00Z,200,113,ms,agent-1,ap-south-1
svc-reports,reports-api,2025-05-20T03:45:00Z,200,779,ms,agent-1,ap-south-1
svc-notify,notify-worker,2025-05-30T13:45:00Z,200,128,ms,agent-1,ap-south-1
svc-search,search-api,2025-05-26T18:45:00Z,200,0.503,s,agent-1,ap-south-1
svc-notify,notify-worker,2025-05-25T19:00:00Z,200,132,ms,agent-1,ap-south-1
svc-notify,notify-worker,2025-05-21T12:00:00Z,200,139,ms,agent-1,ap-south-1
svc-reports,reports-api,2025-05-22T20:30:00Z,200,660,ms,agent-2,ap-south-1
svc-reports,reports-api,2025-05-24T20:00:00Z,200,806,ms,agent-1,ap-south-1
svc-auth,auth-api,2025-05-23T00:00:00Z,200,137,ms,agent-1,ap-south-1
svc-reports,reports-api,2025-05-20T12:00:00Z,200,467,ms,agent-1,ap-south-1
svc-payments,payments-api,2025-05-29T17:15:00Z,200,244,ms,agent-2,ap-south-1
svc-search,search-api,2025-05-23T14:45:00Z,200,0.476,s,agent-1,ap-south-1
svc-notify,notify-worker,2025-05-31T08:00:00Z,200,86,ms,agent-1,ap-south-1
svc-notify,notify-worker,2025-05-20T18:15:00Z,200,99,ms,agent-1,ap-south-1
svc-notify,notify-worker,2025-05-24T20:00:00Z,200,108,ms,agent-1,ap-south-1
svc-reports,reports-api,2025-06-01T03:45:00Z,200,614,ms,agent-1,ap-south-1
svc-search,search-api,2025-05-31T03:30:00Z,200,0.673,s,agent-1,ap-south-1
svc-auth,auth-api,2025-05-26T19:15:00Z,200,131,ms,agent-1,ap-south-1
svc-search,search-api,2025-05-23T23:30:00Z,200,0.709,s,agent-1,ap-south-1
svc-search,search-api,2025-05-31T01:45:00Z,200,0.42,s,agent-1,ap-south-1
svc-auth,auth-api,2025-05-26T17:00:00Z,200,134,ms,agent-1,ap-south-1
svc-search,search-api,2025-05-23T21:45:00Z,200,0.363,s,agent-1,ap-south-1
svc-search,search-api,2025-05-23T08:30:00Z,200,0.51,s,agent-1,ap-south-1
svc-auth,auth-api,2025-05-24T08:00:00Z,200,145,ms,agent-1,ap-south-1
svc-notify,notify-worker,2025-05-26T15:30:00Z,200,87,ms,agent-1,ap-south-1
svc-reports,reports-api,2025-05-24T02:15:00Z,200,802,ms,agent-1,ap-south-1
svc-reports,reports-api,2025-05-26T11:15:00Z,200,811,ms,agent-1,ap-south-1
svc-payments,payments-api,2025-06-01T17:45:00Z,200,338,ms,agent-1,ap-south-1
svc-search,search-api,2025-05-25T21:45:00Z,200,0.636,s,agent-1,ap-south-1
svc-payments,payments-api,2025-05-26T08:30:00Z,200,476,ms,agent-1,ap-south-1
svc-auth,auth-api,2025-05-22T06:00:00Z,200,177,ms,agent-1,ap-south-1
svc-notify,notify-worker,2025-05-25T09:45:00Z,502,527,ms,agent-1,ap-south-1
svc-notify,notify-worker,2025-05-22T04:15:00Z,200,105,ms,agent-1,ap-south-1
svc-search,search-api,2025-05-25T09:45:00Z,200,0.566,s,agent-1,ap-south-1
svc-search,search-api,2025-06-01T18:15:00Z,200,0.376,s,agent-2,ap-south-1
svc-auth,auth-api,2025-05-21T00:00:00Z,200,,ms,agent-1,ap-south-1
svc-payments,payments-api,2025-05-25T21:30:00Z,200,334,ms,agent-1,ap-south-1
svc-notify,notify-worker,2025-05-29T12:30:00Z,200,132,ms,agent-1,ap-south-1
svc-reports,reports-api,2025-05-22T19:45:00Z,200,439,ms,agent-1,ap-south-1
svc-reports,reports-api,2025-05-30T20:15:00Z,200,857,ms,agent-1,ap-south-1
svc-notify,notify-worker,2025-05-26T03:15:00Z,200,125,ms,agent-1,ap-south-1
svc-search,search-api,2025-06-01T11:30:00Z,200,0.584,s,agent-1,ap-south-1
svc-auth,auth-api,2025-05-30T13:30:00Z,200,100,ms,agent-1,ap-south-1
svc-auth,auth-api,2025-05-25T02:15:00Z,200,171,ms,agent-1,ap-south-1
svc-search,search-api,2025-05-22T23:30:00Z,200,0.649,s,agent-1,ap-south-1
svc-auth,auth-api,2025-05-21T20:45:00Z,200,190,ms,agent-1,ap-south-1
svc-notify,notify-worker,2025-05-29T01:45:00Z,200,139,ms,agent-1,ap-south-1
svc-search,search-api,2025-05-28T19:00:00Z,200,0.45,s,agent-1,ap-south-1
svc-payments,payments-api,2025-05-29T14:30:00Z,200,332,ms,agent-1,ap-south-1
svc-search,search-api,2025-05-28T10:15:00Z,200,0.597,s,agent-2,ap-south-1
svc-reports,reports-api,1748447100,200,726,ms,agent-1,ap-south-1
svc-search,search-api,2025-05-29T18:15:00Z,200,0.701,s,agent-2,ap-south-1
svc-search,search-api,2025-05-25T01:30:00Z,200,0.441,s,agent-1,ap-south-1
svc-notify,notify-worker,2025-05-31T16:00:00Z,200,144,ms,agent-1,ap-south-1
svc-search,search-api,2025-05-29T00:30:00Z,200,0.648,s,agent-1,ap-south-1
svc-search,search-api,2025-05-20T05:45:00Z,200,0.689,s,agent-1,ap-south-1
svc-auth,auth-api,2025-05-29T07:45:00Z,200,150,ms,agent-1,ap-south-1
svc-reports,reports-api,2025-05-30T09:00:00Z,200,610,ms,agent-1,ap-south-1
svc-search,search-api,2025-05-29T08:45:00Z,200,0.385,s,agent-1,ap-south-1
svc-auth,auth-api,2025-05-30T09:30:00Z,200,186,ms,agent-1,ap-south-1
svc-payments,payments-api,2025-06-01T14:00:00Z,200,382,ms,agent-1,ap-south-1
svc-notify,notify-worker,2025-05-30T21:45:00Z,200,102,ms,agent-1,ap-south-1
svc-notify,notify-worker,2025-05-24T01:45:00Z,200,79,ms,agent-2,ap-south-1
svc-auth,auth-api,2025-05-22T02:45:00Z,200,183,ms,agent-1,ap-south-1
svc-payments,payments-api,2025-06-01T16:45:00Z,200,307,ms,agent-1,ap-south-1
svc-search,search-api,2025-05-23T05:15:00Z,200,0.607,s,agent-2,ap-south-1
svc-notify,notify-worker,2025-06-01T22:15:00Z,200,132,ms,agent-1,ap-south-1
svc-payments,payments-api,2025-05-27T11:00:00Z,200,493,ms,agent-1,ap-south-1
svc-reports,reports-api,2025-05-24T15:15:00Z,200,778,ms,agent-1,ap-south-1
svc-search,search-api,2025-05-21T01:15:00Z,200,0.515,s,agent-1,ap-south-1
svc-reports,reports-api,2025-05-20T01:15:00Z,200,511,ms,agent-2,ap-south-1
svc-notify,notify-worker,2025-05-21T11:15:00Z,200,138,ms,agent-1,ap-south-1
svc-reports,reports-api,2025-05-28T22:15:00Z,200,571,ms,agent-1,ap-south-1
svc-reports,reports-api,2025-05-29T17:15:00Z,200,483,ms,agent-1,ap-south-1
svc-search,search-api,2025-05-26T02:15:00Z,200,0.452,s,agent-1,ap-south-1
svc-payments,payments-api,2025-05-30T11:45:00Z,200,395,ms,agent-1,ap-south-1
svc-payments,payments-api,2025-06-01T05:30:00Z,200,301,ms,agent-1,ap-south-1
svc-notify,notify-worker,2025-05-25T12:45:00Z,200,97,ms,agent-1,ap-south-1
svc-reports,reports-api,2025-05-20T06:45:00Z,200,503,ms,agent-1,ap-south-1
svc-auth,auth-api,2025-05-23T11:45:00Z,200,111,ms,agent-1,ap-south-1
svc-reports,reports-api,2025-05-31T08:15:00Z,200,839,ms,agent-1,ap-south-1
svc-search,search-api,2025-05-26T00:45:00Z,200,0.694,s,agent-1,ap-south-1
svc-reports,reports-api,2025-05-29T10:45:00Z,200,800,ms,agent-1,ap-south-1
svc-reports,reports-api,2025-05-22T09:00:00Z,200,453,ms,agent-1,ap-south-1
svc-search,search-api,2025-05-29T06:45:00Z,200,,s,agent-1,ap-south-1
svc-search,search-api,2025-05-26T04:45:00Z,200,0.508,s,agent-1,ap-south-1
svc-payments,payments-api,2025-05-25T11:00:00Z,200,360,ms,agent-1,ap-south-1
svc-search,search-api,2025-05-22T23:45:00Z,200,0.674,s,agent-1,ap-south-1
svc-reports,reports-api,2025-05-21T09:45:00Z,200,611,ms,agent-1,ap-south-1
svc-notify,notify-worker,2025-05-23T20:45:00Z,200,144,ms,agent-1,ap-south-1
svc-notify,notify-worker,2025-06-01T05:45:00Z,200,134,ms,agent-1,ap-south-1
svc-notify,notify-worker,2025-05-25T16:30:00Z,200,88,ms,agent-1,ap-south-1
svc-auth,auth-api,2025-05-21T09:30:00Z,200,115,ms,agent-1,ap-south-1
svc-auth,auth-api,2025-05-29T17:45:00Z,200,190,ms,agent-2,ap-south-1
svc-payments,payments-api,2025-05-27T16:45:00Z,200,315,ms,agent-1,ap-south-1
svc-search,search-api,2025-05-22T03:00:00Z,200,0.605,s,agent-1,ap-south-1
svc-reports,reports-api,2025-05-31T05:15:00Z,200,806,ms,agent-1,ap-south-1
svc-search,search-api,2025-05-27T05:15:00Z,200,0.37,s,agent-1,ap-south-1
svc-search,search-api,2025-05-26T17:00:00Z,200,0.482,s,agent-1,ap-south-1
svc-auth,auth-api,2025-05-29T18:15:00Z,200,110,ms,agent-1,ap-south-1
svc-reports,reports-api,2025-05-26T13:00:00Z,200,641,ms,agent-1,ap-south-1
svc-search,search-api,2025-05-20T18:00:00Z,200,0.486,s,agent-1,ap-south-1
svc-notify,notify-worker,2025-05-24T18:45:00Z,200,116,ms,agent-1,ap-south-1
svc-search,search-api,2025-06-01T15:00:00Z,200,0.429,s,agent-1,ap-south-1
svc-notify,notify-worker,2025-05-23T07:45:00Z,200,101,ms,agent-1,ap-south-1
svc-payments,payments-api,2025-05-24T18:15:00Z,200,337,ms,agent-1,ap-south-1
svc-auth,auth-api,2025-05-30T20:15:00Z,200,162,ms,agent-1,ap-south-1
svc-payments,payments-api,2025-06-01T04:00:00Z,200,291,ms,agent-1,ap-south-1
svc-payments,payments-api,2025-05-31T22:45:00Z,200,315,ms,agent-1,ap-south-1
svc-search,search-api,2025-05-23T06:15:00Z,200,0.554,s,agent-2,ap-south-1
svc-payments,payments-api,2025-05-19T08:30:00Z,200,425,ms,agent-1,ap-south-1
svc-reports,reports-api,2025-05-27T13:00:00Z,200,616,ms,agent-1,ap-south-1
svc-reports,reports-api,2025-06-01T02:15:00Z,200,647,ms,agent-1,ap-south-1
svc-payments,payments-api,2025-05-26T17:30:00Z,200,393,ms,agent-1,ap-south-1
svc-notify,notify-worker,2025-05-29T22:15:00Z,200,143,ms,agent-1,ap-south-1
svc-payments,payments-api,2025-05-19T21:15:00Z,200,331,ms,agent-1,ap-south-1
svc-notify,notify-worker,2025-06-01T11:00:00Z,200,101,ms,agent-1,ap-south-1
svc-reports,reports-api,2025-05-26T01:45:00Z,503,821,ms,agent-1,ap-south-1
svc-reports,reports-api,2025-05-26T12:30:00Z,200,704,ms,agent-1,ap-south-1
svc-search,search-api,2025-05-27T04:15:00Z,200,0.403,s,agent-1,ap-south-1
svc-auth,auth-api,2025-05-19T17:15:00Z,200,136,ms,agent-1,ap-south-1
svc-search,search-api,2025-05-23T02:45:00Z,200,0.479,s,agent-1,ap-south-1
svc-auth,auth-api,2025-05-28T13:00:00Z,200,140,ms,agent-1,ap-south-1
svc-payments,payments-api,2025-05-22T23:45:00Z,200,309,ms,agent-1,ap-south-1
svc-reports,reports-api,2025-05-26T03:45:00Z,200,561,ms,agent-1,ap-south-1
svc-reports,reports-api,2025-05-21T04:00:00Z,200,572,ms,agent-1,ap-south-1
svc-auth,auth-api,2025-05-25T01:45:00Z,200,148,ms,agent-1,ap-south-1
svc-notify,notify-worker,2025-05-21T13:45:00Z,200,92,ms,agent-1,ap-south-1
svc-notify,notify-worker,2025-05-20T04:30:00Z,200,85,ms,agent-2,ap-south-1
svc-reports,reports-api,2025-05-30T09:15:00Z,200,842,ms,agent-1,ap-south-1
svc-reports,reports-api,2025-05-20T22:00:00Z,200,833,ms,agent-2,ap-south-1
svc-notify,notify-worker,2025-05-29T13:15:00Z,200,139,ms,agent-1,ap-south-1
svc-notify,notify-worker,2025-05-22T23:45:00Z,200,90,ms,agent-1,ap-south-1
svc-payments,payments-api,2025-06-01T11:00:00Z,200,277,ms,agent-2,ap-south-1
svc-auth,auth-api,2025-05-25T06:45:00Z,200,176,ms,agent-1,ap-south-1
svc-auth,auth-api,1748394000,200,168,ms,agent-1,ap-south-1
svc-payments,payments-api,2025-05-26T05:00:00Z,200,338,ms,agent-1,ap-south-1
svc-notify,notify-worker,2025-06-01T02:15:00Z,200,99,ms,agent-1,ap-south-1
svc-auth,auth-api,2025-05-19T23:15:00Z,200,129,ms,agent-1,ap-south-1
svc-notify,notify-worker,2025-05-20T15:45:00Z,200,107,ms,agent-1,ap-south-1
svc-notify,notify-worker,2025-05-21T06:15:00Z,200,92,ms,agent-1,ap-south-1
svc-auth,auth-api,2025-05-26T16:00:00Z,200,155,ms,agent-1,ap-south-1
svc-auth,auth-api,2025-05-28T12:30:00Z,200,150,ms,agent-1,ap-south-1
svc-notify,notify-worker,2025-05-21T21:30:00Z,200,148,ms,agent-1,ap-south-1
svc-auth,auth-api,2025-05-25T10:00:00Z,200,176,ms,agent-1,ap-south-1
svc-auth,auth-api,2025-05-24T13:00:00Z,200,146,ms,agent-1,ap-south-1
svc-notify,notify-worker,2025-05-20T11:15:00Z,200,143,ms,agent-1,ap-south-1
svc-auth,auth-api,2025-05-19T08:45:00Z,200,108,ms,agent-1,ap-south-1
svc-notify,notify-worker,2025-05-21T18:30:00Z,200,138,ms,agent-2,ap-south-1
svc-reports,reports-api,2025-06-01T06:15:00Z,200,494,ms,agent-1,ap-south-1
svc-reports,reports-api,2025-05-29T23:00:00Z,200,668,ms,agent-2,ap-south-1
svc-reports,reports-api,2025-05-20T23:00:00Z,200,724,ms,agent-1,ap-south-1
svc-reports,reports-api,2025-05-24T00:00:00Z,200,679,ms,agent-1,ap-south-1
svc-search,search-api,2025-05-31T21:00:00Z,200,0.473,s,agent-1,ap-south-1
svc-search,search-api,2025-05-25T23:30:00Z,200,0.685,s,agent-1,ap-south-1
svc-reports,reports-api,2025-05-21T14:45:00Z,200,588,ms,agent-2,ap-south-1
svc-payments,payments-api,2025-05-27T23:45:00Z,200,474,ms,agent-1,ap-south-1
svc-auth,auth-api,2025-05-21T05:45:00Z,200,105,ms,agent-1,ap-south-1
svc-notify,notify-worker,2025-05-29T19:00:00Z,200,80,ms,agent-1,ap-south-1
svc-auth,auth-api,2025-05-31T23:30:00Z,200,175,ms,agent-1,ap-south-1
svc-payments,payments-api,2025-05-21T23:30:00Z,502,464,ms,agent-1,ap-south-1
svc-notify,notify-worker,2025-05-23T23:45:00Z,200,81,ms,agent-1,ap-south-1
svc-notify,notify-worker,2025-05-30T00:45:00Z,200,142,ms,agent-1,ap-south-1
svc-search,search-api,2025-05-29T15:30:00Z,200,0.414,s,agent-1,ap-south-1
svc-notify,notify-worker,2025-05-27T10:00:00Z,200,97,ms,agent-1,ap-south-1
svc-reports,reports-api,2025-05-23T05:15:00Z,200,814,ms,agent-1,ap-south-1
svc-notify,notify-worker,2025-05-27T23:45:00Z,200,144,ms,agent-1,ap-south-1
svc-auth,auth-api,2025-05-26T07:00:00Z,200,175,ms,agent-1,ap-south-1
svc-auth,auth-api,2025-05-20T11:15:00Z,200,180,ms,agent-1,ap-south-1
svc-payments,payments-api,2025-05-31T21:45:00Z,200,382,ms,agent-1,ap-south-1
svc-reports,reports-api,2025-05-30T20:30:00Z,200,441,ms,agent-1,ap-south-1
svc-notify,notify-worker,2025-05-23T11:30:00Z,200,137,ms,agent-1,ap-south-1
svc-payments,payments-api,2025-05-29T15:30:00Z,200,426,ms,agent-1,ap-south-1
svc-search,search-api,2025-05-23T02:15:00Z,200,0.571,s,agent-1,ap-south-1
svc-notify,notify-worker,2025-05-22T12:00:00Z,200,148,ms,agent-1,ap-south-1
svc-search,search-api,2025-05-29T22:15:00Z,200,0.593,s,agent-1,ap-south-1
svc-auth,auth-api,2025-05-21T19:45:00Z,200,149,ms,agent-1,ap-south-1
svc-search,search-api,2025-05-22T04:30:00Z,200,0.666,s,agent-1,ap-south-1
svc-auth,auth-api,2025-05-30T09:15:00Z,200,167,ms,agent-1,ap-south-1
svc-payments,payments-api,1748659500,200,488,ms,agent-1,ap-south-1
svc-notify,notify-worker,2025-05-30T15:45:00Z,200,111,ms,agent-1,ap-south-1
svc-search,search-api,2025-05-28T09:45:00Z,200,0.508,s,agent-1,ap-south-1
svc-reports,reports-api,2025-05-23T19:30:00Z,200,797,ms,agent-1,ap-south-1
svc-search,search-api,2025-05-19T15:45:00Z,200,0.482,s,agent-1,ap-south-1
svc-reports,reports-api,2025-05-28T00:00:00Z,200,658,ms,agent-1,ap-south-1
svc-search,search-api,2025-05-31T13:45:00Z,200,0.448,s,agent-1,ap-south-1
svc-payments,payments-api,2025-06-01T06:00:00Z,200,407,ms,agent-1,ap-south-1
svc-notify,notify-worker,2025-05-27T04:45:00Z,200,76,ms,agent-1,ap-south-1
svc-reports,reports-api,2025-05-29T04:45:00Z,200,630,ms,agent-1,ap-south-1
svc-payments,payments-api,2025-05-24T16:15:00Z,200,418,ms,agent-1,ap-south-1
svc-auth,auth-api,2025-05-22T13:45:00Z,200,130,ms,agent-2,ap-south-1
svc-reports,reports-api,2025-05-29T16:00:00Z,200,572,ms,agent-1,ap-south-1
svc-reports,reports-api,2025-05-31T02:00:00Z,200,553,ms,agent-1,ap-south-1
svc-auth,auth-api,2025-05-21T14:30:00Z,200,114,ms,agent-1,ap-south-1
svc-search,search-api,2025-05-19T07:45:00Z,200,0.538,s,agent-1,ap-south-1
svc-payments,payments-api,2025-05-22T01:00:00Z,200,435,ms,agent-1,ap-south-1
svc-notify,notify-worker,2025-05-27T22:15:00Z,200,107,ms,agent-1,ap-south-1
svc-notify,notify-worker,2025-05-22T13:15:00Z,200,113,ms,agent-1,ap-south-1
svc-auth,auth-api,2025-05-29T22:15:00Z,200,118,ms,agent-1,ap-south-1
svc-auth,auth-api,2025-06-01T13:15:00Z,200,162,ms,agent-1,ap-south-1
svc-reports,reports-api,2025-05-28T22:30:00Z,200,817,ms,agent-1,ap-south-1
svc-reports,reports-api,2025-05-22T07:15:00Z,200,432,ms,agent-1,ap-south-1
svc-payments,payments-api,2025-05-30T00:00:00Z,200,483,ms,agent-1,ap-south-1
svc-payments,payments-api,2025-06-01T13:30:00Z,200,428,ms,agent-1,ap-south-1
svc-notify,notify-worker,2025-05-25T15:45:00Z,200,78,ms,agent-2,ap-south-1
svc-reports,reports-api,2025-05-20T10:30:00Z,200,640,ms,agent-1,ap-south-1
svc-auth,auth-api,2025-05-21T18:30:00Z,200,107,ms,agent-1,ap-south-1
svc-payments,payments-api,2025-05-28T05:15:00Z,200,354,ms,agent-2,ap-south-1
svc-auth,auth-api,2025-05-31T23:15:00Z,200,149,ms,agent-1,ap-south-1
svc-payments,payments-api,2025-05-19T03:00:00Z,200,332,ms,agent-1,ap-south-1
svc-notify,notify-worker,2025-05-23T01:00:00Z,200,117,ms,agent-1,ap-south-1
svc-auth,auth-api,2025-05-21T18:00:00Z,200,177,ms,agent-1,ap-south-1
svc-reports,reports-api,2025-05-26T01:15:00Z,200,743,ms,agent-1,ap-south-1
svc-auth,auth-api,2025-05-24T23:45:00Z,200,189,ms,agent-1,ap-south-1
svc-auth,auth-api,2025-05-31T03:00:00Z,200,166,ms,agent-1,ap-south-1
svc-payments,payments-api,2025-05-22T11:15:00Z,200,366,ms,agent-1,ap-south-1
svc-reports,reports-api,2025-05-28T12:00:00Z,200,451,ms,agent-1,ap-south-1
svc-search,search-api,2025-05-29T19:15:00Z,200,0.606,s,agent-1,ap-south-1
svc-payments,payments-api,2025-06-01T03:45:00Z,200,396,ms,agent-1,ap-south-1
svc-auth,auth-api,2025-05-20T23:15:00Z,200,150,ms,agent-1,ap-south-1
svc-auth,auth-api,2025-05-31T08:00:00Z,200,148,ms,agent-1,ap-south-1
svc-auth,auth-api,2025-05-19T17:30:00Z,200,100,ms,agent-1,ap-south-1
svc-notify,notify-worker,2025-05-27T16:45:00Z,200,100,ms,agent-1,ap-south-1
svc-auth,auth-api,2025-05-23T13:45:00Z,200,178,ms,agent-1,ap-south-1
svc-payments,payments-api,2025-05-21T20:00:00Z,200,417,ms,agent-1,ap-south-1
svc-payments,payments-api,2025-05-21T18:45:00Z,200,333,ms,agent-1,ap-south-1
svc-notify,notify-worker,2025-05-25T01:15:00Z,200,125,ms,agent-1,ap-south-1
svc-notify,notify-worker,2025-06-01T19:15:00Z,200,149,ms,agent-1,ap-south-1
svc-auth,auth-api,2025-05-25T17:45:00Z,200,140,ms,agent-1,ap-south-1
svc-search,search-api,2025-05-22T20:15:00Z,200,0.625,s,agent-1,ap-south-1
svc-search,search-api,2025-05-29T14:30:00Z,200,0.685,s,agent-1,ap-south-1
svc-notify,notify-worker,2025-05-23T04:30:00Z,200,128,ms,agent-1,ap-south-1
svc-reports,reports-api,2025-05-19T04:30:00Z,200,655,ms,agent-1,ap-south-1
svc-payments,payments-api,2025-05-25T00:00:00Z,200,366,ms,agent-1,ap-south-1
svc-notify,notify-worker,2025-05-25T06:30:00Z,200,80,ms,agent-1,ap-south-1
svc-auth,auth-api,2025-05-21T22:45:00Z,200,133,ms,agent-2,ap-south-1
svc-notify,notify-worker,2025-05-27T10:45:00Z,200,106,ms,agent-1,ap-south-1
svc-reports,reports-api,2025-05-19T10:45:00Z,200,799,ms,agent-1,ap-south-1
svc-notify,notify-worker,2025-05-28T19:00:00Z,200,86,ms,agent-1,ap-south-1
svc-payments,payments-api,2025-05-24T08:45:00Z,200,248,ms,agent-1,ap-south-1
svc-payments,payments-api,2025-05-19T00:00:00Z,200,479,ms,agent-1,ap-south-1
svc-reports,reports-api,2025-05-22T05:45:00Z,200,461,ms,agent-1,ap-south-1
svc-notify,notify-worker,2025-05-24T02:00:00Z,200,134,ms,agent-1,ap-south-1
svc-payments,payments-api,2025-05-19T19:45:00Z,200,456,ms,agent-1,ap-south-1
svc-notify,notify-worker,2025-05-22T12:30:00Z,200,97,ms,agent-1,ap-south-1
svc-notify,notify-worker,2025-05-29T07:00:00Z,200,,ms,agent-1,ap-south-1
svc-payments,payments-api,2025-05-24T22:15:00Z,200,348,ms,agent-1,ap-south-1
svc-reports,reports-api,2025-05-29T18:00:00Z,200,458,ms,agent-1,ap-south-1
svc-auth,auth-api,2025-05-25T07:15:00Z,200,181,ms,agent-1,ap-south-1
svc-reports,reports-api,2025-05-19T22:45:00Z,200,633,ms,agent-1,ap-south-1
svc-reports,reports-api,2025-05-19T08:15:00Z,200,748,ms,agent-1,ap-south-1
svc-notify,notify-worker,2025-05-28T14:45:00Z,200,92,ms,agent-1,ap-south-1
svc-search,search-api,2025-05-21T15:15:00Z,200,0.579,s,agent-1,ap-south-1
svc-auth,auth-api,2025-05-28T03:15:00Z,200,135,ms,agent-1,ap-south-1
svc-auth,auth-api,2025-05-24T13:15:00Z,200,178,ms,agent-1,ap-south-1
svc-payments,payments-api,2025-05-19T12:15:00Z,200,306,ms,agent-1,ap-south-1
svc-auth,auth-api,2025-05-22T16:45:00Z,200,179,ms,agent-1,ap-south-1
svc-payments,payments-api,2025-05-28T05:45:00Z,200,486,ms,agent-1,ap-south-1
svc-auth,auth-api,2025-05-24T14:30:00Z,200,171,ms,agent-1,ap-south-1
svc-auth,auth-api,2025-05-20T23:30:00Z,200,152,ms,agent-1,ap-south-1
svc-reports,reports-api,2025-05-25T20:15:00Z,200,441,ms,agent-1,ap-south-1
svc-payments,payments-api,2025-05-30T03:30:00Z,200,267,ms,agent-1,ap-south-1
svc-notify,notify-worker,2025-05-26T16:00:00Z,200,136,ms,agent-1,ap-south-1
svc-auth,auth-api,2025-05-27T15:00:00Z,200,97,ms,agent-1,ap-south-1
svc-reports,reports-api,2025-05-25T07:15:00Z,200,777,ms,agent-1,ap-south-1
svc-notify,notify-worker,2025-05-30T06:15:00Z,200,135,ms,agent-1,ap-south-1
svc-notify,notify-worker,2025-05-25T22:30:00Z,200,88,ms,agent-1,ap-south-1
svc-payments,payments-api,2025-05-31T17:15:00Z,200,435,ms,agent-1,ap-south-1
svc-search,search-api,2025-05-28T17:00:00Z,200,0.647,s,agent-1,ap-south-1
svc-reports,reports-api,2025-05-23T20:00:00Z,200,672,ms,agent-1,ap-south-1
svc-search,search-api,2025-05-24T15:30:00Z,200,0.556,s,agent-1,ap-south-1
svc-payments,payments-api,2025-05-26T22:45:00Z,200,490,ms,agent-1,ap-south-1
svc-payments,payments-api,2025-05-27T09:00:00Z,200,397,ms,agent-1,ap-south-1
svc-search,search-api,2025-05-31T23:15:00Z,200,0.524,s,agent-1,ap-south-1
svc-search,search-api,2025-05-31T08:15:00Z,200,0.395,s,agent-1,ap-south-1
svc-auth,auth-api,2025-05-19T03:00:00Z,200,121,ms,agent-1,ap-south-1
svc-payments,payments-api,2025-05-23T09:00:00Z,200,397,ms,agent-1,ap-south-1
svc-payments,payments-api,2025-06-01T05:45:00Z,200,328,ms,agent-1,ap-south-1
svc-payments,payments-api,2025-05-19T04:15:00Z,200,375,ms,agent-1,ap-south-1
svc-reports,reports-api,2025-05-19T16:30:00Z,200,761,ms,agent-1,ap-south-1
svc-payments,payments-api,2025-05-20T16:15:00Z,200,368,ms,agent-2,ap-south-1
svc-search,search-api,2025-05-21T16:30:00Z,200,0.422,s,agent-1,ap-south-1
svc-payments,payments-api,2025-05-24T05:00:00Z,200,268,ms,agent-1,ap-south-1
svc-notify,notify-worker,2025-06-01T06:00:00Z,200,130,ms,agent-1,ap-south-1
svc-search,search-api,2025-05-28T13:30:00Z,200,0.508,s,agent-1,ap-south-1
svc-payments,payments-api,2025-05-21T05:30:00Z,200,416,ms,agent-2,ap-south-1
svc-payments,payments-api,1748653200,200,385,ms,agent-1,ap-south-1
svc-payments,payments-api,2025-05-30T15:30:00Z,200,428,ms,agent-1,ap-south-1
svc-notify,notify-worker,2025-05-19T13:15:00Z,200,91,ms,agent-1,ap-south-1
svc-reports,reports-api,2025-05-31T04:30:00Z,200,689,ms,agent-1,ap-south-1
svc-reports,reports-api,2025-05-19T04:45:00Z,200,510,ms,agent-1,ap-south-1
svc-reports,reports-api,2025-05-29T18:45:00Z,200,582,ms,agent-1,ap-south-1
svc-reports,reports-api,2025-05-19T09:45:00Z,200,852,ms,agent-1,ap-south-1
svc-notify,notify-worker,2025-05-26T17:15:00Z,200,151,ms,agent-1,ap-south-1
svc-payments,payments-api,2025-05-19T23:15:00Z,200,450,ms,agent-1,ap-south-1
svc-search,search-api,2025-05-26T07:15:00Z,200,0.663,s,agent-1,ap-south-1
svc-notify,notify-worker,2025-05-29T06:00:00Z,200,132,ms,agent-1,ap-south-1
svc-search,search-api,2025-05-28T03:15:00Z,200,0.423,s,agent-1,ap-south-1
svc-auth,auth-api,2025-05-31T22:15:00Z,200,117,ms,agent-1,ap-south-1
svc-search,search-api,2025-05-29T19:30:00Z,200,0.625,s,agent-1,ap-south-1
svc-reports,reports-api,2025-05-31T18:00:00Z,200,855,ms,agent-1,ap-south-1
svc-search,search-api,2025-05-27T10:00:00Z,200,0.435,s,agent-1,ap-south-1
svc-reports,reports-api,2025-05-19T17:30:00Z,200,549,ms,agent-1,ap-south-1
svc-notify,notify-worker,2025-05-24T21:45:00Z,200,148,ms,agent-1,ap-south-1
svc-reports,reports-api,2025-05-25T00:00:00Z,200,715,ms,agent-1,ap-south-1
svc-payments,payments-api,2025-05-25T16:45:00Z,200,474,ms,agent-1,ap-south-1
svc-search,search-api,2025-05-19T10:15:00Z,200,0.686,s,agent-1,ap-south-1
svc-auth,auth-api,2025-05-21T17:30:00Z,200,113,ms,agent-1,ap-south-1
svc-search,search-api,2025-05-21T12:00:00Z,200,0.462,s,agent-1,ap-south-1
svc-auth,auth-api,2025-05-25T17:00:00Z,200,128,ms,agent-1,ap-south-1
svc-payments,payments-api,2025-05-21T11:00:00Z,200,368,ms,agent-1,ap-south-1
svc-payments,payments-api,2025-05-21T20:30:00Z,200,256,ms,agent-1,ap-south-1
svc-search,search-api,2025-05-25T10:30:00Z,200,0.719,s,agent-1,ap-south-1
svc-notify,notify-worker,2025-06-01T02:30:00Z,200,109,ms,agent-1,ap-south-1
svc-payments,payments-api,2025-05-26T14:00:00Z,200,400,ms,agent-1,ap-south-1
svc-payments,payments-api,2025-06-01T20:00:00Z,200,308,ms,agent-1,ap-south-1
svc-payments,payments-api,2025-05-21T15:30:00Z,200,334,ms,agent-1,ap-south-1
svc-reports,reports-api,2025-05-20T13:15:00Z,200,698,ms,agent-1,ap-south-1
svc-auth,auth-api,2025-05-29T22:30:00Z,200,118,ms,agent-1,ap-south-1
svc-notify,notify-worker,2025-05-22T00:45:00Z,200,112,ms,agent-1,ap-south-1
svc-search,search-api,2025-05-27T17:00:00Z,200,0.412,s,agent-1,ap-south-1
svc-reports,reports-api,2025-05-29T19:45:00Z,200,525,ms,agent-1,ap-south-1
svc-notify,notify-worker,2025-05-21T22:00:00Z,200,108,ms,agent-1,ap-south-1
svc-reports,reports-api,2025-06-01T12:30:00Z,500,583,ms,agent-1,ap-south-1
svc-notify,notify-worker,2025-05-27T14:15:00Z,200,123,ms,agent-1,ap-south-1
svc-payments,payments-api,2025-05-28T17:30:00Z,500,276,ms,agent-1,ap-south-1
svc-notify,notify-worker,2025-05-27T07:30:00Z,200,107,ms,agent-1,ap-south-1
svc-auth,auth-api,2025-06-01T20:00:00Z,200,179,ms,agent-1,ap-south-1
svc-notify,notify-worker,2025-05-31T17:15:00Z,200,125,ms,agent-1,ap-south-1
svc-search,search-api,2025-05-21T05:00:00Z,200,0.635,s,agent-2,ap-south-1
svc-search,search-api,2025-05-22T20:30:00Z,200,0.679,s,agent-1,ap-south-1
svc-payments,payments-api,2025-05-24T09:30:00Z,200,425,ms,agent-1,ap-south-1
svc-notify,notify-worker,2025-05-29T19:15:00Z,200,93,ms,agent-1,ap-south-1
svc-auth,auth-api,2025-05-26T21:15:00Z,200,102,ms,agent-2,ap-south-1
svc-search,search-api,2025-05-24T09:00:00Z,200,0.462,s,agent-1,ap-south-1
svc-payments,payments-api,2025-05-21T01:00:00Z,200,344,ms,agent-1,ap-south-1
svc-payments,payments-api,2025-05-24T14:00:00Z,200,439,ms,agent-1,ap-south-1
svc-auth,auth-api,2025-05-24T05:00:00Z,200,104,ms,agent-1,ap-south-1
svc-search,search-api,2025-05-20T21:45:00Z,200,0.524,s,agent-1,ap-south-1
svc-auth,auth-api,2025-06-01T06:30:00Z,200,166,ms,agent-1,ap-south-1
svc-notify,notify-worker,2025-05-25T14:00:00Z,200,85,ms,agent-1,ap-south-1
svc-search,search-api,2025-05-23T14:30:00Z,200,0.648,s,agent-1,ap-south-1
svc-reports,reports-api,2025-05-27T12:45:00Z,200,477,ms,agent-1,ap-south-1
svc-auth,auth-api,2025-05-30T07:45:00Z,200,101,ms,agent-1,ap-south-1
svc-search,search-api,2025-05-28T15:30:00Z,200,0.571,s,agent-1,ap-south-1
svc-auth,auth-api,2025-05-20T02:00:00Z,200,132,ms,agent-1,ap-south-1
svc-search,search-api,2025-05-19T15:30:00Z,200,0.415,s,agent-1,ap-south-1
svc-search,search-api,2025-05-21T21:45:00Z,200,0.65,s,agent-1,ap-south-1
svc-auth,auth-api,2025-05-30T06:30:00Z,200,107,ms,agent-1,ap-south-1
svc-reports,reports-api,2025-05-25T18:30:00Z,200,857,ms,agent-1,ap-south-1
svc-reports,reports-api,2025-05-29T22:15:00Z,200,829,ms,agent-1,ap-south-1
svc-notify,notify-worker,2025-05-26T00:30:00Z,200,77,ms,agent-1,ap-south-1
svc-reports,reports-api,2025-05-24T04:45:00Z,200,749,ms,agent-1,ap-south-1
svc-notify,notify-worker,2025-05-24T18:15:00Z,200,135,ms,agent-1,ap-south-1
svc-payments,payments-api,2025-05-25T13:45:00Z,200,272,ms,agent-1,ap-south-1
svc-search,search-api,2025-05-22T00:30:00Z,200,0.523,s,agent-1,ap-south-1
svc-notify,notify-worker,2025-05-28T13:15:00Z,200,105,ms,agent-1,ap-south-1
svc-reports,reports-api,2025-05-22T09:30:00Z,200,592,ms,agent-1,ap-south-1
svc-payments,payments-api,2025-05-28T16:45:00Z,200,352,ms,agent-1,ap-south-1
svc-auth,auth-api,2025-05-20T04:45:00Z,200,176,ms,agent-1,ap-south-1
svc-auth,auth-api,2025-05-21T03:45:00Z,200,134,ms,agent-1,ap-south-1
svc-payments,payments-api,2025-05-28T18:00:00Z,200,339,ms,agent-1,ap-south-1
svc-payments,payments-api,2025-05-21T19:15:00Z,200,298,ms,agent-1,ap-south-1
svc-payments,payments-api,2025-05-27T00:30:00Z,200,265,ms,agent-1,ap-south-1
svc-auth,auth-api,2025-05-29T16:45:00Z,200,156,ms,agent-1,ap-south-1
svc-payments,payments-api,2025-05-27T14:15:00Z,200,361,ms,agent-1,ap-south-1
svc-search,search-api,2025-05-26T18:00:00Z,200,0.598,s,agent-1,ap-south-1
svc-reports,reports-api,2025-05-26T18:00:00Z,200,634,ms,agent-1,ap-south-1
svc-reports,reports-api,2025-05-23T10:30:00Z,200,858,ms,agent-1,ap-south-1
svc-auth,auth-api,2025-05-20T15:30:00Z,200,144,ms,agent-1,ap-south-1
svc-auth,auth-api,2025-06-01T21:30:00Z,200,183,ms,agent-1,ap-south-1
svc-auth,auth-api,2025-05-27T18:00:00Z,200,124,ms,agent-1,ap-south-1
svc-payments,payments-api,2025-05-25T10:00:00Z,200,418,ms,agent-1,ap-south-1
svc-search,search-api,2025-05-28T06:15:00Z,200,0.707,s,agent-1,ap-south-1
svc-notify,notify-worker,2025-05-25T22:00:00Z,200,79,ms,agent-1,ap-south-1
svc-notify,notify-worker,2025-05-19T00:15:00Z,200,84,ms,agent-1,ap-south-1
svc-notify,notify-worker,2025-05-31T01:30:00Z,200,148,ms,agent-1,ap-south-1
svc-reports,reports-api,2025-05-22T10:00:00Z,200,710,ms,agent-2,ap-south-1
svc-notify,notify-worker,2025-06-01T12:15:00Z,200,105,ms,agent-1,ap-south-1
svc-payments,payments-api,2025-05-19T05:30:00Z,200,298,ms,agent-1,ap-south-1
svc-auth,auth-api,2025-06-01T04:15:00Z,200,116,ms,agent-1,ap-south-1
svc-auth,auth-api,2025-05-30T19:00:00Z,200,176,ms,agent-1,ap-south-1
svc-reports,reports-api,2025-05-20T15:15:00Z,200,755,ms,agent-1,ap-south-1
svc-search,search-api,2025-06-01T01:15:00Z,200,0.638,s,agent-1,ap-south-1
svc-search,search-api,2025-05-24T10:15:00Z,200,0.37,s,agent-1,ap-south-1
svc-notify,notify-worker,2025-05-29T16:45:00Z,200,76,ms,agent-1,ap-south-1
svc-auth,auth-api,2025-05-20T03:00:00Z,200,164,ms,agent-1,ap-south-1
svc-payments,payments-api,2025-05-24T21:00:00Z,200,423,ms,agent-1,ap-south-1
svc-auth,auth-api,2025-05-26T17:15:00Z,200,123,ms,agent-1,ap-south-1
svc-payments,payments-api,1747652400,200,383,ms,agent-2,ap-south-1
svc-auth,auth-api,2025-05-28T10:00:00Z,200,174,ms,agent-1,ap-south-1
svc-reports,reports-api,2025-05-21T01:45:00Z,200,784,ms,agent-1,ap-south-1
svc-auth,auth-api,2025-05-22T13:45:00Z,200,136,ms,agent-1,ap-south-1
svc-search,search-api,2025-05-26T14:30:00Z,200,0.717,s,agent-1,ap-south-1
svc-auth,auth-api,2025-05-20T04:15:00Z,200,136,ms,agent-2,ap-south-1
svc-search,search-api,2025-05-29T12:45:00Z,200,0.397,s,agent-1,ap-south-1
svc-auth,auth-api,2025-05-29T09:45:00Z,200,135,ms,agent-1,ap-south-1
svc-auth,auth-api,2025-05-27T02:45:00Z,200,136,ms,agent-1,ap-south-1
svc-auth,auth-api,2025-05-28T10:30:00Z,200,97,ms,agent-1,ap-south-1
svc-payments,payments-api,2025-05-24T23:30:00Z,200,422,ms,agent-2,ap-south-1
svc-reports,reports-api,2025-05-27T22:00:00Z,200,646,ms,agent-1,ap-south-1
svc-search,search-api,2025-05-21T14:45:00Z,200,0.666,s,agent-1,ap-south-1
svc-reports,reports-api,2025-05-26T19:00:00Z,200,546,ms,agent-1,ap-south-1
svc-auth,auth-api,2025-05-27T17:00:00Z,200,100,ms,agent-1,ap-south-1
svc-reports,reports-api,2025-05-20T12:30:00Z,200,716,ms,agent-1,ap-south-1
svc-auth,auth-api,2025-05-31T21:30:00Z,200,177,ms,agent-1,ap-south-1
svc-reports,reports-api,2025-05-26T03:30:00Z,200,854,ms,agent-1,ap-south-1
svc-reports,reports-api,2025-05-29T12:30:00Z,200,770,ms,agent-1,ap-south-1
svc-notify,notify-worker,2025-05-23T02:30:00Z,200,118,ms,agent-1,ap-south-1
svc-payments,payments-api,2025-05-26T09:45:00Z,503,494,ms,agent-1,ap-south-1
svc-search,search-api,2025-05-27T13:45:00Z,200,0.371,s,agent-1,ap-south-1
svc-reports,reports-api,2025-05-19T23:00:00Z,200,641,ms,agent-1,ap-south-1
svc-auth,auth-api,2025-05-23T14:30:00+05:30,200,101,ms,agent-1,ap-south-1
svc-search,search-api,2025-05-21T04:00:00Z,200,0.475,s,agent-1,ap-south-1
svc-payments,payments-api,2025-05-31T10:30:00Z,200,409,ms,agent-1,ap-south-1
svc-reports,reports-api,2025-05-31T13:30:00Z,200,634,ms,agent-1,ap-south-1
svc-auth,auth-api,2025-05-29T21:45:00Z,200,161,ms,agent-1,ap-south-1
svc-search,search-api,2025-05-31T16:00:00Z,200,0.382,s,agent-1,ap-south-1
svc-search,search-api,2025-06-01T06:45:00Z,200,0.378,s,agent-1,ap-south-1
svc-notify,notify-worker,2025-05-22T11:30:00Z,200,147,ms,agent-1,ap-south-1
svc-search,search-api,2025-05-22T12:45:00Z,200,0.702,s,agent-1,ap-south-1
svc-search,search-api,2025-05-22T11:00:00Z,200,0.496,s,agent-1,ap-south-1
svc-auth,auth-api,2025-05-31T08:30:00Z,200,186,ms,agent-1,ap-south-1
svc-auth,auth-api,2025-05-21T22:30:00Z,200,93,ms,agent-2,ap-south-1
svc-search,search-api,2025-05-22T15:00:00Z,200,0.521,s,agent-1,ap-south-1
svc-auth,auth-api,2025-05-26T04:30:00Z,200,107,ms,agent-1,ap-south-1
svc-payments,payments-api,2025-05-19T04:00:00Z,200,452,ms,agent-1,ap-south-1
svc-auth,auth-api,2025-05-21T08:45:00Z,200,105,ms,agent-1,ap-south-1
svc-reports,reports-api,2025-05-22T19:00:00Z,200,597,ms,agent-1,ap-south-1
svc-search,search-api,2025-05-31T11:15:00Z,200,,s,agent-1,ap-south-1
svc-search,search-api,2025-05-26T11:15:00Z,200,0.562,s,agent-1,ap-south-1
svc-notify,notify-worker,2025-05-20T14:30:00Z,200,79,ms,agent-1,ap-south-1
svc-auth,auth-api,2025-05-25T00:15:00Z,200,153,ms,agent-1,ap-south-1
svc-notify,notify-worker,2025-05-23T00:45:00Z,200,77,ms,agent-1,ap-south-1
svc-search,search-api,2025-05-27T16:15:00Z,200,,s,agent-1,ap-south-1
svc-search,search-api,2025-05-31T10:30:00Z,200,0.563,s,agent-1,ap-south-1
svc-reports,reports-api,2025-06-01T19:00:00Z,200,817,ms,agent-1,ap-south-1
svc-auth,auth-api,2025-05-19T09:30:00Z,200,153,ms,agent-1,ap-south-1
svc-payments,payments-api,2025-05-26T12:30:00Z,200,285,ms,agent-1,ap-south-1
svc-auth,auth-api,2025-05-26T03:00:00Z,200,169,ms,agent-1,ap-south-1
svc-payments,payments-api,2025-05-20T09:30:00Z,200,,ms,agent-1,ap-south-1
svc-payments,payments-api,2025-05-26T13:00:00Z,200,438,ms,agent-1,ap-south-1
svc-search,search-api,2025-05-19T16:15:00Z,200,0.652,s,agent-1,ap-south-1
svc-search,search-api,1748283300,200,0.607,s,agent-1,ap-south-1
svc-payments,payments-api,2025-05-28T01:30:00Z,200,370,ms,agent-1,ap-south-1
svc-reports,reports-api,2025-05-31T02:15:00Z,200,852,ms,agent-1,ap-south-1
svc-payments,payments-api,2025-05-20T13:15:00Z,200,343,ms,agent-1,ap-south-1
svc-reports,reports-api,2025-05-25T20:00:00Z,200,566,ms,agent-1,ap-south-1
svc-search,search-api,2025-05-23T16:45:00Z,200,0.477,s,agent-1,ap-south-1
svc-payments,payments-api,2025-05-23T17:45:00Z,200,329,ms,agent-1,ap-south-1
svc-notify,notify-worker,2025-05-22T20:00:00Z,200,81,ms,agent-1,ap-south-1
svc-payments,payments-api,2025-05-30T13:15:00Z,200,430,ms,agent-1,ap-south-1
svc-search,search-api,2025-05-26T22:00:00Z,200,0.685,s,agent-1,ap-south-1
svc-search,search-api,2025-05-22T03:45:00Z,200,0.7,s,agent-1,ap-south-1
svc-search,search-api,2025-05-24T05:30:00Z,200,0.696,s,agent-1,ap-south-1
svc-payments,payments-api,2025-05-29T00:15:00Z,200,,ms,agent-1,ap-south-1
svc-search,search-api,2025-05-21T08:45:00Z,200,0.38,s,agent-1,ap-south-1
svc-reports,reports-api,2025-05-21T18:00:00Z,200,509,ms,agent-1,ap-south-1
svc-search,search-api,2025-05-25T18:00:00Z,200,0.403,s,agent-1,ap-south-1
svc-payments,payments-api,2025-05-19T08:15:00Z,200,422,ms,agent-1,ap-south-1
svc-reports,reports-api,2025-05-31T14:00:00Z,200,703,ms,agent-1,ap-south-1
svc-payments,payments-api,2025-05-25T11:45:00Z,503,304,ms,agent-1,ap-south-1
svc-payments,payments-api,2025-05-31T13:00:00Z,200,431,ms,agent-1,ap-south-1
svc-search,search-api,2025-05-23T01:00:00Z,200,0.388,s,agent-1,ap-south-1
svc-reports,reports-api,2025-05-21T12:00:00Z,200,823,ms,agent-1,ap-south-1
svc-reports,reports-api,2025-05-25T00:30:00Z,200,501,ms,agent-1,ap-south-1
svc-auth,auth-api,2025-05-22T21:00:00Z,200,150,ms,agent-2,ap-south-1
svc-search,search-api,2025-05-24T08:00:00Z,200,0.37,s,agent-1,ap-south-1
svc-auth,auth-api,2025-05-31T18:00:00Z,200,109,ms,agent-1,ap-south-1
svc-notify,notify-worker,2025-05-31T02:30:00Z,200,92,ms,agent-1,ap-south-1
svc-notify,notify-worker,2025-05-19T01:00:00Z,500,146,ms,agent-1,ap-south-1
svc-auth,auth-api,2025-05-25T18:45:00Z,200,132,ms,agent-1,ap-south-1
svc-search,search-api,2025-05-30T16:00:00Z,200,0.67,s,agent-2,ap-south-1
svc-reports,reports-api,2025-05-20T06:30:00Z,200,689,ms,agent-1,ap-south-1
svc-notify,notify-worker,2025-05-19T20:45:00Z,200,120,ms,agent-2,ap-south-1
svc-reports,reports-api,2025-05-22T00:15:00Z,200,637,ms,agent-2,ap-south-1
svc-search,search-api,2025-05-23T11:00:00Z,200,0.572,s,agent-1,ap-south-1
svc-reports,reports-api,2025-05-24T12:15:00Z,200,802,ms,agent-1,ap-south-1
svc-search,search-api,2025-05-28T05:45:00Z,200,0.642,s,agent-1,ap-south-1
svc-reports,reports-api,2025-05-23T19:15:00Z,200,603,ms,agent-1,ap-south-1
svc-notify,notify-worker,2025-05-30T05:00:00Z,200,142,ms,agent-1,ap-south-1
svc-reports,reports-api,2025-06-01T23:15:00Z,200,808,ms,agent-1,ap-south-1
svc-search,search-api,2025-05-21T04:15:00Z,200,0.501,s,agent-1,ap-south-1
svc-auth,auth-api,2025-05-20T19:45:00Z,200,154,ms,agent-1,ap-south-1
svc-notify,notify-worker,2025-05-28T19:15:00Z,200,143,ms,agent-2,ap-south-1
svc-auth,auth-api,2025-06-01T18:15:00Z,200,162,ms,agent-1,ap-south-1
svc-reports,reports-api,2025-06-01T11:30:00Z,200,831,ms,agent-1,ap-south-1
svc-payments,payments-api,2025-05-19T01:45:00Z,200,270,ms,agent-1,ap-south-1
svc-payments,payments-api,2025-05-26T14:15:00Z,502,451,ms,agent-1,ap-south-1
svc-reports,reports-api,2025-05-31T10:45:00Z,200,691,ms,agent-1,ap-south-1
svc-payments,payments-api,2025-05-19T09:15:00Z,200,288,ms,agent-2,ap-south-1
svc-payments,payments-api,2025-05-30T09:45:00Z,200,278,ms,agent-1,ap-south-1
svc-payments,payments-api,2025-05-20T06:00:00+05:30,200,385,ms,agent-1,ap-south-1
svc-auth,auth-api,2025-05-31T11:00:00Z,200,169,ms,agent-1,ap-south-1
svc-reports,reports-api,2025-05-20T02:15:00Z,200,489,ms,agent-1,ap-south-1
svc-notify,notify-worker,2025-05-19T20:15:00Z,200,135,ms,agent-1,ap-south-1
svc-payments,payments-api,2025-05-23T07:45:00Z,200,313,ms,agent-1,ap-south-1
svc-reports,reports-api,2025-05-29T23:30:00Z,200,675,ms,agent-1,ap-south-1
svc-reports,reports-api,2025-05-21T16:00:00Z,200,801,ms,agent-1,ap-south-1
svc-notify,notify-worker,2025-05-21T05:30:00Z,200,135,ms,agent-1,ap-south-1
svc-notify,notify-worker,2025-05-25T00:45:00Z,200,149,ms,agent-1,ap-south-1
svc-reports,reports-api,2025-05-23T14:45:00Z,200,676,ms,agent-1,ap-south-1
svc-reports,reports-api,2025-05-22T21:15:00Z,200,455,ms,agent-1,ap-south-1
svc-reports,reports-api,2025-05-26T16:30:00Z,200,837,ms,agent-1,ap-south-1
svc-payments,payments-api,2025-05-20T21:00:00Z,200,271,ms,agent-1,ap-south-1
svc-auth,auth-api,2025-05-31T04:30:00Z,200,182,ms,agent-1,ap-south-1
svc-search,search-api,2025-05-28T07:15:00Z,200,0.559,s,agent-1,ap-south-1
svc-auth,auth-api,2025-05-31T06:00:00Z,200,159,ms,agent-1,ap-south-1
svc-auth,auth-api,2025-05-29T16:00:00Z,200,145,ms,agent-1,ap-south-1
svc-auth,auth-api,2025-05-27T11:00:00Z,200,170,ms,agent-1,ap-south-1
svc-search,search-api,2025-05-19T20:45:00Z,200,0.612,s,agent-1,ap-south-1
svc-search,search-api,2025-05-27T09:30:00Z,200,0.402,s,agent-1,ap-south-1
svc-reports,reports-api,2025-05-30T13:45:00Z,502,632,ms,agent-2,ap-south-1
svc-auth,auth-api,2025-05-21T21:00:00Z,200,125,ms,agent-1,ap-south-1
svc-notify,notify-worker,2025-05-30T07:15:00Z,200,92,ms,agent-1,ap-south-1
svc-reports,reports-api,2025-06-01T18:30:00Z,200,802,ms,agent-2,ap-south-1
svc-search,search-api,2025-05-21T06:45:00Z,200,0.381,s,agent-1,ap-south-1
svc-payments,payments-api,2025-05-19T23:45:00Z,200,443,ms,agent-1,ap-south-1
svc-auth,auth-api,2025-06-01T10:15:00Z,200,96,ms,agent-1,ap-south-1
svc-auth,auth-api,2025-05-19T02:15:00Z,200,122,ms,agent-1,ap-south-1
svc-reports,reports-api,2025-05-30T16:15:00Z,200,719,ms,agent-1,ap-south-1
svc-payments,payments-api,2025-05-30T02:15:00Z,200,291,ms,agent-1,ap-south-1
svc-payments,payments-api,2025-05-20T21:45:00Z,200,451,ms,agent-1,ap-south-1
svc-payments,payments-api,2025-05-23T23:15:00Z,200,300,ms,agent-2,ap-south-1
svc-search,search-api,2025-05-23T13:00:00Z,200,0.368,s,agent-1,ap-south-1
svc-auth,auth-api,2025-05-26T03:15:00Z,200,176,ms,agent-1,ap-south-1
svc-reports,reports-api,2025-05-30T22:00:00Z,200,644,ms,agent-1,ap-south-1
svc-reports,reports-api,2025-05-19T22:30:00Z,200,476,ms,agent-2,ap-south-1
svc-search,search-api,2025-05-30T11:45:00Z,200,0.699,s,agent-1,ap-south-1
svc-notify,notify-worker,2025-05-31T15:45:00Z,200,85,ms,agent-1,ap-south-1
svc-auth,auth-api,2025-05-19T14:15:00Z,200,132,ms,agent-1,ap-south-1
svc-search,search-api,2025-05-30T23:30:00Z,200,0.574,s,agent-1,ap-south-1
svc-auth,auth-api,2025-05-20T08:45:00Z,200,124,ms,agent-1,ap-south-1
svc-payments,payments-api,2025-05-24T07:00:00Z,200,369,ms,agent-1,ap-south-1
svc-auth,auth-api,2025-05-29T05:15:00Z,200,101,ms,agent-1,ap-south-1
svc-reports,reports-api,2025-05-26T15:00:00Z,200,722,ms,agent-1,ap-south-1
svc-auth,auth-api,2025-05-24T21:15:00Z,200,139,ms,agent-1,ap-south-1
svc-auth,auth-api,2025-05-29T00:30:00Z,200,96,ms,agent-1,ap-south-1
svc-notify,notify-worker,2025-05-19T04:15:00Z,200,143,ms,agent-1,ap-south-1
svc-search,search-api,2025-05-28T03:00:00Z,200,0.483,s,agent-1,ap-south-1
svc-payments,payments-api,2025-05-29T14:45:00Z,200,481,ms,agent-1,ap-south-1
svc-reports,reports-api,2025-05-27T02:15:00Z,500,818,ms,agent-1,ap-south-1
svc-payments,payments-api,2025-05-29T02:30:00Z,200,353,ms,agent-2,ap-south-1
svc-notify,notify-worker,2025-05-25T16:00:00Z,200,131,ms,agent-1,ap-south-1
svc-notify,notify-worker,2025-05-20T03:30:00Z,200,134,ms,agent-1,ap-south-1
svc-notify,notify-worker,2025-05-19T13:00:00Z,200,119,ms,agent-1,ap-south-1
svc-search,search-api,2025-05-29T10:30:00Z,200,0.574,s,agent-1,ap-south-1
svc-payments,payments-api,2025-05-19T19:00:00Z,200,466,ms,agent-1,ap-south-1
svc-reports,reports-api,2025-05-26T02:30:00Z,200,544,ms,agent-1,ap-south-1
svc-payments,payments-api,2025-05-31T06:00:00Z,200,478,ms,agent-1,ap-south-1
svc-payments,payments-api,2025-05-23T09:45:00Z,200,310,ms,agent-1,ap-south-1
svc-search,search-api,2025-06-01T17:45:00Z,200,0.639,s,agent-1,ap-south-1
svc-notify,notify-worker,2025-05-27T23:30:00Z,200,96,ms,agent-1,ap-south-1
svc-notify,notify-worker,2025-05-28T13:00:00Z,200,84,ms,agent-1,ap-south-1
svc-search,search-api,2025-05-24T21:15:00Z,200,0.656,s,agent-1,ap-south-1
svc-payments,payments-api,2025-05-30T01:45:00Z,200,468,ms,agent-1,ap-south-1
svc-search,search-api,2025-05-20T18:45:00Z,200,0.577,s,agent-1,ap-south-1
svc-search,search-api,2025-06-01T00:00:00Z,200,0.709,s,agent-1,ap-south-1
svc-payments,payments-api,2025-05-29T06:00:00Z,200,273,ms,agent-1,ap-south-1
svc-search,search-api,2025-05-20T23:45:00+05:30,200,0.599,s,agent-1,ap-south-1
svc-notify,notify-worker,2025-05-23T16:45:00Z,200,135,ms,agent-2,ap-south-1
svc-auth,auth-api,2025-05-26T02:15:00Z,200,152,ms,agent-1,ap-south-1
svc-payments,payments-api,2025-05-22T06:00:00Z,200,455,ms,agent-2,ap-south-1
svc-reports,reports-api,2025-05-31T23:00:00Z,200,726,ms,agent-1,ap-south-1
svc-payments,payments-api,2025-05-23T20:45:00Z,200,291,ms,agent-1,ap-south-1
svc-notify,notify-worker,2025-06-01T03:30:00Z,200,90,ms,agent-1,ap-south-1
svc-auth,auth-api,2025-05-31T12:00:00Z,200,129,ms,agent-1,ap-south-1
svc-reports,reports-api,2025-05-27T00:30:00Z,200,659,ms,agent-1,ap-south-1
svc-payments,payments-api,2025-05-20T00:15:00Z,200,490,ms,agent-1,ap-south-1
svc-reports,reports-api,2025-05-27T05:00:00Z,200,460,ms,agent-1,ap-south-1
svc-payments,payments-api,2025-05-27T04:45:00Z,200,414,ms,agent-1,ap-south-1
svc-search,search-api,2025-05-19T08:00:00Z,200,0.394,s,agent-1,ap-south-1
svc-auth,auth-api,2025-05-22T00:45:00Z,200,108,ms,agent-1,ap-south-1
svc-payments,payments-api,2025-05-22T07:30:00Z,200,432,ms,agent-2,ap-south-1
svc-auth,auth-api,2025-06-01T17:30:00Z,200,103,ms,agent-1,ap-south-1
svc-payments,payments-api,2025-05-30T13:45:00Z,200,322,ms,agent-1,ap-south-1
svc-reports,reports-api,2025-06-01T13:45:00Z,200,597,ms,agent-1,ap-south-1
svc-auth,auth-api,2025-05-24T17:45:00Z,200,185,ms,agent-1,ap-south-1
svc-notify,notify-worker,2025-05-20T16:15:00Z,200,77,ms,agent-1,ap-south-1
svc-search,search-api,2025-05-30T19:30:00Z,200,0.619,s,agent-1,ap-south-1
svc-payments,payments-api,2025-05-25T16:45:00Z,200,460,ms,agent-2,ap-south-1
svc-reports,reports-api,2025-05-19T02:00:00Z,200,552,ms,agent-1,ap-south-1
svc-search,search-api,2025-05-21T19:45:00Z,200,0.638,s,agent-2,ap-south-1
svc-notify,notify-worker,2025-05-28T02:00:00Z,200,132,ms,agent-1,ap-south-1
svc-auth,auth-api,2025-06-01T11:00:00Z,200,98,ms,agent-1,ap-south-1
svc-reports,reports-api,2025-05-30T02:15:00Z,200,786,ms,agent-1,ap-south-1
svc-reports,reports-api,2025-05-22T16:15:00Z,200,584,ms,agent-1,ap-south-1
svc-notify,notify-worker,2025-05-29T13:45:00Z,200,96,ms,agent-1,ap-south-1
svc-notify,notify-worker,2025-05-30T18:45:00Z,200,100,ms,agent-1,ap-south-1
svc-notify,notify-worker,2025-05-26T03:00:00Z,200,128,ms,agent-1,ap-south-1
svc-search,search-api,2025-05-26T11:45:00Z,200,0.551,s,agent-1,ap-south-1
svc-auth,auth-api,2025-05-27T11:30:00Z,200,157,ms,agent-1,ap-south-1
svc-auth,auth-api,2025-06-01T17:45:00Z,200,106,ms,agent-1,ap-south-1
svc-notify,notify-worker,2025-05-30T22:30:00Z,200,149,ms,agent-1,ap-south-1
svc-payments,payments-api,2025-05-29T23:00:00Z,200,301,ms,agent-2,ap-south-1
svc-search,search-api,2025-05-21T19:15:00Z,200,0.425,s,agent-1,ap-south-1
svc-search,search-api,2025-05-23T06:30:00Z,200,0.689,s,agent-1,ap-south-1
svc-notify,notify-worker,2025-05-30T03:00:00Z,200,88,ms,agent-1,ap-south-1
svc-search,search-api,2025-05-31T13:30:00Z,200,0.645,s,agent-1,ap-south-1
svc-auth,auth-api,2025-05-27T14:45:00Z,200,128,ms,agent-1,ap-south-1
svc-payments,payments-api,2025-05-27T01:30:00Z,200,493,ms,agent-1,ap-south-1
svc-auth,auth-api,1748777400,200,165,ms,agent-1,ap-south-1
svc-notify,notify-worker,2025-05-30T22:45:00Z,200,115,ms,agent-2,ap-south-1
svc-reports,reports-api,2025-05-21T01:30:00Z,200,645,ms,agent-1,ap-south-1
svc-search,search-api,2025-06-01T11:00:00Z,200,0.55,s,agent-2,ap-south-1
svc-auth,auth-api,2025-05-28T15:00:00Z,200,96,ms,agent-1,ap-south-1
svc-payments,payments-api,2025-05-28T23:00:00Z,200,404,ms,agent-1,ap-south-1
svc-reports,reports-api,2025-05-30T17:45:00Z,200,745,ms,agent-1,ap-south-1
svc-payments,payments-api,2025-05-22T07:45:00Z,200,359,ms,agent-1,ap-south-1
svc-notify,notify-worker,2025-05-26T00:00:00Z,200,124,ms,agent-1,ap-south-1
svc-notify,notify-worker,2025-05-30T03:15:00Z,200,141,ms,agent-1,ap-south-1
svc-auth,auth-api,2025-05-23T19:45:00Z,200,96,ms,agent-1,ap-south-1
svc-notify,notify-worker,2025-05-30T22:00:00Z,200,103,ms,agent-1,ap-south-1
svc-search,search-api,2025-05-19T03:45:00Z,200,0.427,s,agent-1,ap-south-1
svc-reports,reports-api,2025-05-25T21:45:00Z,200,459,ms,agent-1,ap-south-1
svc-search,search-api,2025-05-29T18:30:00Z,200,0.481,s,agent-1,ap-south-1
svc-auth,auth-api,2025-05-27T04:45:00Z,200,96,ms,agent-1,ap-south-1
svc-auth,auth-api,2025-05-24T20:00:00Z,200,120,ms,agent-1,ap-south-1
svc-reports,reports-api,2025-05-28T22:00:00Z,200,773,ms,agent-1,ap-south-1
svc-notify,notify-worker,2025-05-26T03:30:00Z,200,121,ms,agent-1,ap-south-1
svc-notify,notify-worker,2025-05-27T22:45:00Z,200,146,ms,agent-1,ap-south-1
svc-auth,auth-api,2025-05-21T22:00:00Z,200,174,ms,agent-1,ap-south-1
svc-auth,auth-api,1748791800,200,105,ms,agent-1,ap-south-1
svc-payments,payments-api,2025-05-28T18:45:00Z,200,374,ms,agent-1,ap-south-1
svc-notify,notify-worker,2025-05-30T07:45:00Z,200,128,ms,agent-1,ap-south-1
svc-auth,auth-api,2025-05-28T14:45:00Z,200,157,ms,agent-1,ap-south-1
svc-payments,payments-api,2025-05-20T16:00:00Z,200,481,ms,agent-1,ap-south-1
svc-search,search-api,2025-05-20T02:15:00Z,200,0.63,s,agent-2,ap-south-1
svc-search,search-api,2025-05-21T01:45:00Z,200,0.628,s,agent-1,ap-south-1
svc-search,search-api,2025-05-26T03:15:00Z,200,0.669,s,agent-1,ap-south-1
svc-search,search-api,2025-05-28T06:45:00Z,200,0.577,s,agent-1,ap-south-1
svc-search,search-api,2025-05-25T00:30:00Z,200,0.558,s,agent-1,ap-south-1
svc-reports,reports-api,2025-05-27T14:00:00Z,200,705,ms,agent-1,ap-south-1
svc-payments,payments-api,2025-05-25T01:30:00Z,200,434,ms,agent-1,ap-south-1
svc-notify,notify-worker,2025-05-26T12:15:00Z,200,115,ms,agent-1,ap-south-1
svc-search,search-api,2025-05-20T08:45:00Z,200,0.698,s,agent-1,ap-south-1
svc-reports,reports-api,2025-05-28T01:15:00Z,200,683,ms,agent-1,ap-south-1
svc-payments,payments-api,2025-05-19T13:45:00Z,200,467,ms,agent-1,ap-south-1
svc-reports,reports-api,2025-05-31T22:00:00Z,200,641,ms,agent-1,ap-south-1
svc-notify,notify-worker,2025-05-29T07:45:00Z,200,110,ms,agent-1,ap-south-1
svc-search,search-api,2025-05-29T22:45:00Z,200,0.515,s,agent-1,ap-south-1
svc-payments,payments-api,2025-05-20T12:30:00Z,200,382,ms,agent-1,ap-south-1
svc-notify,notify-worker,2025-05-28T18:45:00Z,200,88,ms,agent-1,ap-south-1
svc-search,search-api,2025-05-30T10:00:00Z,200,0.696,s,agent-1,ap-south-1
svc-reports,reports-api,2025-06-01T03:30:00Z,200,584,ms,agent-1,ap-south-1
svc-reports,reports-api,2025-05-22T00:15:00Z,200,596,ms,agent-1,ap-south-1
svc-search,search-api,2025-05-31T04:00:00Z,200,0.476,s,agent-1,ap-south-1
svc-auth,auth-api,2025-05-31T20:00:00Z,200,166,ms,agent-1,ap-south-1
svc-reports,reports-api,2025-05-23T11:00:00Z,200,452,ms,agent-1,ap-south-1
svc-notify,notify-worker,2025-05-28T16:15:00Z,200,147,ms,agent-1,ap-south-1
svc-search,search-api,2025-05-31T17:30:00Z,200,0.621,s,agent-1,ap-south-1
svc-payments,payments-api,2025-05-20T05:45:00Z,200,309,ms,agent-1,ap-south-1
svc-notify,notify-worker,2025-05-26T23:30:00Z,200,96,ms,agent-1,ap-south-1
svc-search,search-api,2025-05-24T00:30:00Z,200,0.424,s,agent-1,ap-south-1
svc-auth,auth-api,2025-05-23T04:15:00Z,200,117,ms,agent-1,ap-south-1
svc-notify,notify-worker,2025-05-31T00:00:00Z,200,140,ms,agent-1,ap-south-1
svc-notify,notify-worker,2025-05-21T01:30:00Z,200,147,ms,agent-1,ap-south-1
svc-payments,payments-api,2025-06-01T06:45:00Z,200,428,ms,agent-1,ap-south-1
svc-notify,notify-worker,2025-05-22T07:45:00Z,200,92,ms,agent-1,ap-south-1
svc-reports,reports-api,2025-05-30T19:00:00Z,200,735,ms,agent-1,ap-south-1
svc-auth,auth-api,2025-05-25T11:45:00Z,200,118,ms,agent-1,ap-south-1
svc-payments,payments-api,2025-05-31T22:15:00Z,200,482,ms,agent-1,ap-south-1
svc-auth,auth-api,2025-05-19T16:00:00Z,200,188,ms,agent-1,ap-south-1
svc-search,search-api,1748566800,200,0.392,s,agent-1,ap-south-1
svc-payments,payments-api,2025-05-30T12:30:00Z,200,314,ms,agent-1,ap-south-1
svc-auth,auth-api,2025-05-27T22:00:00Z,200,136,ms,agent-1,ap-south-1
svc-search,search-api,2025-05-23T07:45:00Z,200,0.566,s,agent-1,ap-south-1
svc-auth,auth-api,2025-05-28T02:30:00Z,200,103,ms,agent-1,ap-south-1
svc-reports,reports-api,2025-05-23T05:30:00Z,200,689,ms,agent-1,ap-south-1
svc-auth,auth-api,2025-05-20T02:30:00+05:30,200,169,ms,agent-1,ap-south-1
svc-reports,reports-api,2025-05-24T02:45:00Z,200,681,ms,agent-1,ap-south-1
svc-search,search-api,2025-05-27T03:15:00Z,200,0.595,s,agent-1,ap-south-1
svc-search,search-api,2025-05-29T09:45:00Z,200,0.575,s,agent-1,ap-south-1
svc-auth,auth-api,2025-05-26T20:15:00Z,200,111,ms,agent-1,ap-south-1
svc-notify,notify-worker,2025-05-21T14:45:00Z,200,97,ms,agent-1,ap-south-1
svc-search,search-api,2025-05-26T20:30:00Z,200,0.575,s,agent-1,ap-south-1
svc-auth,auth-api,2025-05-26T00:15:00Z,200,101,ms,agent-1,ap-south-1
svc-notify,notify-worker,2025-05-24T15:15:00Z,200,118,ms,agent-1,ap-south-1
svc-search,search-api,2025-06-01T10:30:00Z,200,0.716,s,agent-1,ap-south-1
svc-payments,payments-api,2025-05-30T21:00:00Z,200,273,ms,agent-1,ap-south-1
svc-notify,notify-worker,2025-05-30T20:45:00Z,200,84,ms,agent-1,ap-south-1
svc-notify,notify-worker,2025-05-24T05:30:00Z,200,76,ms,agent-1,ap-south-1
svc-payments,payments-api,2025-05-20T20:30:00Z,200,314,ms,agent-1,ap-south-1
svc-payments,payments-api,2025-06-01T10:45:00Z,200,407,ms,agent-1,ap-south-1
svc-auth,auth-api,2025-05-21T16:30:00Z,200,170,ms,agent-1,ap-south-1
svc-auth,auth-api,2025-05-21T04:30:00Z,200,167,ms,agent-1,ap-south-1
svc-reports,reports-api,2025-05-22T16:00:00Z,200,653,ms,agent-2,ap-south-1
svc-notify,notify-worker,2025-05-25T01:45:00Z,200,120,ms,agent-1,ap-south-1
svc-payments,payments-api,2025-05-29T22:45:00Z,200,456,ms,agent-1,ap-south-1
svc-auth,auth-api,2025-05-21T07:30:00Z,200,136,ms,agent-1,ap-south-1
svc-payments,payments-api,2025-05-19T11:15:00Z,200,451,ms,agent-1,ap-south-1
svc-notify,notify-worker,2025-05-31T06:45:00Z,200,,ms,agent-1,ap-south-1
svc-payments,payments-api,2025-05-21T21:15:00Z,200,312,ms,agent-1,ap-south-1
svc-auth,auth-api,2025-05-31T10:45:00Z,200,156,ms,agent-1,ap-south-1
svc-payments,payments-api,2025-05-20T09:45:00Z,200,274,ms,agent-1,ap-south-1
svc-reports,reports-api,2025-05-31T10:30:00Z,200,722,ms,agent-2,ap-south-1
svc-notify,notify-worker,2025-05-19T19:00:00Z,503,364,ms,agent-1,ap-south-1
svc-payments,payments-api,2025-05-26T16:15:00Z,200,327,ms,agent-1,ap-south-1
svc-reports,reports-api,2025-06-01T19:45:00Z,200,784,ms,agent-1,ap-south-1
svc-reports,reports-api,2025-05-26T12:45:00Z,200,575,ms,agent-1,ap-south-1
svc-auth,auth-api,2025-06-01T01:45:00Z,200,173,ms,agent-1,ap-south-1
svc-payments,payments-api,2025-05-31T02:00:00Z,200,382,ms,agent-1,ap-south-1
svc-search,search-api,2025-05-23T17:45:00Z,200,0.441,s,agent-1,ap-south-1
svc-auth,auth-api,2025-05-28T13:15:00Z,200,107,ms,agent-1,ap-south-1
svc-payments,payments-api,2025-06-01T04:30:00Z,200,342,ms,agent-1,ap-south-1
svc-reports,reports-api,1747654200,200,770,ms,agent-1,ap-south-1
svc-payments,payments-api,2025-05-20T15:15:00Z,200,455,ms,agent-1,ap-south-1
svc-payments,payments-api,2025-05-19T22:00:00Z,200,415,ms,agent-1,ap-south-1
svc-auth,auth-api,2025-05-20T17:00:00Z,200,120,ms,agent-1,ap-south-1
svc-search,search-api,2025-05-31T14:00:00Z,200,0.536,s,agent-1,ap-south-1
svc-search,search-api,2025-05-26T07:45:00Z,200,0.601,s,agent-1,ap-south-1
svc-payments,payments-api,2025-05-26T09:30:00Z,200,315,ms,agent-1,ap-south-1
svc-auth,auth-api,2025-05-26T08:30:00Z,200,138,ms,agent-1,ap-south-1
svc-search,search-api,2025-05-27T06:00:00Z,200,0.621,s,agent-1,ap-south-1
svc-notify,notify-worker,2025-05-25T00:45:00Z,200,155,ms,agent-2,ap-south-1
svc-notify,notify-worker,2025-05-19T16:45:00Z,503,514,ms,agent-1,ap-south-1
svc-payments,payments-api,2025-06-01T03:00:00Z,200,436,ms,agent-1,ap-south-1
svc-auth,auth-api,2025-05-27T15:45:00+05:30,200,186,ms,agent-1,ap-south-1
svc-reports,reports-api,2025-05-20T19:00:00Z,200,575,ms,agent-2,ap-south-1
svc-notify,notify-worker,2025-05-26T10:15:00Z,200,134,ms,agent-1,ap-south-1
svc-search,search-api,2025-06-01T23:00:00Z,200,0.59,s,agent-2,ap-south-1
svc-auth,auth-api,2025-05-22T17:00:00Z,200,161,ms,agent-1,ap-south-1
svc-search,search-api,2025-05-31T15:30:00Z,200,0.669,s,agent-1,ap-south-1
svc-payments,payments-api,2025-05-28T01:15:00Z,200,326,ms,agent-1,ap-south-1
svc-reports,reports-api,2025-05-31T07:30:00Z,200,803,ms,agent-1,ap-south-1
svc-reports,reports-api,2025-05-23T23:15:00Z,200,481,ms,agent-1,ap-south-1
svc-search,search-api,2025-05-24T18:45:00Z,200,0.426,s,agent-1,ap-south-1
svc-search,search-api,2025-05-30T22:00:00Z,200,0.566,s,agent-2,ap-south-1
svc-search,search-api,2025-05-22T16:45:00Z,200,0.622,s,agent-1,ap-south-1
svc-search,search-api,2025-05-30T08:45:00Z,200,0.642,s,agent-1,ap-south-1
svc-search,search-api,2025-05-22T22:45:00Z,200,0.551,s,agent-2,ap-south-1
svc-payments,payments-api,2025-05-23T22:45:00Z,200,317,ms,agent-1,ap-south-1
svc-reports,reports-api,2025-05-26T15:15:00Z,200,436,ms,agent-1,ap-south-1
svc-payments,payments-api,2025-05-24T18:00:00Z,200,457,ms,agent-1,ap-south-1
svc-auth,auth-api,2025-05-21T06:15:00+05:30,200,161,ms,agent-1,ap-south-1
svc-reports,reports-api,2025-05-23T12:45:00Z,503,,ms,agent-1,ap-south-1
svc-notify,notify-worker,2025-05-19T05:30:00Z,200,121,ms,agent-1,ap-south-1
svc-payments,payments-api,2025-05-21T19:30:00Z,200,473,ms,agent-1,ap-south-1
svc-auth,auth-api,2025-05-30T12:15:00Z,200,181,ms,agent-1,ap-south-1
svc-auth,auth-api,2025-05-30T15:15:00Z,200,133,ms,agent-1,ap-south-1
svc-notify,notify-worker,2025-05-26T06:30:00Z,200,118,ms,agent-2,ap-south-1
svc-payments,payments-api,2025-05-21T08:00:00Z,200,480,ms,agent-1,ap-south-1
svc-reports,reports-api,2025-05-28T02:15:00Z,200,574,ms,agent-1,ap-south-1
svc-payments,payments-api,2025-05-20T06:45:00Z,200,,ms,agent-1,ap-south-1
svc-payments,payments-api,2025-05-31T05:30:00Z,200,438,ms,agent-1,ap-south-1
svc-payments,payments-api,2025-05-20T07:30:00Z,200,411,ms,agent-1,ap-south-1
svc-reports,reports-api,2025-05-30T19:30:00Z,500,699,ms,agent-1,ap-south-1
svc-payments,payments-api,2025-05-26T17:00:00Z,200,397,ms,agent-1,ap-south-1
svc-auth,auth-api,2025-05-31T01:45:00Z,200,154,ms,agent-1,ap-south-1
svc-payments,payments-api,2025-05-22T09:30:00Z,200,308,ms,agent-1,ap-south-1
svc-search,search-api,2025-05-31T01:15:00Z,200,0.439,s,agent-2,ap-south-1
svc-search,search-api,2025-05-20T23:00:00Z,200,0.499,s,agent-1,ap-south-1
svc-notify,notify-worker,2025-05-22T08:00:00Z,200,146,ms,agent-2,ap-south-1
svc-reports,reports-api,2025-05-25T03:45:00Z,200,465,ms,agent-1,ap-south-1
svc-search,search-api,2025-05-31T03:00:00Z,200,0.617,s,agent-1,ap-south-1
svc-payments,payments-api,2025-05-31T01:45:00Z,200,251,ms,agent-1,ap-south-1
svc-auth,auth-api,2025-05-22T06:45:00Z,200,100,ms,agent-1,ap-south-1
svc-auth,auth-api,2025-05-30T17:00:00Z,200,102,ms,agent-1,ap-south-1
svc-payments,payments-api,2025-05-23T11:15:00Z,200,357,ms,agent-1,ap-south-1
svc-notify,notify-worker,2025-05-20T02:15:00Z,200,,ms,agent-1,ap-south-1
svc-notify,notify-worker,2025-05-27T13:15:00Z,200,133,ms,agent-1,ap-south-1
svc-notify,notify-worker,2025-06-01T19:45:00Z,200,141,ms,agent-1,ap-south-1
svc-payments,payments-api,2025-06-01T09:15:00Z,200,317,ms,agent-1,ap-south-1
svc-payments,payments-api,2025-05-28T09:00:00Z,200,256,ms,agent-1,ap-south-1
svc-notify,notify-worker,2025-05-20T11:00:00Z,200,141,ms,agent-1,ap-south-1
svc-notify,notify-worker,2025-05-23T06:45:00Z,200,127,ms,agent-1,ap-south-1
svc-notify,notify-worker,2025-05-27T21:00:00Z,200,119,ms,agent-1,ap-south-1
svc-payments,payments-api,2025-05-31T17:30:00Z,200,366,ms,agent-1,ap-south-1
svc-auth,auth-api,2025-05-29T23:30:00Z,200,96,ms,agent-1,ap-south-1
svc-payments,payments-api,2025-06-01T11:15:00Z,200,332,ms,agent-1,ap-south-1
svc-notify,notify-worker,2025-05-19T21:00:00Z,200,104,ms,agent-1,ap-south-1
svc-payments,payments-api,2025-05-27T22:15:00Z,200,386,ms,agent-1,ap-south-1
svc-reports,reports-api,2025-05-23T18:15:00Z,200,667,ms,agent-1,ap-south-1
svc-reports,reports-api,2025-05-25T19:45:00Z,200,761,ms,agent-1,ap-south-1
svc-search,search-api,2025-05-25T02:45:00Z,200,0.646,s,agent-1,ap-south-1
svc-notify,notify-worker,2025-05-25T05:45:00Z,200,87,ms,agent-1,ap-south-1
svc-notify,notify-worker,2025-05-24T02:15:00Z,200,127,ms,agent-2,ap-south-1
svc-auth,auth-api,2025-05-28T00:30:00Z,200,177,ms,agent-1,ap-south-1
svc-payments,payments-api,2025-05-26T03:45:00Z,200,312,ms,agent-1,ap-south-1
svc-payments,payments-api,2025-05-19T09:45:00Z,200,480,ms,agent-1,ap-south-1
svc-payments,payments-api,2025-05-31T06:45:00Z,200,446,ms,agent-1,ap-south-1
svc-search,search-api,2025-05-25T12:30:00Z,200,0.489,s,agent-1,ap-south-1
svc-search,search-api,2025-05-25T05:45:00Z,200,0.684,s,agent-2,ap-south-1
svc-auth,auth-api,2025-05-30T16:15:00Z,200,152,ms,agent-1,ap-south-1
svc-payments,payments-api,2025-05-22T12:00:00Z,200,359,ms,agent-1,ap-south-1
svc-auth,auth-api,2025-05-28T18:15:00Z,200,167,ms,agent-1,ap-south-1
svc-auth,auth-api,2025-05-23T07:30:00Z,200,97,ms,agent-1,ap-south-1
svc-auth,auth-api,2025-05-21T18:15:00Z,200,170,ms,agent-1,ap-south-1
svc-search,search-api,2025-05-19T20:00:00Z,200,0.674,s,agent-1,ap-south-1
svc-notify,notify-worker,2025-05-27T00:15:00Z,200,145,ms,agent-2,ap-south-1
svc-auth,auth-api,2025-05-28T17:30:00Z,200,168,ms,agent-1,ap-south-1
svc-payments,payments-api,2025-05-28T07:45:00Z,200,429,ms,agent-1,ap-south-1
svc-reports,reports-api,2025-05-25T00:15:00Z,200,795,ms,agent-1,ap-south-1
svc-notify,notify-worker,2025-05-24T22:30:00Z,200,95,ms,agent-1,ap-south-1
svc-search,search-api,2025-05-26T16:00:00Z,200,0.457,s,agent-1,ap-south-1
svc-payments,payments-api,2025-05-24T19:45:00Z,200,411,ms,agent-1,ap-south-1
svc-notify,notify-worker,2025-05-28T07:30:00Z,200,109,ms,agent-1,ap-south-1
svc-notify,notify-worker,2025-05-26T09:30:00Z,200,73,ms,agent-2,ap-south-1
svc-reports,reports-api,2025-05-27T20:30:00Z,200,516,ms,agent-1,ap-south-1
svc-notify,notify-worker,2025-05-29T21:45:00Z,200,131,ms,agent-1,ap-south-1
svc-search,search-api,2025-05-21T07:00:00Z,200,0.573,s,agent-1,ap-south-1
svc-payments,payments-api,2025-06-01T16:30:00Z,200,345,ms,agent-1,ap-south-1
svc-reports,reports-api,2025-05-20T05:15:00Z,200,841,ms,agent-1,ap-south-1
svc-reports,reports-api,2025-05-29T01:30:00Z,200,771,ms,agent-1,ap-south-1
svc-payments,payments-api,2025-05-23T05:30:00Z,200,304,ms,agent-1,ap-south-1
svc-auth,auth-api,2025-05-20T07:30:00Z,200,97,ms,agent-1,ap-south-1
svc-auth,auth-api,2025-05-30T00:30:00Z,200,96,ms,agent-1,ap-south-1
svc-notify,notify-worker,2025-05-20T21:15:00Z,200,107,ms,agent-1,ap-south-1
svc-payments,payments-api,2025-05-22T11:30:00Z,200,307,ms,agent-1,ap-south-1
svc-search,search-api,2025-05-26T19:00:00Z,200,0.618,s,agent-1,ap-south-1
svc-payments,payments-api,2025-06-01T08:45:00Z,200,259,ms,agent-1,ap-south-1
svc-reports,reports-api,2025-05-22T06:45:00Z,200,432,ms,agent-1,ap-south-1
svc-notify,notify-worker,2025-05-31T10:15:00Z,200,86,ms,agent-1,ap-south-1
svc-search,search-api,2025-05-28T08:15:00Z,200,0.404,s,agent-2,ap-south-1
svc-search,search-api,2025-05-27T07:00:00Z,200,0.382,s,agent-1,ap-south-1
svc-reports,reports-api,2025-05-23T13:15:00Z,200,754,ms,agent-1,ap-south-1
svc-auth,auth-api,2025-05-19T10:15:00Z,200,101,ms,agent-1,ap-south-1
svc-notify,notify-worker,2025-05-24T19:15:00Z,200,76,ms,agent-1,ap-south-1
svc-reports,reports-api,1747711800,200,443,ms,agent-2,ap-south-1
svc-payments,payments-api,2025-05-26T18:00:00Z,200,476,ms,agent-1,ap-south-1
svc-notify,notify-worker,2025-05-31T05:00:00Z,200,128,ms,agent-1,ap-south-1
svc-reports,reports-api,2025-05-25T03:00:00Z,503,636,ms,agent-1,ap-south-1
svc-reports,reports-api,2025-05-24T19:15:00Z,200,622,ms,agent-1,ap-south-1
svc-reports,reports-api,2025-05-22T03:30:00Z,200,668,ms,agent-1,ap-south-1
svc-notify,notify-worker,2025-05-31T13:15:00Z,200,117,ms,agent-1,ap-south-1
svc-reports,reports-api,2025-05-23T13:00:00Z,200,846,ms,agent-1,ap-south-1
svc-reports,reports-api,2025-05-31T05:30:00Z,200,654,ms,agent-1,ap-south-1
svc-payments,payments-api,1747717200,200,405,ms,agent-1,ap-south-1
svc-auth,auth-api,2025-05-25T18:15:00Z,200,189,ms,agent-1,ap-south-1
svc-search,search-api,2025-05-25T00:15:00Z,200,0.432,s,agent-1,ap-south-1
svc-notify,notify-worker,2025-05-30T10:15:00Z,200,96,ms,agent-1,ap-south-1
svc-notify,notify-worker,2025-05-22T15:00:00Z,200,77,ms,agent-1,ap-south-1
svc-auth,auth-api,2025-05-25T20:00:00Z,200,181,ms,agent-2,ap-south-1
svc-reports,reports-api,2025-05-24T04:15:00Z,200,763,ms,agent-1,ap-south-1
svc-payments,payments-api,2025-05-29T19:00:00Z,200,356,ms,agent-1,ap-south-1
svc-payments,payments-api,2025-05-19T05:15:00Z,200,440,ms,agent-1,ap-south-1
svc-reports,reports-api,2025-05-25T17:30:00Z,200,825,ms,agent-1,ap-south-1
svc-payments,payments-api,2025-05-22T00:00:00Z,200,419,ms,agent-1,ap-south-1
svc-reports,reports-api,2025-05-20T05:30:00Z,200,688,ms,agent-1,ap-south-1
svc-payments,payments-api,2025-05-27T19:15:00Z,200,442,ms,agent-1,ap-south-1
svc-notify,notify-worker,1747729800,200,88,ms,agent-1,ap-south-1
svc-notify,notify-worker,2025-05-21T05:45:00Z,200,101,ms,agent-1,ap-south-1
svc-search,search-api,2025-05-30T07:45:00Z,200,0.581,s,agent-2,ap-south-1
svc-notify,notify-worker,2025-05-21T18:30:00Z,200,134,ms,agent-1,ap-south-1
svc-search,search-api,2025-05-31T20:45:00Z,200,0.399,s,agent-1,ap-south-1
svc-payments,payments-api,2025-05-28T05:30:00Z,200,309,ms,agent-1,ap-south-1
svc-auth,auth-api,2025-05-30T04:45:00Z,200,184,ms,agent-1,ap-south-1
svc-payments,payments-api,2025-05-25T08:15:00Z,200,435,ms,agent-2,ap-south-1
svc-payments,payments-api,2025-05-25T06:00:00Z,200,431,ms,agent-1,ap-south-1
svc-notify,notify-worker,2025-05-27T00:00:00Z,200,108,ms,agent-2,ap-south-1
svc-search,search-api,2025-05-22T09:00:00Z,200,0.492,s,agent-1,ap-south-1
svc-reports,reports-api,2025-05-24T11:15:00Z,200,466,ms,agent-1,ap-south-1
svc-search,search-api,2025-05-27T20:15:00Z,200,0.526,s,agent-1,ap-south-1
svc-payments,payments-api,2025-05-30T00:45:00Z,200,418,ms,agent-1,ap-south-1
svc-reports,reports-api,2025-05-23T16:15:00Z,200,724,ms,agent-1,ap-south-1
svc-notify,notify-worker,2025-05-25T07:30:00Z,503,328,ms,agent-1,ap-south-1
svc-auth,auth-api,2025-05-19T07:00:00Z,200,133,ms,agent-1,ap-south-1
svc-search,search-api,2025-05-21T03:15:00Z,200,0.597,s,agent-1,ap-south-1
svc-auth,auth-api,2025-05-31T09:45:00Z,200,191,ms,agent-1,ap-south-1
svc-search,search-api,2025-05-22T09:45:00Z,200,0.488,s,agent-1,ap-south-1
svc-payments,payments-api,2025-05-24T10:00:00Z,200,494,ms,agent-1,ap-south-1
svc-search,search-api,2025-05-26T14:45:00Z,200,0.523,s,agent-1,ap-south-1
svc-auth,auth-api,2025-05-28T09:30:00Z,200,166,ms,agent-1,ap-south-1
svc-reports,reports-api,2025-05-27T01:45:00Z,200,498,ms,agent-1,ap-south-1
svc-payments,payments-api,2025-05-30T06:30:00Z,200,341,ms,agent-1,ap-south-1
svc-auth,auth-api,2025-05-24T01:30:00Z,200,147,ms,agent-1,ap-south-1
svc-reports,reports-api,2025-05-28T20:45:00Z,200,548,ms,agent-1,ap-south-1
svc-auth,auth-api,2025-05-31T13:00:00Z,200,166,ms,agent-1,ap-south-1
svc-payments,payments-api,2025-05-20T19:45:00Z,200,264,ms,agent-1,ap-south-1
svc-notify,notify-worker,2025-05-23T05:00:00Z,200,91,ms,agent-1,ap-south-1
svc-auth,auth-api,2025-05-28T21:30:00Z,200,107,ms,agent-1,ap-south-1
svc-search,search-api,2025-05-19T12:15:00Z,200,0.642,s,agent-1,ap-south-1
svc-auth,auth-api,2025-06-01T17:15:00Z,200,101,ms,agent-1,ap-south-1
svc-notify,notify-worker,2025-05-22T02:00:00Z,200,84,ms,agent-1,ap-south-1
svc-reports,reports-api,2025-05-25T12:00:00Z,200,555,ms,agent-1,ap-south-1
svc-payments,payments-api,2025-05-24T05:15:00Z,200,329,ms,agent-1,ap-south-1
svc-auth,auth-api,2025-05-23T07:00:00Z,200,187,ms,agent-1,ap-south-1
svc-search,search-api,2025-05-27T20:45:00Z,200,0.603,s,agent-1,ap-south-1
svc-payments,payments-api,1747674000,200,363,ms,agent-1,ap-south-1
svc-payments,payments-api,2025-05-27T13:45:00Z,200,335,ms,agent-1,ap-south-1
svc-reports,reports-api,2025-06-01T09:15:00Z,200,847,ms,agent-2,ap-south-1
svc-notify,notify-worker,2025-05-31T10:30:00Z,200,116,ms,agent-1,ap-south-1
svc-notify,notify-worker,2025-05-25T12:30:00Z,200,101,ms,agent-1,ap-south-1
svc-auth,auth-api,2025-05-28T14:15:00Z,200,101,ms,agent-1,ap-south-1
svc-payments,payments-api,2025-05-27T10:45:00Z,200,300,ms,agent-1,ap-south-1
svc-auth,auth-api,2025-05-23T06:15:00Z,200,177,ms,agent-1,ap-south-1
svc-notify,notify-worker,2025-05-21T16:00:00Z,200,132,ms,agent-1,ap-south-1
svc-auth,auth-api,2025-05-25T02:45:00Z,200,160,ms,agent-1,ap-south-1
svc-notify,notify-worker,1747825200,200,76,ms,agent-1,ap-south-1
svc-reports,reports-api,2025-05-25T02:45:00Z,200,777,ms,agent-1,ap-south-1
svc-payments,payments-api,2025-05-21T15:00:00Z,200,463,ms,agent-1,ap-south-1
svc-auth,auth-api,2025-05-29T20:30:00Z,200,171,ms,agent-1,ap-south-1
svc-notify,notify-worker,2025-05-24T01:30:00Z,200,151,ms,agent-1,ap-south-1
svc-notify,notify-worker,2025-05-26T08:00:00Z,200,119,ms,agent-1,ap-south-1
svc-reports,reports-api,2025-05-25T15:30:00Z,200,580,ms,agent-1,ap-south-1
svc-reports,reports-api,2025-05-28T08:30:00Z,200,644,ms,agent-1,ap-south-1
svc-auth,auth-api,1748448900,200,129,ms,agent-2,ap-south-1
svc-auth,auth-api,2025-06-01T23:15:00Z,200,171,ms,agent-1,ap-south-1
svc-auth,auth-api,2025-05-25T09:45:00Z,200,173,ms,agent-1,ap-south-1
svc-notify,notify-worker,2025-05-21T17:15:00Z,200,140,ms,agent-1,ap-south-1
svc-payments,payments-api,2025-05-22T22:45:00Z,200,480,ms,agent-1,ap-south-1
svc-payments,payments-api,2025-06-01T11:30:00Z,200,463,ms,agent-1,ap-south-1
svc-reports,reports-api,2025-06-01T14:30:00Z,200,760,ms,agent-1,ap-south-1
svc-reports,reports-api,2025-05-27T19:30:00Z,200,853,ms,agent-1,ap-south-1
svc-notify,notify-worker,2025-05-24T16:30:00Z,200,122,ms,agent-1,ap-south-1
svc-reports,reports-api,2025-05-24T20:15:00Z,200,591,ms,agent-1,ap-south-1
svc-search,search-api,2025-06-01T04:45:00Z,200,0.693,s,agent-1,ap-south-1
svc-search,search-api,2025-05-23T03:45:00Z,200,0.703,s,agent-1,ap-south-1
svc-payments,payments-api,2025-05-24T16:30:00Z,200,455,ms,agent-1,ap-south-1
svc-payments,payments-api,2025-06-01T13:00:00Z,200,298,ms,agent-1,ap-south-1
svc-auth,auth-api,2025-05-26T01:15:00Z,200,186,ms,agent-1,ap-south-1
svc-notify,notify-worker,2025-05-28T01:00:00Z,200,139,ms,agent-1,ap-south-1
svc-search,search-api,2025-05-22T21:30:00Z,200,0.502,s,agent-1,ap-south-1
svc-reports,reports-api,2025-05-30T06:45:00Z,200,460,ms,agent-1,ap-south-1
svc-reports,reports-api,2025-05-22T23:30:00Z,200,624,ms,agent-1,ap-south-1
svc-payments,payments-api,2025-05-26T22:00:00Z,200,381,ms,agent-1,ap-south-1
svc-reports,reports-api,2025-05-28T00:45:00Z,200,645,ms,agent-1,ap-south-1
svc-payments,payments-api,2025-05-31T17:00:00Z,200,260,ms,agent-1,ap-south-1
svc-reports,reports-api,2025-05-21T03:45:00Z,200,646,ms,agent-1,ap-south-1
svc-search,search-api,2025-06-01T09:15:00Z,200,0.549,s,agent-1,ap-south-1
svc-search,search-api,2025-05-19T06:15:00Z,200,0.622,s,agent-1,ap-south-1
svc-auth,auth-api,2025-05-28T19:30:00Z,200,134,ms,agent-1,ap-south-1
svc-payments,payments-api,2025-05-30T03:45:00Z,200,466,ms,agent-1,ap-south-1
svc-reports,reports-api,2025-05-27T07:15:00Z,500,472,ms,agent-1,ap-south-1
svc-auth,auth-api,2025-05-29T13:30:00Z,200,142,ms,agent-1,ap-south-1
svc-notify,notify-worker,2025-05-20T13:30:00Z,200,127,ms,agent-2,ap-south-1
svc-reports,reports-api,2025-05-31T06:30:00Z,200,568,ms,agent-1,ap-south-1
svc-payments,payments-api,2025-05-20T03:15:00Z,200,423,ms,agent-1,ap-south-1
svc-reports,reports-api,2025-05-19T04:00:00Z,200,543,ms,agent-1,ap-south-1
svc-reports,reports-api,2025-05-29T11:00:00Z,200,465,ms,agent-1,ap-south-1
svc-notify,notify-worker,2025-05-20T09:00:00Z,200,92,ms,agent-1,ap-south-1
svc-auth,auth-api,2025-05-25T09:15:00Z,200,173,ms,agent-2,ap-south-1
svc-payments,payments-api,2025-05-19T09:30:00Z,200,357,ms,agent-1,ap-south-1
svc-reports,reports-api,2025-05-23T05:45:00Z,200,447,ms,agent-1,ap-south-1
svc-search,search-api,2025-05-31T16:15:00Z,200,0.492,s,agent-1,ap-south-1
svc-search,search-api,2025-05-26T08:15:00Z,200,0.711,s,agent-1,ap-south-1
svc-auth,auth-api,2025-05-22T15:45:00Z,200,181,ms,agent-1,ap-south-1
svc-payments,payments-api,2025-05-28T19:45:00Z,200,462,ms,agent-1,ap-south-1
svc-payments,payments-api,2025-05-30T10:45:00Z,200,437,ms,agent-1,ap-south-1
svc-auth,auth-api,2025-05-29T02:45:00+05:30,200,129,ms,agent-1,ap-south-1
svc-reports,reports-api,2025-05-25T12:15:00Z,200,798,ms,agent-1,ap-south-1
svc-search,search-api,2025-05-29T05:45:00Z,200,0.646,s,agent-1,ap-south-1
svc-reports,reports-api,2025-05-20T07:15:00Z,200,673,ms,agent-1,ap-south-1
svc-payments,payments-api,2025-05-25T05:15:00Z,200,362,ms,agent-1,ap-south-1
svc-payments,payments-api,2025-05-22T11:45:00Z,200,374,ms,agent-1,ap-south-1
svc-payments,payments-api,2025-05-20T19:15:00Z,200,425,ms,agent-1,ap-south-1
svc-search,search-api,2025-05-21T22:30:00Z,200,0.56,s,agent-1,ap-south-1
svc-reports,reports-api,2025-05-29T17:00:00Z,200,767,ms,agent-1,ap-south-1
svc-payments,payments-api,2025-05-28T05:00:00Z,200,407,ms,agent-1,ap-south-1
svc-payments,payments-api,2025-05-20T11:45:00Z,200,364,ms,agent-1,ap-south-1
svc-payments,payments-api,2025-05-31T14:45:00Z,200,392,ms,agent-1,ap-south-1
svc-search,search-api,2025-05-30T04:45:00Z,200,0.705,s,agent-1,ap-south-1
svc-payments,payments-api,2025-05-30T21:30:00Z,200,248,ms,agent-1,ap-south-1
svc-auth,auth-api,2025-05-31T02:45:00Z,200,122,ms,agent-1,ap-south-1
svc-notify,notify-worker,2025-05-25T13:30:00Z,200,87,ms,agent-1,ap-south-1
svc-search,search-api,2025-05-25T20:15:00Z,200,0.697,s,agent-1,ap-south-1
svc-reports,reports-api,2025-05-21T14:30:00Z,200,733,ms,agent-1,ap-south-1
svc-notify,notify-worker,2025-05-24T04:00:00Z,200,143,ms,agent-1,ap-south-1
svc-notify,notify-worker,2025-05-30T07:15:00Z,200,93,ms,agent-2,ap-south-1
svc-payments,payments-api,2025-06-01T19:00:00Z,200,422,ms,agent-1,ap-south-1
svc-auth,auth-api,2025-05-31T16:15:00Z,200,159,ms,agent-1,ap-south-1
svc-auth,auth-api,2025-05-24T21:00:00Z,200,131,ms,agent-1,ap-south-1
svc-search,search-api,2025-05-25T15:15:00Z,200,0.61,s,agent-1,ap-south-1
svc-notify,notify-worker,2025-05-24T18:30:00Z,200,106,ms,agent-1,ap-south-1
svc-notify,notify-worker,2025-05-19T02:30:00Z,200,134,ms,agent-1,ap-south-1
svc-notify,notify-worker,2025-05-30T10:00:00Z,200,132,ms,agent-1,ap-south-1
svc-notify,notify-worker,2025-05-23T14:00:00Z,200,77,ms,agent-1,ap-south-1
svc-payments,payments-api,2025-06-01T22:30:00Z,200,310,ms,agent-1,ap-south-1
svc-reports,reports-api,2025-05-26T00:00:00Z,200,638,ms,agent-1,ap-south-1
svc-reports,reports-api,2025-05-19T05:45:00Z,200,675,ms,agent-1,ap-south-1
svc-auth,auth-api,2025-05-24T07:15:00Z,200,155,ms,agent-1,ap-south-1
svc-payments,payments-api,2025-05-31T04:30:00Z,200,257,ms,agent-1,ap-south-1
svc-notify,notify-worker,2025-05-22T06:45:00Z,200,126,ms,agent-2,ap-south-1
svc-payments,payments-api,2025-06-01T00:15:00Z,200,380,ms,agent-2,ap-south-1
svc-reports,reports-api,2025-05-23T01:45:00Z,200,502,ms,agent-1,ap-south-1
svc-payments,payments-api,2025-05-25T14:00:00Z,200,346,ms,agent-2,ap-south-1
svc-search,search-api,2025-05-29T12:15:00Z,200,0.615,s,agent-1,ap-south-1
svc-auth,auth-api,2025-05-20T06:15:00Z,200,165,ms,agent-1,ap-south-1
svc-reports,reports-api,2025-05-21T20:30:00Z,200,721,ms,agent-1,ap-south-1
svc-payments,payments-api,2025-05-20T17:45:00Z,200,312,ms,agent-1,ap-south-1
svc-payments,payments-api,2025-05-23T23:45:00Z,200,297,ms,agent-1,ap-south-1
svc-search,search-api,2025-05-26T05:45:00Z,200,0.715,s,agent-1,ap-south-1
svc-notify,notify-worker,2025-05-24T20:30:00Z,200,95,ms,agent-1,ap-south-1
svc-notify,notify-worker,2025-05-24T17:30:00Z,200,80,ms,agent-1,ap-south-1
svc-search,search-api,2025-05-26T20:00:00Z,200,0.403,s,agent-1,ap-south-1
svc-notify,notify-worker,2025-05-22T03:30:00Z,200,148,ms,agent-1,ap-south-1
svc-search,search-api,2025-05-28T02:15:00Z,200,0.538,s,agent-1,ap-south-1
svc-notify,notify-worker,2025-05-29T14:00:00Z,200,101,ms,agent-1,ap-south-1
svc-reports,reports-api,2025-05-21T07:45:00Z,200,666,ms,agent-1,ap-south-1
svc-payments,payments-api,2025-05-19T12:00:00Z,200,366,ms,agent-1,ap-south-1
svc-payments,payments-api,2025-05-23T18:15:00Z,200,478,ms,agent-1,ap-south-1
svc-auth,auth-api,2025-05-26T23:00:00Z,200,134,ms,agent-1,ap-south-1
svc-payments,payments-api,2025-05-24T07:30:00Z,200,432,ms,agent-1,ap-south-1
svc-notify,notify-worker,2025-05-20T12:15:00Z,200,90,ms,agent-1,ap-south-1
svc-search,search-api,2025-05-22T23:00:00Z,200,0.547,s,agent-1,ap-south-1
svc-search,search-api,2025-05-30T00:15:00Z,200,0.673,s,agent-1,ap-south-1
svc-auth,auth-api,2025-05-21T00:30:00Z,200,,ms,agent-2,ap-south-1
svc-payments,payments-api,2025-05-25T05:30:00Z,200,256,ms,agent-1,ap-south-1
svc-reports,reports-api,2025-05-31T01:30:00Z,200,529,ms,agent-2,ap-south-1
svc-payments,payments-api,2025-05-21T09:00:00Z,200,396,ms,agent-1,ap-south-1
svc-reports,reports-api,2025-05-21T13:45:00Z,200,563,ms,agent-1,ap-south-1
svc-reports,reports-api,2025-05-22T02:30:00Z,200,816,ms,agent-2,ap-south-1
svc-payments,payments-api,1747695600,200,458,ms,agent-1,ap-south-1
svc-notify,notify-worker,2025-05-31T09:45:00Z,200,140,ms,agent-1,ap-south-1
svc-payments,payments-api,2025-06-01T05:15:00Z,200,292,ms,agent-1,ap-south-1
svc-auth,auth-api,2025-05-28T23:30:00Z,200,155,ms,agent-1,ap-south-1
svc-search,search-api,2025-05-19T06:30:00Z,200,0.582,s,agent-1,ap-south-1
svc-reports,reports-api,2025-05-30T05:00:00Z,200,586,ms,agent-1,ap-south-1
svc-payments,payments-api,2025-05-23T18:45:00Z,200,401,ms,agent-1,ap-south-1
svc-reports,reports-api,2025-05-21T06:00:00Z,200,735,ms,agent-1,ap-south-1
svc-search,search-api,2025-05-24T16:15:00Z,200,0.349,s,agent-2,ap-south-1
svc-auth,auth-api,2025-05-29T12:30:00Z,200,165,ms,agent-1,ap-south-1
svc-auth,auth-api,2025-05-26T01:30:00Z,200,165,ms,agent-1,ap-south-1
svc-reports,reports-api,2025-05-20T01:45:00Z,200,858,ms,agent-1,ap-south-1
svc-auth,auth-api,2025-05-28T00:00:00Z,200,164,ms,agent-1,ap-south-1
svc-auth,auth-api,2025-05-21T06:15:00Z,200,179,ms,agent-1,ap-south-1
svc-reports,reports-api,2025-05-24T03:15:00Z,200,772,ms,agent-1,ap-south-1
svc-notify,notify-worker,2025-05-27T15:30:00Z,200,101,ms,agent-1,ap-south-1
svc-search,search-api,2025-05-24T07:15:00Z,200,0.371,s,agent-1,ap-south-1
svc-notify,notify-worker,2025-05-29T12:00:00Z,200,141,ms,agent-1,ap-south-1
svc-auth,auth-api,2025-05-31T04:15:00Z,200,99,ms,agent-1,ap-south-1
svc-search,search-api,2025-05-22T19:45:00Z,200,0.625,s,agent-1,ap-south-1
svc-search,search-api,2025-05-22T06:45:00Z,200,0.71,s,agent-1,ap-south-1
svc-reports,reports-api,2025-05-23T14:00:00Z,200,543,ms,agent-1,ap-south-1
svc-auth,auth-api,2025-05-24T09:15:00Z,200,167,ms,agent-1,ap-south-1
svc-notify,notify-worker,2025-05-20T11:45:00Z,200,106,ms,agent-1,ap-south-1
svc-payments,payments-api,2025-05-26T22:15:00Z,200,476,ms,agent-1,ap-south-1
svc-notify,notify-worker,2025-05-19T00:30:00Z,200,77,ms,agent-2,ap-south-1
svc-payments,payments-api,2025-05-30T19:45:00Z,200,464,ms,agent-1,ap-south-1
svc-search,search-api,2025-05-22T08:45:00Z,200,0.617,s,agent-1,ap-south-1
svc-search,search-api,2025-05-26T20:45:00Z,200,0.496,s,agent-1,ap-south-1
svc-auth,auth-api,2025-05-23T07:45:00Z,200,135,ms,agent-1,ap-south-1
svc-notify,notify-worker,2025-06-01T08:00:00Z,200,113,ms,agent-1,ap-south-1
svc-payments,payments-api,2025-05-26T15:15:00Z,200,491,ms,agent-1,ap-south-1
svc-auth,auth-api,2025-05-30T23:15:00Z,200,103,ms,agent-1,ap-south-1
svc-notify,notify-worker,2025-05-24T12:15:00Z,200,121,ms,agent-1,ap-south-1
svc-search,search-api,2025-05-26T19:30:00Z,200,0.588,s,agent-1,ap-south-1
svc-notify,notify-worker,2025-05-20T09:45:00Z,200,79,ms,agent-1,ap-south-1
svc-reports,reports-api,2025-05-23T14:15:00Z,200,529,ms,agent-1,ap-south-1
svc-search,search-api,2025-05-31T18:00:00Z,200,0.648,s,agent-2,ap-south-1
svc-auth,auth-api,2025-05-29T14:00:00Z,200,116,ms,agent-1,ap-south-1
svc-notify,notify-worker,2025-05-23T16:45:00+05:30,200,95,ms,agent-1,ap-south-1
svc-auth,auth-api,2025-05-23T08:30:00Z,200,165,ms,agent-2,ap-south-1
svc-notify,notify-worker,2025-05-29T18:15:00Z,200,84,ms,agent-1,ap-south-1
svc-payments,payments-api,2025-05-28T12:45:00Z,200,283,ms,agent-1,ap-south-1
svc-auth,auth-api,2025-05-27T20:00:00Z,200,133,ms,agent-1,ap-south-1
svc-reports,reports-api,2025-05-25T03:45:00Z,200,454,ms,agent-2,ap-south-1
svc-payments,payments-api,2025-05-30T16:15:00Z,200,302,ms,agent-1,ap-south-1
svc-notify,notify-worker,2025-05-19T09:00:00Z,200,96,ms,agent-1,ap-south-1
svc-auth,auth-api,2025-05-23T22:30:00Z,200,106,ms,agent-1,ap-south-1
svc-notify,notify-worker,2025-05-30T23:30:00Z,200,81,ms,agent-1,ap-south-1
svc-reports,reports-api,2025-05-27T02:30:00Z,200,821,ms,agent-1,ap-south-1
svc-auth,auth-api,2025-05-22T07:30:00Z,200,128,ms,agent-1,ap-south-1
svc-reports,reports-api,2025-05-23T07:00:00Z,200,660,ms,agent-1,ap-south-1
svc-payments,payments-api,2025-05-31T03:00:00Z,200,456,ms,agent-1,ap-south-1
svc-payments,payments-api,2025-05-20T15:00:00Z,200,378,ms,agent-1,ap-south-1
svc-search,search-api,2025-05-21T16:15:00Z,200,0.497,s,agent-1,ap-south-1
svc-search,search-api,2025-05-19T11:45:00Z,200,0.404,s,agent-1,ap-south-1
svc-search,search-api,2025-05-25T22:45:00Z,200,0.412,s,agent-1,ap-south-1
svc-payments,payments-api,2025-05-24T18:30:00Z,200,345,ms,agent-1,ap-south-1
svc-payments,payments-api,2025-05-22T11:00:00Z,200,307,ms,agent-1,ap-south-1
svc-notify,notify-worker,2025-05-29T20:15:00Z,200,76,ms,agent-1,ap-south-1
svc-auth,auth-api,2025-05-23T03:00:00Z,200,124,ms,agent-1,ap-south-1
svc-payments,payments-api,2025-05-29T12:00:00Z,200,325,ms,agent-1,ap-south-1
svc-search,search-api,2025-05-19T23:45:00Z,200,0.569,s,agent-1,ap-south-1
svc-search,search-api,2025-05-31T12:15:00Z,200,0.392,s,agent-1,ap-south-1
svc-search,search-api,2025-05-27T13:00:00Z,200,0.507,s,agent-1,ap-south-1
svc-payments,payments-api,2025-05-26T18:15:00Z,200,396,ms,agent-1,ap-south-1
svc-payments,payments-api,2025-05-29T16:30:00Z,200,347,ms,agent-1,ap-south-1
svc-reports,reports-api,2025-05-25T19:00:00Z,200,630,ms,agent-1,ap-south-1
svc-auth,auth-api,2025-05-29T09:15:00Z,200,118,ms,agent-1,ap-south-1
svc-reports,reports-api,2025-06-01T10:30:00Z,200,567,ms,agent-1,ap-south-1
svc-search,search-api,2025-05-24T07:45:00Z,200,0.395,s,agent-1,ap-south-1
svc-payments,payments-api,2025-05-26T09:15:00Z,200,486,ms,agent-1,ap-south-1
svc-auth,auth-api,2025-05-28T16:30:00Z,200,116,ms,agent-1,ap-south-1
svc-reports,reports-api,2025-05-19T13:45:00Z,200,690,ms,agent-1,ap-south-1
svc-search,search-api,2025-05-25T17:15:00Z,200,0.544,s,agent-1,ap-south-1
svc-search,search-api,2025-05-29T17:00:00Z,200,0.553,s,agent-1,ap-south-1
svc-notify,notify-worker,2025-05-21T15:30:00Z,200,101,ms,agent-1,ap-south-1
svc-search,search-api,2025-05-23T16:30:00Z,200,0.433,s,agent-1,ap-south-1
svc-payments,payments-api,2025-05-26T13:45:00Z,200,384,ms,agent-1,ap-south-1
svc-search,search-api,2025-05-20T22:00:00Z,200,0.451,s,agent-1,ap-south-1
svc-auth,auth-api,2025-05-26T18:15:00Z,200,168,ms,agent-1,ap-south-1
svc-search,search-api,2025-05-29T11:45:00Z,200,0.561,s,agent-1,ap-south-1
svc-auth,auth-api,2025-05-23T11:00:00Z,200,143,ms,agent-1,ap-south-1
svc-payments,payments-api,2025-05-27T00:15:00Z,200,460,ms,agent-2,ap-south-1
svc-notify,notify-worker,2025-05-30T02:15:00Z,200,137,ms,agent-1,ap-south-1
svc-search,search-api,2025-05-31T17:15:00Z,200,0.499,s,agent-1,ap-south-1
svc-payments,payments-api,2025-05-23T21:45:00Z,200,356,ms,agent-1,ap-south-1
svc-reports,reports-api,2025-05-29T05:00:00Z,200,510,ms,agent-1,ap-south-1
svc-notify,notify-worker,2025-05-23T16:00:00Z,200,113,ms,agent-1,ap-south-1
svc-search,search-api,2025-05-20T02:45:00Z,200,0.547,s,agent-1,ap-south-1
svc-notify,notify-worker,2025-05-22T20:45:00Z,200,118,ms,agent-1,ap-south-1
svc-payments,payments-api,2025-06-01T18:00:00Z,200,391,ms,agent-1,ap-south-1
svc-reports,reports-api,2025-05-20T18:15:00Z,200,518,ms,agent-1,ap-south-1
svc-notify,notify-worker,2025-05-21T06:45:00Z,200,76,ms,agent-1,ap-south-1
svc-search,search-api,2025-05-21T09:15:00Z,200,0.539,s,agent-1,ap-south-1
svc-payments,payments-api,2025-05-31T03:45:00Z,200,313,ms,agent-1,ap-south-1
svc-auth,auth-api,2025-05-24T04:45:00Z,200,110,ms,agent-1,ap-south-1
svc-auth,auth-api,2025-05-26T18:00:00Z,200,159,ms,agent-1,ap-south-1
svc-payments,payments-api,2025-05-19T03:45:00Z,200,413,ms,agent-1,ap-south-1
svc-notify,notify-worker,2025-05-27T06:15:00Z,200,79,ms,agent-1,ap-south-1
svc-payments,payments-api,2025-05-31T23:15:00Z,200,358,ms,agent-1,ap-south-1
svc-auth,auth-api,2025-05-30T20:45:00Z,200,175,ms,agent-1,ap-south-1
svc-reports,reports-api,2025-05-30T21:00:00Z,200,553,ms,agent-1,ap-south-1
svc-auth,auth-api,2025-05-22T12:45:00Z,200,103,ms,agent-1,ap-south-1
svc-payments,payments-api,2025-05-31T23:45:00Z,200,426,ms,agent-1,ap-south-1
svc-payments,payments-api,2025-05-22T10:45:00Z,200,365,ms,agent-1,ap-south-1
svc-reports,reports-api,2025-05-24T23:15:00Z,200,739,ms,agent-2,ap-south-1
svc-payments,payments-api,2025-06-01T01:30:00Z,200,302,ms,agent-1,ap-south-1
svc-payments,payments-api,2025-05-28T18:45:00+05:30,200,421,ms,agent-1,ap-south-1
svc-auth,auth-api,2025-05-25T15:00:00Z,200,113,ms,agent-1,ap-south-1
svc-search,search-api,2025-05-25T02:30:00Z,200,0.417,s,agent-1,ap-south-1
svc-search,search-api,2025-05-20T10:30:00Z,200,0.54,s,agent-1,ap-south-1
svc-reports,reports-api,2025-05-27T07:30:00Z,502,643,ms,agent-1,ap-south-1
svc-reports,reports-api,2025-06-01T11:00:00Z,200,720,ms,agent-1,ap-south-1
svc-notify,notify-worker,2025-05-25T21:45:00Z,200,96,ms,agent-1,ap-south-1
svc-auth,auth-api,2025-05-19T00:00:00Z,200,99,ms,agent-1,ap-south-1
svc-notify,notify-worker,2025-05-22T07:30:00Z,200,147,ms,agent-1,ap-south-1
svc-search,search-api,2025-05-25T22:00:00Z,200,0.466,s,agent-1,ap-south-1
svc-reports,reports-api,2025-05-21T19:00:00Z,200,560,ms,agent-1,ap-south-1
svc-notify,notify-worker,2025-06-01T21:15:00Z,200,94,ms,agent-1,ap-south-1
svc-search,search-api,2025-06-01T23:30:00Z,200,0.591,s,agent-1,ap-south-1
svc-search,search-api,2025-06-01T21:45:00Z,200,0.67,s,agent-1,ap-south-1
svc-search,search-api,2025-05-27T23:00:00Z,200,0.404,s,agent-1,ap-south-1
svc-payments,payments-api,2025-05-20T08:45:00Z,200,293,ms,agent-1,ap-south-1
svc-notify,notify-worker,2025-05-24T01:00:00Z,200,140,ms,agent-1,ap-south-1
svc-auth,auth-api,2025-05-31T13:30:00Z,200,116,ms,agent-1,ap-south-1
svc-search,search-api,2025-05-27T03:00:00Z,200,0.603,s,agent-1,ap-south-1
svc-reports,reports-api,2025-05-29T06:45:00Z,200,589,ms,agent-1,ap-south-1
svc-payments,payments-api,2025-05-27T07:45:00Z,200,286,ms,agent-1,ap-south-1
svc-payments,payments-api,2025-05-23T11:15:00Z,200,359,ms,agent-2,ap-south-1
svc-reports,reports-api,2025-05-26T19:45:00Z,200,675,ms,agent-1,ap-south-1
svc-reports,reports-api,2025-05-31T18:30:00Z,200,601,ms,agent-1,ap-south-1
svc-payments,payments-api,2025-05-25T00:30:00Z,200,483,ms,agent-1,ap-south-1
svc-notify,notify-worker,2025-05-31T06:00:00Z,200,115,ms,agent-1,ap-south-1
svc-reports,reports-api,2025-05-24T03:30:00Z,200,496,ms,agent-1,ap-south-1
svc-search,search-api,2025-05-28T04:00:00Z,200,0.661,s,agent-1,ap-south-1
svc-search,search-api,2025-05-28T21:30:00Z,200,0.448,s,agent-1,ap-south-1
svc-payments,payments-api,2025-05-31T21:30:00Z,200,393,ms,agent-1,ap-south-1
svc-notify,notify-worker,2025-05-19T06:45:00Z,200,115,ms,agent-1,ap-south-1
svc-payments,payments-api,2025-05-30T21:15:00Z,200,250,ms,agent-1,ap-south-1
svc-search,search-api,2025-05-19T04:45:00Z,200,0.381,s,agent-1,ap-south-1
svc-payments,payments-api,2025-05-30T19:30:00Z,200,318,ms,agent-1,ap-south-1
svc-search,search-api,2025-05-24T14:45:00Z,200,0.582,s,agent-1,ap-south-1
svc-notify,notify-worker,2025-05-29T03:45:00Z,200,122,ms,agent-1,ap-south-1
svc-reports,reports-api,2025-05-30T12:15:00Z,200,,ms,agent-1,ap-south-1
svc-auth,auth-api,2025-05-27T01:45:00Z,200,167,ms,agent-1,ap-south-1
svc-reports,reports-api,2025-05-30T22:15:00Z,200,736,ms,agent-1,ap-south-1
svc-search,search-api,2025-06-01T01:45:00Z,200,0.37,s,agent-2,ap-south-1
svc-payments,payments-api,2025-05-28T06:15:00Z,200,419,ms,agent-1,ap-south-1
svc-reports,reports-api,2025-05-28T22:45:00Z,200,642,ms,agent-1,ap-south-1
svc-search,search-api,2025-05-22T07:45:00Z,200,0.7,s,agent-1,ap-south-1
svc-payments,payments-api,2025-05-21T06:00:00Z,200,276,ms,agent-1,ap-south-1
svc-reports,reports-api,2025-05-21T03:00:00Z,200,559,ms,agent-1,ap-south-1
svc-auth,auth-api,2025-05-19T16:30:00Z,200,176,ms,agent-1,ap-south-1
svc-reports,reports-api,2025-05-30T08:00:00Z,200,501,ms,agent-1,ap-south-1
svc-search,search-api,2025-05-29T20:00:00Z,200,0.433,s,agent-1,ap-south-1
svc-search,search-api,2025-05-25T20:45:00Z,200,0.408,s,agent-1,ap-south-1
svc-reports,reports-api,2025-05-22T22:15:00Z,200,805,ms,agent-1,ap-south-1
svc-notify,notify-worker,2025-05-27T04:00:00Z,200,120,ms,agent-1,ap-south-1
svc-notify,notify-worker,2025-05-20T04:45:00Z,200,143,ms,agent-1,ap-south-1
svc-reports,reports-api,2025-05-20T09:30:00Z,200,510,ms,agent-1,ap-south-1
svc-auth,auth-api,2025-05-21T10:00:00Z,200,164,ms,agent-1,ap-south-1
svc-payments,payments-api,2025-05-30T03:15:00+05:30,200,361,ms,agent-1,ap-south-1
svc-notify,notify-worker,2025-05-20T19:15:00Z,200,108,ms,agent-1,ap-south-1
svc-search,search-api,2025-05-25T21:30:00Z,200,0.45,s,agent-1,ap-south-1
svc-auth,auth-api,2025-05-25T16:45:00Z,200,115,ms,agent-1,ap-south-1
svc-notify,notify-worker,2025-05-30T03:45:00Z,200,109,ms,agent-1,ap-south-1
svc-reports,reports-api,2025-05-23T17:30:00Z,200,691,ms,agent-1,ap-south-1
svc-payments,payments-api,2025-05-29T12:15:00Z,200,358,ms,agent-1,ap-south-1
svc-notify,notify-worker,2025-06-01T16:15:00Z,200,122,ms,agent-1,ap-south-1
svc-payments,payments-api,2025-05-29T04:15:00Z,200,301,ms,agent-1,ap-south-1
svc-payments,payments-api,2025-05-30T11:15:00Z,200,495,ms,agent-1,ap-south-1
svc-reports,reports-api,2025-05-30T19:45:00Z,200,651,ms,agent-1,ap-south-1
svc-notify,notify-worker,2025-05-29T17:45:00Z,200,140,ms,agent-1,ap-south-1
svc-search,search-api,2025-05-28T23:00:00Z,200,0.42,s,agent-1,ap-south-1
svc-notify,notify-worker,2025-05-30T02:30:00Z,200,116,ms,agent-1,ap-south-1
svc-auth,auth-api,2025-05-28T17:00:00Z,200,164,ms,agent-1,ap-south-1
svc-reports,reports-api,2025-05-30T05:30:00Z,200,759,ms,agent-1,ap-south-1
svc-payments,payments-api,2025-05-27T07:15:00Z,200,420,ms,agent-1,ap-south-1
svc-search,search-api,2025-05-30T07:15:00Z,200,0.467,s,agent-1,ap-south-1
svc-search,search-api,2025-05-23T15:15:00Z,200,0.687,s,agent-1,ap-south-1
svc-payments,payments-api,2025-05-23T04:30:00Z,200,334,ms,agent-1,ap-south-1
svc-reports,reports-api,2025-05-19T01:45:00Z,200,,ms,agent-1,ap-south-1
svc-auth,auth-api,2025-05-30T23:30:00Z,200,162,ms,agent-1,ap-south-1
svc-notify,notify-worker,2025-05-24T06:45:00Z,200,126,ms,agent-2,ap-south-1
svc-reports,reports-api,2025-05-25T08:30:00Z,200,547,ms,agent-1,ap-south-1
svc-reports,reports-api,2025-05-26T06:30:00Z,200,835,ms,agent-1,ap-south-1
svc-payments,payments-api,2025-05-30T03:15:00Z,200,440,ms,agent-1,ap-south-1
svc-notify,notify-worker,2025-05-30T16:00:00Z,200,120,ms,agent-2,ap-south-1
svc-reports,reports-api,2025-05-23T16:30:00Z,200,567,ms,agent-1,ap-south-1
svc-reports,reports-api,2025-05-27T11:15:00Z,200,713,ms,agent-1,ap-south-1
svc-auth,auth-api,2025-05-22T00:30:00Z,200,138,ms,agent-1,ap-south-1
svc-search,search-api,2025-05-29T07:30:00Z,200,0.623,s,agent-1,ap-south-1
svc-reports,reports-api,2025-06-01T23:30:00Z,200,631,ms,agent-1,ap-south-1
svc-payments,payments-api,2025-05-26T04:15:00Z,200,332,ms,agent-1,ap-south-1
svc-reports,reports-api,2025-05-31T21:30:00Z,200,789,ms,agent-1,ap-south-1
svc-auth,auth-api,2025-05-31T02:15:00Z,200,176,ms,agent-1,ap-south-1
svc-auth,auth-api,2025-05-30T01:00:00Z,200,190,ms,agent-1,ap-south-1
svc-payments,payments-api,2025-05-19T01:00:00Z,200,369,ms,agent-1,ap-south-1
svc-auth,auth-api,2025-05-24T18:30:00Z,200,187,ms,agent-1,ap-south-1
svc-payments,payments-api,2025-05-30T12:15:00Z,200,365,ms,agent-1,ap-south-1
svc-reports,reports-api,2025-05-30T14:45:00Z,200,679,ms,agent-1,ap-south-1
svc-notify,notify-worker,2025-06-01T03:00:00Z,200,92,ms,agent-1,ap-south-1
svc-search,search-api,2025-05-27T05:00:00Z,200,0.501,s,agent-1,ap-south-1
svc-reports,reports-api,2025-05-29T07:00:00Z,200,476,ms,agent-1,ap-south-1
svc-payments,payments-api,2025-05-27T15:00:00Z,200,427,ms,agent-1,ap-south-1
svc-notify,notify-worker,2025-05-20T08:45:00Z,200,130,ms,agent-1,ap-south-1
svc-notify,notify-worker,2025-05-30T22:15:00Z,200,125,ms,agent-1,ap-south-1
svc-search,search-api,2025-05-27T21:30:00Z,200,0.694,s,agent-1,ap-south-1
svc-reports,reports-api,2025-06-01T15:15:00Z,200,531,ms,agent-1,ap-south-1
svc-payments,payments-api,2025-05-28T15:15:00Z,200,328,ms,agent-1,ap-south-1
svc-reports,reports-api,2025-05-31T20:30:00Z,200,735,ms,agent-1,ap-south-1
svc-auth,auth-api,2025-05-27T04:00:00Z,200,138,ms,agent-1,ap-south-1
svc-auth,auth-api,2025-05-25T10:15:00Z,200,181,ms,agent-1,ap-south-1
svc-search,search-api,2025-06-01T08:00:00Z,200,0.69,s,agent-1,ap-south-1
svc-auth,auth-api,2025-05-26T17:45:00Z,200,188,ms,agent-1,ap-south-1
svc-payments,payments-api,2025-06-01T01:15:00Z,200,379,ms,agent-1,ap-south-1
svc-payments,payments-api,2025-05-20T14:15:00Z,200,424,ms,agent-1,ap-south-1
svc-payments,payments-api,2025-05-20T04:15:00Z,200,275,ms,agent-1,ap-south-1
svc-notify,notify-worker,2025-05-29T10:45:00Z,200,120,ms,agent-1,ap-south-1
svc-auth,auth-api,2025-05-25T14:30:00Z,200,179,ms,agent-1,ap-south-1
svc-reports,reports-api,2025-05-25T14:15:00Z,200,519,ms,agent-2,ap-south-1
svc-notify,notify-worker,2025-05-30T07:30:00Z,200,145,ms,agent-1,ap-south-1
svc-search,search-api,2025-05-31T05:15:00Z,200,0.707,s,agent-1,ap-south-1
svc-payments,payments-api,2025-06-01T21:30:00Z,200,259,ms,agent-1,ap-south-1
svc-auth,auth-api,2025-05-25T13:00:00Z,200,137,ms,agent-1,ap-south-1
svc-payments,payments-api,2025-05-29T21:30:00Z,200,415,ms,agent-1,ap-south-1
svc-auth,auth-api,2025-05-25T08:45:00Z,200,128,ms,agent-2,ap-south-1
svc-reports,reports-api,2025-05-21T23:45:00Z,200,593,ms,agent-2,ap-south-1
svc-auth,auth-api,2025-05-22T22:30:00Z,200,131,ms,agent-1,ap-south-1
svc-auth,auth-api,2025-05-21T07:15:00Z,200,130,ms,agent-1,ap-south-1
svc-payments,payments-api,2025-05-26T05:30:00Z,200,387,ms,agent-1,ap-south-1
svc-auth,auth-api,2025-05-25T08:30:00Z,200,165,ms,agent-1,ap-south-1
svc-payments,payments-api,2025-05-19T17:30:00Z,200,343,ms,agent-1,ap-south-1
svc-notify,notify-worker,2025-05-23T12:15:00Z,200,98,ms,agent-1,ap-south-1
svc-reports,reports-api,2025-05-23T08:00:00Z,200,655,ms,agent-1,ap-south-1
svc-payments,payments-api,2025-05-27T04:15:00Z,200,460,ms,agent-1,ap-south-1
svc-reports,reports-api,2025-05-24T15:00:00Z,200,454,ms,agent-1,ap-south-1
svc-reports,reports-api,2025-05-22T07:00:00Z,200,484,ms,agent-1,ap-south-1
svc-search,search-api,2025-06-01T18:00:00Z,200,0.48,s,agent-1,ap-south-1
svc-payments,payments-api,2025-06-01T09:30:00Z,200,362,ms,agent-1,ap-south-1
svc-search,search-api,2025-05-29T05:30:00Z,200,0.624,s,agent-1,ap-south-1
svc-notify,notify-worker,2025-05-28T04:30:00Z,200,104,ms,agent-1,ap-south-1
svc-search,search-api,2025-05-22T06:15:00Z,200,0.393,s,agent-1,ap-south-1
svc-notify,notify-worker,2025-05-31T04:30:00+05:30,200,133,ms,agent-1,ap-south-1
svc-payments,payments-api,2025-05-22T04:15:00Z,200,413,ms,agent-1,ap-south-1
svc-reports,reports-api,2025-05-20T09:00:00Z,200,462,ms,agent-1,ap-south-1
svc-auth,auth-api,2025-05-25T12:45:00Z,200,147,ms,agent-2,ap-south-1
svc-notify,notify-worker,2025-05-29T08:00:00Z,200,89,ms,agent-1,ap-south-1
svc-reports,reports-api,2025-05-27T01:30:00Z,200,852,ms,agent-1,ap-south-1
svc-reports,reports-api,2025-05-30T03:00:00Z,200,469,ms,agent-1,ap-south-1
svc-search,search-api,2025-05-22T16:00:00Z,200,0.406,s,agent-1,ap-south-1
svc-search,search-api,2025-05-27T05:30:00Z,200,0.512,s,agent-1,ap-south-1
svc-search,search-api,2025-05-30T18:00:00Z,200,0.465,s,agent-1,ap-south-1
svc-notify,notify-worker,2025-05-26T19:45:00Z,200,118,ms,agent-1,ap-south-1
svc-auth,auth-api,2025-05-25T23:15:00Z,200,108,ms,agent-1,ap-south-1
svc-notify,notify-worker,2025-05-23T02:00:00Z,200,95,ms,agent-1,ap-south-1
svc-notify,notify-worker,2025-06-01T20:15:00Z,200,149,ms,agent-1,ap-south-1
svc-notify,notify-worker,2025-05-23T05:45:00Z,200,132,ms,agent-1,ap-south-1
svc-payments,payments-api,2025-05-26T18:30:00Z,200,335,ms,agent-1,ap-south-1
svc-payments,payments-api,2025-05-27T18:45:00Z,200,287,ms,agent-1,ap-south-1
svc-auth,auth-api,2025-05-28T15:45:00Z,200,156,ms,agent-1,ap-south-1
svc-reports,reports-api,2025-05-19T12:30:00Z,200,531,ms,agent-1,ap-south-1
svc-auth,auth-api,1747829700,200,172,ms,agent-1,ap-south-1
svc-notify,notify-worker,2025-05-21T20:45:00Z,200,127,ms,agent-1,ap-south-1
svc-notify,notify-worker,2025-05-26T21:15:00Z,200,79,ms,agent-2,ap-south-1
svc-reports,reports-api,2025-05-27T03:45:00Z,200,473,ms,agent-1,ap-south-1
svc-reports,reports-api,2025-05-23T07:45:00Z,200,552,ms,agent-1,ap-south-1
svc-auth,auth-api,2025-05-27T15:45:00Z,200,98,ms,agent-1,ap-south-1
svc-payments,payments-api,2025-05-27T16:15:00Z,200,309,ms,agent-1,ap-south-1
svc-search,search-api,2025-05-21T23:45:00Z,200,0.586,s,agent-1,ap-south-1
svc-search,search-api,2025-06-01T01:30:00Z,200,0.636,s,agent-1,ap-south-1
svc-payments,payments-api,2025-05-21T21:30:00Z,200,479,ms,agent-1,ap-south-1
svc-auth,auth-api,2025-05-25T18:30:00Z,200,190,ms,agent-1,ap-south-1
svc-auth,auth-api,2025-05-24T17:00:00Z,200,177,ms,agent-1,ap-south-1
svc-payments,payments-api,2025-05-30T05:00:00Z,200,248,ms,agent-1,ap-south-1
svc-auth,auth-api,2025-05-25T19:15:00Z,200,186,ms,agent-1,ap-south-1
svc-reports,reports-api,2025-05-26T22:00:00Z,200,512,ms,agent-1,ap-south-1
svc-notify,notify-worker,2025-05-31T17:30:00Z,200,131,ms,agent-1,ap-south-1
svc-auth,auth-api,2025-05-23T12:15:00Z,200,125,ms,agent-1,ap-south-1
svc-payments,payments-api,2025-05-23T01:45:00Z,200,286,ms,agent-1,ap-south-1
svc-search,search-api,2025-05-26T17:45:00Z,200,0.585,s,agent-1,ap-south-1
svc-reports,reports-api,2025-05-19T20:45:00Z,200,799,ms,agent-1,ap-south-1
svc-auth,auth-api,2025-05-30T18:15:00Z,200,123,ms,agent-2,ap-south-1
svc-search,search-api,2025-05-21T15:00:00Z,200,0.519,s,agent-1,ap-south-1
svc-reports,reports-api,2025-05-25T14:00:00Z,200,628,ms,agent-1,ap-south-1
svc-reports,reports-api,2025-05-28T14:00:00Z,200,746,ms,agent-1,ap-south-1
svc-reports,reports-api,2025-05-29T14:00:00Z,200,502,ms,agent-1,ap-south-1
svc-auth,auth-api,2025-05-24T23:00:00Z,200,141,ms,agent-1,ap-south-1
svc-reports,reports-api,2025-05-21T23:15:00Z,200,445,ms,agent-1,ap-south-1
svc-notify,notify-worker,2025-05-21T00:30:00Z,200,140,ms,agent-1,ap-south-1
svc-reports,reports-api,2025-05-25T03:15:00Z,200,609,ms,agent-2,ap-south-1
svc-notify,notify-worker,2025-05-28T11:00:00Z,200,101,ms,agent-1,ap-south-1
svc-reports,reports-api,2025-05-28T10:00:00Z,200,821,ms,agent-1,ap-south-1
svc-auth,auth-api,2025-05-20T01:15:00Z,200,127,ms,agent-1,ap-south-1
svc-payments,payments-api,2025-05-26T03:00:00Z,200,255,ms,agent-1,ap-south-1
svc-payments,payments-api,2025-05-23T16:30:00Z,200,302,ms,agent-1,ap-south-1
svc-auth,auth-api,1747923300,200,117,ms,agent-1,ap-south-1
svc-reports,reports-api,2025-05-21T18:30:00Z,200,442,ms,agent-1,ap-south-1
svc-auth,auth-api,2025-05-22T15:30:00Z,200,176,ms,agent-1,ap-south-1
svc-reports,reports-api,2025-05-29T00:30:00Z,200,446,ms,agent-1,ap-south-1
svc-auth,auth-api,2025-05-29T03:15:00Z,200,124,ms,agent-2,ap-south-1
svc-payments,payments-api,2025-05-22T04:45:00Z,200,264,ms,agent-1,ap-south-1
svc-notify,notify-worker,2025-05-30T03:30:00Z,200,129,ms,agent-1,ap-south-1
svc-notify,notify-worker,2025-05-27T02:15:00Z,200,103,ms,agent-1,ap-south-1
svc-payments,payments-api,2025-05-30T04:30:00Z,200,441,ms,agent-1,ap-south-1
svc-search,search-api,2025-05-21T12:15:00Z,200,0.579,s,agent-1,ap-south-1
svc-notify,notify-worker,2025-05-22T08:15:00Z,200,116,ms,agent-1,ap-south-1
svc-payments,payments-api,2025-06-01T22:15:00Z,200,281,ms,agent-1,ap-south-1
svc-reports,reports-api,2025-06-01T06:45:00Z,200,589,ms,agent-1,ap-south-1
svc-auth,auth-api,2025-05-20T15:30:00Z,200,151,ms,agent-2,ap-south-1
svc-reports,reports-api,2025-05-25T22:00:00Z,200,536,ms,agent-1,ap-south-1
svc-search,search-api,2025-05-27T04:45:00Z,200,0.461,s,agent-1,ap-south-1
svc-auth,auth-api,2025-05-25T04:30:00Z,200,113,ms,agent-1,ap-south-1
svc-search,search-api,2025-05-30T10:45:00Z,200,0.684,s,agent-1,ap-south-1
svc-search,search-api,2025-05-29T13:15:00+05:30,502,0.57,s,agent-1,ap-south-1
svc-search,search-api,2025-05-20T06:00:00Z,200,0.393,s,agent-1,ap-south-1
svc-reports,reports-api,2025-05-20T15:00:00Z,200,495,ms,agent-1,ap-south-1
svc-search,search-api,2025-05-23T22:15:00Z,200,0.513,s,agent-1,ap-south-1
svc-auth,auth-api,2025-05-28T08:30:00Z,200,155,ms,agent-1,ap-south-1
svc-notify,notify-worker,2025-05-22T02:45:00Z,200,143,ms,agent-1,ap-south-1
svc-auth,auth-api,2025-05-21T03:30:00Z,200,124,ms,agent-1,ap-south-1
svc-payments,payments-api,2025-05-29T00:45:00Z,200,430,ms,agent-1,ap-south-1
svc-reports,reports-api,2025-05-24T07:15:00Z,200,606,ms,agent-1,ap-south-1
svc-auth,auth-api,2025-05-31T18:45:00Z,200,167,ms,agent-1,ap-south-1
svc-auth,auth-api,2025-05-26T15:15:00Z,200,126,ms,agent-1,ap-south-1
svc-reports,reports-api,2025-05-28T17:30:00Z,200,792,ms,agent-1,ap-south-1
svc-payments,payments-api,2025-05-30T17:30:00Z,200,273,ms,agent-1,ap-south-1
svc-reports,reports-api,2025-05-31T13:15:00Z,200,545,ms,agent-1,ap-south-1
svc-reports,reports-api,2025-05-23T06:00:00Z,200,607,ms,agent-1,ap-south-1
svc-notify,notify-worker,2025-05-20T00:15:00Z,200,86,ms,agent-1,ap-south-1
svc-auth,auth-api,2025-05-28T06:45:00Z,200,142,ms,agent-1,ap-south-1
svc-reports,reports-api,2025-05-28T21:15:00Z,200,635,ms,agent-1,ap-south-1
svc-search,search-api,2025-05-24T12:45:00Z,200,0.424,s,agent-1,ap-south-1
svc-notify,notify-worker,2025-06-01T21:00:00Z,200,119,ms,agent-1,ap-south-1
svc-notify,notify-worker,2025-05-21T08:15:00Z,200,95,ms,agent-1,ap-south-1
svc-payments,payments-api,2025-05-28T15:30:00Z,200,276,ms,agent-1,ap-south-1
svc-reports,reports-api,2025-05-23T06:30:00Z,200,703,ms,agent-1,ap-south-1
svc-payments,payments-api,2025-05-26T01:45:00Z,200,397,ms,agent-1,ap-south-1
svc-notify,notify-worker,2025-05-21T15:00:00Z,200,139,ms,agent-2,ap-south-1
svc-search,search-api,2025-06-01T07:45:00Z,200,0.567,s,agent-1,ap-south-1
svc-reports,reports-api,2025-05-19T18:30:00Z,200,658,ms,agent-1,ap-south-1
svc-notify,notify-worker,2025-05-31T05:15:00Z,200,109,ms,agent-1,ap-south-1
svc-reports,reports-api,2025-06-01T04:00:00Z,200,811,ms,agent-1,ap-south-1
svc-payments,payments-api,2025-05-22T08:15:00Z,200,474,ms,agent-1,ap-south-1
svc-payments,payments-api,2025-05-27T11:45:00Z,200,324,ms,agent-1,ap-south-1
svc-reports,reports-api,2025-05-23T19:45:00Z,200,,ms,agent-1,ap-south-1
svc-auth,auth-api,2025-05-19T06:00:00Z,200,149,ms,agent-1,ap-south-1
svc-auth,auth-api,2025-05-25T03:15:00Z,200,180,ms,agent-1,ap-south-1
svc-reports,reports-api,2025-05-24T19:00:00Z,200,483,ms,agent-1,ap-south-1
svc-notify,notify-worker,2025-05-30T20:00:00Z,200,111,ms,agent-1,ap-south-1
svc-reports,reports-api,2025-05-25T00:45:00Z,200,759,ms,agent-1,ap-south-1
svc-reports,reports-api,2025-05-25T23:00:00Z,200,536,ms,agent-1,ap-south-1
svc-search,search-api,2025-05-20T14:00:00Z,200,0.534,s,agent-1,ap-south-1
svc-notify,notify-worker,2025-05-26T08:15:00Z,200,98,ms,agent-1,ap-south-1
svc-notify,notify-worker,2025-05-29T08:30:00Z,200,98,ms,agent-1,ap-south-1
svc-payments,payments-api,2025-05-30T11:30:00Z,200,404,ms,agent-1,ap-south-1
svc-notify,notify-worker,2025-05-31T19:45:00Z,200,83,ms,agent-1,ap-south-1
svc-payments,payments-api,2025-05-28T07:00:00Z,200,270,ms,agent-1,ap-south-1
svc-auth,auth-api,2025-05-22T10:45:00Z,200,135,ms,agent-1,ap-south-1
svc-search,search-api,2025-05-21T21:30:00Z,200,0.698,s,agent-1,ap-south-1
svc-reports,reports-api,2025-05-22T15:30:00Z,200,529,ms,agent-1,ap-south-1
svc-notify,notify-worker,2025-05-23T19:15:00Z,200,125,ms,agent-1,ap-south-1
svc-payments,payments-api,2025-05-26T16:30:00Z,200,372,ms,agent-1,ap-south-1
svc-auth,auth-api,2025-05-26T11:30:00Z,200,141,ms,agent-1,ap-south-1
svc-reports,reports-api,2025-05-31T11:30:00Z,200,752,ms,agent-1,ap-south-1
svc-reports,reports-api,2025-05-19T21:45:00Z,200,555,ms,agent-1,ap-south-1
svc-notify,notify-worker,2025-05-28T23:15:00Z,200,114,ms,agent-1,ap-south-1
svc-payments,payments-api,2025-05-25T17:00:00Z,200,372,ms,agent-1,ap-south-1
svc-notify,notify-worker,2025-05-30T14:30:00Z,200,83,ms,agent-1,ap-south-1
svc-payments,payments-api,2025-05-25T12:00:00Z,200,467,ms,agent-1,ap-south-1
svc-reports,reports-api,2025-05-25T04:15:00Z,200,801,ms,agent-1,ap-south-1
svc-reports,reports-api,2025-05-26T20:00:00Z,200,733,ms,agent-1,ap-south-1
svc-search,search-api,2025-05-30T10:00:00Z,200,0.662,s,agent-2,ap-south-1
svc-auth,auth-api,2025-05-19T22:30:00Z,200,162,ms,agent-1,ap-south-1
svc-search,search-api,2025-05-20T13:30:00Z,200,0.672,s,agent-1,ap-south-1
svc-reports,reports-api,2025-05-22T18:45:00Z,200,490,ms,agent-1,ap-south-1
svc-payments,payments-api,2025-05-22T06:15:00Z,200,393,ms,agent-1,ap-south-1
svc-search,search-api,2025-05-29T16:15:00Z,200,0.411,s,agent-1,ap-south-1
svc-auth,auth-api,2025-05-31T07:30:00Z,200,100,ms,agent-1,ap-south-1
svc-search,search-api,2025-05-21T05:00:00Z,200,0.637,s,agent-1,ap-south-1
svc-reports,reports-api,2025-06-01T06:30:00Z,200,829,ms,agent-1,ap-south-1
svc-payments,payments-api,2025-05-28T07:30:00Z,200,346,ms,agent-1,ap-south-1
svc-payments,payments-api,2025-05-23T06:15:00Z,200,249,ms,agent-1,ap-south-1
svc-auth,auth-api,2025-05-29T07:00:00Z,200,133,ms,agent-1,ap-south-1
svc-auth,auth-api,2025-05-22T11:30:00Z,200,189,ms,agent-1,ap-south-1
svc-auth,auth-api,2025-05-28T22:00:00Z,200,167,ms,agent-1,ap-south-1
svc-reports,reports-api,2025-06-01T16:30:00Z,200,607,ms,agent-1,ap-south-1
svc-payments,payments-api,2025-06-01T12:45:00+05:30,200,298,ms,agent-1,ap-south-1
svc-search,search-api,2025-05-31T06:15:00Z,200,0.614,s,agent-2,ap-south-1
svc-payments,payments-api,2025-05-24T03:15:00Z,200,287,ms,agent-1,ap-south-1
svc-search,search-api,2025-06-01T12:00:00Z,200,0.58,s,agent-1,ap-south-1
svc-reports,reports-api,2025-05-23T08:45:00Z,200,581,ms,agent-1,ap-south-1
svc-auth,auth-api,2025-05-20T02:45:00Z,200,167,ms,agent-1,ap-south-1
svc-payments,payments-api,2025-05-19T07:15:00Z,200,254,ms,agent-1,ap-south-1
svc-payments,payments-api,2025-05-24T21:15:00Z,200,275,ms,agent-1,ap-south-1
svc-reports,reports-api,2025-05-23T09:15:00Z,200,811,ms,agent-1,ap-south-1
svc-search,search-api,2025-06-01T15:15:00Z,200,0.666,s,agent-1,ap-south-1
svc-notify,notify-worker,2025-05-27T13:00:00Z,200,128,ms,agent-1,ap-south-1
svc-notify,notify-worker,2025-05-19T00:45:00Z,200,133,ms,agent-1,ap-south-1
svc-auth,auth-api,2025-05-24T10:00:00Z,200,131,ms,agent-1,ap-south-1
svc-payments,payments-api,2025-05-24T23:00:00Z,200,478,ms,agent-1,ap-south-1
svc-payments,payments-api,2025-05-31T21:45:00Z,200,370,ms,agent-2,ap-south-1
svc-search,search-api,2025-05-19T22:00:00Z,200,0.541,s,agent-1,ap-south-1
svc-payments,payments-api,2025-05-23T22:15:00Z,200,332,ms,agent-1,ap-south-1
svc-notify,notify-worker,2025-05-20T10:45:00Z,200,80,ms,agent-1,ap-south-1
svc-auth,auth-api,2025-05-24T11:15:00Z,200,98,ms,agent-1,ap-south-1
svc-reports,reports-api,2025-05-27T05:45:00Z,200,697,ms,agent-1,ap-south-1
svc-payments,payments-api,2025-05-21T09:30:00Z,200,293,ms,agent-1,ap-south-1
svc-search,search-api,2025-05-21T11:45:00Z,200,0.565,s,agent-1,ap-south-1
svc-search,search-api,2025-05-21T02:15:00Z,200,0.415,s,agent-1,ap-south-1
svc-reports,reports-api,2025-05-20T23:45:00Z,200,793,ms,agent-1,ap-south-1
svc-notify,notify-worker,2025-05-31T11:45:00Z,200,105,ms,agent-1,ap-south-1
svc-payments,payments-api,2025-05-30T11:00:00Z,200,332,ms,agent-1,ap-south-1
svc-notify,notify-worker,2025-05-20T10:15:00Z,200,104,ms,agent-1,ap-south-1
svc-search,search-api,2025-05-24T19:00:00Z,200,0.383,s,agent-1,ap-south-1
svc-notify,notify-worker,2025-05-24T17:00:00Z,200,133,ms,agent-1,ap-south-1
svc-reports,reports-api,2025-05-27T16:45:00Z,200,495,ms,agent-1,ap-south-1
svc-search,search-api,2025-05-31T05:30:00Z,200,0.41,s,agent-1,ap-south-1
svc-notify,notify-worker,2025-06-01T08:30:00Z,200,137,ms,agent-2,ap-south-1
svc-reports,reports-api,2025-05-28T17:45:00Z,200,764,ms,agent-1,ap-south-1
svc-notify,notify-worker,2025-05-23T14:45:00Z,200,107,ms,agent-1,ap-south-1
svc-reports,reports-api,2025-06-01T08:30:00Z,500,449,ms,agent-1,ap-south-1
svc-reports,reports-api,2025-05-25T15:45:00Z,200,473,ms,agent-1,ap-south-1
svc-notify,notify-worker,2025-05-22T11:15:00Z,200,89,ms,agent-2,ap-south-1
svc-reports,reports-api,2025-05-19T18:45:00Z,200,656,ms,agent-1,ap-south-1
svc-auth,auth-api,2025-05-28T16:00:00Z,200,152,ms,agent-1,ap-south-1
svc-reports,reports-api,2025-06-01T12:00:00Z,200,,ms,agent-1,ap-south-1
svc-auth,auth-api,2025-05-23T13:30:00+05:30,200,132,ms,agent-1,ap-south-1
svc-reports,reports-api,2025-05-31T00:30:00Z,200,770,ms,agent-1,ap-south-1
svc-search,search-api,2025-05-23T23:00:00Z,200,0.507,s,agent-1,ap-south-1
svc-notify,notify-worker,2025-05-30T18:30:00Z,200,116,ms,agent-1,ap-south-1
svc-search,search-api,2025-05-30T15:15:00Z,200,0.614,s,agent-2,ap-south-1
svc-notify,notify-worker,2025-05-20T15:30:00Z,200,93,ms,agent-1,ap-south-1
svc-payments,payments-api,2025-05-30T04:00:00Z,200,354,ms,agent-1,ap-south-1
svc-payments,payments-api,2025-05-21T00:45:00Z,200,339,ms,agent-1,ap-south-1
svc-auth,auth-api,2025-06-01T04:45:00Z,200,119,ms,agent-1,ap-south-1
svc-payments,payments-api,2025-05-26T04:15:00Z,200,344,ms,agent-2,ap-south-1
svc-payments,payments-api,2025-05-25T00:15:00Z,200,464,ms,agent-1,ap-south-1
svc-auth,auth-api,2025-05-26T20:45:00Z,200,152,ms,agent-1,ap-south-1
svc-search,search-api,2025-05-30T05:00:00Z,200,0.651,s,agent-1,ap-south-1
svc-search,search-api,1748047500,200,0.406,s,agent-1,ap-south-1
svc-notify,notify-worker,2025-05-27T05:00:00Z,200,107,ms,agent-1,ap-south-1
svc-notify,notify-worker,2025-05-26T12:45:00Z,200,87,ms,agent-1,ap-south-1
svc-notify,notify-worker,2025-05-21T07:30:00Z,200,136,ms,agent-1,ap-south-1
svc-payments,payments-api,2025-05-31T20:30:00Z,200,,ms,agent-1,ap-south-1
svc-reports,reports-api,2025-05-25T22:45:00Z,200,597,ms,agent-1,ap-south-1
svc-notify,notify-worker,2025-05-30T10:45:00Z,200,124,ms,agent-1,ap-south-1
svc-payments,payments-api,2025-05-23T03:00:00Z,500,494,ms,agent-1,ap-south-1
svc-reports,reports-api,2025-05-19T17:30:00Z,200,529,ms,agent-2,ap-south-1
svc-notify,notify-worker,2025-05-25T10:45:00Z,200,137,ms,agent-1,ap-south-1
svc-notify,notify-worker,2025-05-20T14:45:00Z,200,98,ms,agent-1,ap-south-1
svc-payments,payments-api,2025-05-27T19:30:00Z,200,435,ms,agent-1,ap-south-1
svc-notify,notify-worker,2025-05-24T01:15:00Z,200,99,ms,agent-1,ap-south-1
svc-notify,notify-worker,2025-05-27T12:30:00Z,200,91,ms,agent-1,ap-south-1
svc-auth,auth-api,2025-05-28T11:45:00Z,200,163,ms,agent-1,ap-south-1
svc-reports,reports-api,2025-05-30T13:30:00Z,200,746,ms,agent-2,ap-south-1
svc-notify,notify-worker,2025-05-21T23:30:00Z,200,128,ms,agent-1,ap-south-1
svc-search,search-api,2025-05-19T15:15:00Z,200,0.654,s,agent-1,ap-south-1
svc-reports,reports-api,2025-05-29T21:15:00Z,200,557,ms,agent-1,ap-south-1
svc-payments,payments-api,2025-05-29T14:00:00Z,200,485,ms,agent-1,ap-south-1
svc-notify,notify-worker,2025-05-23T23:15:00Z,200,100,ms,agent-1,ap-south-1
svc-reports,reports-api,2025-05-25T17:45:00Z,200,679,ms,agent-1,ap-south-1
svc-notify,notify-worker,2025-06-01T22:30:00Z,200,115,ms,agent-1,ap-south-1
svc-payments,payments-api,2025-05-22T14:15:00Z,200,433,ms,agent-1,ap-south-1
svc-notify,notify-worker,2025-05-23T03:00:00Z,200,110,ms,agent-1,ap-south-1
svc-search,search-api,2025-05-25T03:00:00Z,200,0.669,s,agent-1,ap-south-1
svc-reports,reports-api,2025-05-23T02:45:00Z,200,787,ms,agent-2,ap-south-1
svc-auth,auth-api,2025-05-28T05:15:00Z,200,126,ms,agent-1,ap-south-1
svc-search,search-api,2025-05-20T11:30:00Z,200,0.435,s,agent-1,ap-south-1
svc-search,search-api,2025-05-27T09:45:00Z,200,0.529,s,agent-1,ap-south-1
svc-payments,payments-api,2025-05-29T02:30:00Z,200,337,ms,agent-1,ap-south-1
svc-reports,reports-api,2025-05-20T19:30:00Z,200,585,ms,agent-1,ap-south-1
svc-auth,auth-api,2025-05-23T04:30:00Z,200,138,ms,agent-1,ap-south-1
svc-notify,notify-worker,2025-05-31T23:30:00Z,200,139,ms,agent-1,ap-south-1
svc-search,search-api,2025-05-25T17:30:00Z,200,0.412,s,agent-1,ap-south-1
svc-notify,notify-worker,2025-05-30T04:30:00Z,200,118,ms,agent-1,ap-south-1
svc-search,search-api,2025-05-21T11:00:00Z,200,0.667,s,agent-1,ap-south-1
svc-search,search-api,2025-05-21T00:30:00Z,200,0.414,s,agent-1,ap-south-1
svc-search,search-api,1748169900,200,0.605,s,agent-1,ap-south-1
svc-payments,payments-api,2025-05-20T13:45:00Z,200,493,ms,agent-1,ap-south-1
svc-auth,auth-api,2025-05-20T17:45:00Z,200,153,ms,agent-1,ap-south-1
svc-notify,notify-worker,2025-05-22T20:30:00Z,200,151,ms,agent-1,ap-south-1
svc-auth,auth-api,2025-05-24T09:00:00Z,200,117,ms,agent-1,ap-south-1
svc-notify,notify-worker,2025-05-26T10:00:00Z,200,106,ms,agent-1,ap-south-1
svc-auth,auth-api,2025-05-19T20:45:00Z,200,98,ms,agent-1,ap-south-1
svc-auth,auth-api,2025-05-20T12:00:00Z,200,136,ms,agent-1,ap-south-1
svc-notify,notify-worker,2025-05-31T16:30:00Z,200,150,ms,agent-1,ap-south-1
svc-reports,reports-api,2025-05-28T15:15:00Z,200,618,ms,agent-1,ap-south-1
svc-auth,auth-api,2025-05-20T14:00:00Z,200,136,ms,agent-1,ap-south-1
svc-notify,notify-worker,2025-05-21T13:15:00Z,200,108,ms,agent-1,ap-south-1
svc-notify,notify-worker,2025-05-24T02:15:00Z,200,120,ms,agent-1,ap-south-1
svc-payments,payments-api,2025-05-29T23:45:00Z,200,379,ms,agent-1,ap-south-1
svc-notify,notify-worker,2025-05-26T13:30:00Z,200,79,ms,agent-1,ap-south-1
svc-payments,payments-api,2025-05-25T00:45:00Z,200,274,ms,agent-1,ap-south-1
svc-reports,reports-api,2025-05-29T13:15:00Z,200,481,ms,agent-1,ap-south-1
svc-reports,reports-api,2025-05-24T18:00:00Z,200,722,ms,agent-1,ap-south-1
svc-search,search-api,2025-05-22T21:45:00Z,200,0.393,s,agent-1,ap-south-1
svc-search,search-api,2025-05-29T02:30:00Z,200,0.552,s,agent-2,ap-south-1
svc-auth,auth-api,2025-05-25T00:30:00Z,200,96,ms,agent-1,ap-south-1
svc-auth,auth-api,2025-05-28T05:45:00Z,200,97,ms,agent-1,ap-south-1
svc-notify,notify-worker,2025-05-26T11:45:00Z,200,118,ms,agent-1,ap-south-1
svc-payments,payments-api,2025-05-31T07:45:00Z,200,338,ms,agent-1,ap-south-1
svc-search,search-api,2025-05-29T01:30:00Z,200,0.664,s,agent-1,ap-south-1
svc-payments,payments-api,2025-05-31T13:15:00Z,200,264,ms,agent-1,ap-south-1
svc-search,search-api,2025-05-30T01:45:00Z,200,0.426,s,agent-1,ap-south-1
svc-notify,notify-worker,2025-06-01T08:30:00Z,200,136,ms,agent-1,ap-south-1
svc-notify,notify-worker,2025-05-24T20:45:00Z,200,123,ms,agent-1,ap-south-1
svc-payments,payments-api,2025-05-29T17:15:00Z,200,254,ms,agent-1,ap-south-1
svc-notify,notify-worker,2025-05-22T21:15:00Z,200,112,ms,agent-1,ap-south-1
svc-auth,auth-api,2025-05-29T22:15:00Z,200,112,ms,agent-2,ap-south-1
svc-reports,reports-api,2025-05-27T09:45:00Z,200,817,ms,agent-1,ap-south-1
svc-reports,reports-api,2025-05-31T03:15:00Z,200,628,ms,agent-1,ap-south-1
svc-reports,reports-api,2025-05-24T07:30:00Z,200,673,ms,agent-1,ap-south-1
svc-notify,notify-worker,2025-05-28T11:15:00Z,200,87,ms,agent-1,ap-south-1
svc-notify,notify-worker,2025-05-23T02:15:00Z,200,131,ms,agent-1,ap-south-1
svc-reports,reports-api,2025-05-30T18:45:00Z,200,562,ms,agent-1,ap-south-1
svc-notify,notify-worker,2025-05-21T07:45:00Z,200,88,ms,agent-1,ap-south-1
svc-notify,notify-worker,2025-05-19T05:45:00Z,200,101,ms,agent-1,ap-south-1
svc-reports,reports-api,2025-05-22T05:30:00Z,200,484,ms,agent-1,ap-south-1
svc-reports,reports-api,2025-05-20T06:15:00Z,200,765,ms,agent-1,ap-south-1
svc-auth,auth-api,2025-06-01T16:00:00Z,200,140,ms,agent-1,ap-south-1
svc-auth,auth-api,2025-05-22T13:00:00Z,200,112,ms,agent-1,ap-south-1
svc-search,search-api,2025-05-25T11:30:00Z,500,0.654,s,agent-1,ap-south-1
svc-search,search-api,2025-05-22T01:30:00Z,200,0.404,s,agent-1,ap-south-1
svc-notify,notify-worker,2025-05-29T14:30:00Z,200,,ms,agent-1,ap-south-1
svc-notify,notify-worker,2025-05-27T09:15:00Z,200,121,ms,agent-1,ap-south-1
svc-reports,reports-api,2025-05-23T12:15:00Z,200,565,ms,agent-1,ap-south-1
svc-reports,reports-api,2025-05-27T21:15:00Z,200,472,ms,agent-1,ap-south-1
svc-search,search-api,2025-05-24T10:00:00Z,200,0.63,s,agent-1,ap-south-1
svc-payments,payments-api,2025-05-20T22:30:00Z,200,320,ms,agent-1,ap-south-1
svc-auth,auth-api,2025-05-29T04:30:00Z,200,97,ms,agent-1,ap-south-1
svc-payments,payments-api,2025-05-25T23:30:00Z,200,347,ms,agent-1,ap-south-1
svc-reports,reports-api,2025-05-21T22:45:00Z,200,611,ms,agent-1,ap-south-1
svc-auth,auth-api,2025-05-22T14:30:00Z,200,186,ms,agent-1,ap-south-1
svc-reports,reports-api,2025-05-23T02:30:00Z,200,448,ms,agent-1,ap-south-1
svc-reports,reports-api,2025-05-30T10:00:00Z,200,523,ms,agent-1,ap-south-1
svc-notify,notify-worker,2025-06-01T00:00:00Z,200,104,ms,agent-1,ap-south-1
svc-search,search-api,2025-05-25T15:00:00Z,200,0.64,s,agent-1,ap-south-1
svc-search,search-api,2025-05-20T07:15:00Z,200,0.367,s,agent-1,ap-south-1
svc-payments,payments-api,2025-05-22T17:15:00Z,200,348,ms,agent-1,ap-south-1
svc-payments,payments-api,2025-05-20T04:30:00Z,200,269,ms,agent-1,ap-south-1
svc-notify,notify-worker,2025-05-22T10:00:00Z,200,129,ms,agent-1,ap-south-1
svc-notify,notify-worker,2025-05-29T10:15:00Z,200,123,ms,agent-1,ap-south-1
svc-search,search-api,2025-05-22T05:15:00Z,200,0.567,s,agent-1,ap-south-1
svc-search,search-api,2025-05-20T06:30:00Z,200,0.604,s,agent-1,ap-south-1
svc-auth,auth-api,2025-05-22T17:15:00Z,200,161,ms,agent-1,ap-south-1
svc-auth,auth-api,2025-05-19T08:15:00Z,200,186,ms,agent-1,ap-south-1
svc-reports,reports-api,2025-05-28T13:30:00Z,200,729,ms,agent-1,ap-south-1
svc-auth,auth-api,2025-05-26T01:00:00Z,200,143,ms,agent-1,ap-south-1
svc-auth,auth-api,2025-05-30T17:15:00Z,200,159,ms,agent-1,ap-south-1
svc-payments,payments-api,2025-05-19T14:15:00Z,200,305,ms,agent-1,ap-south-1
svc-search,search-api,2025-05-26T10:30:00Z,200,0.631,s,agent-1,ap-south-1
svc-payments,payments-api,2025-05-28T08:45:00Z,200,321,ms,agent-1,ap-south-1
svc-auth,auth-api,2025-05-31T06:15:00Z,200,129,ms,agent-1,ap-south-1
svc-reports,reports-api,2025-06-01T07:45:00Z,200,684,ms,agent-1,ap-south-1
svc-payments,payments-api,2025-05-21T15:45:00Z,200,492,ms,agent-1,ap-south-1
svc-reports,reports-api,2025-05-25T15:00:00Z,200,467,ms,agent-1,ap-south-1
svc-payments,payments-api,2025-05-26T02:00:00Z,200,330,ms,agent-1,ap-south-1
svc-payments,payments-api,2025-05-20T17:15:00Z,200,303,ms,agent-1,ap-south-1
svc-auth,auth-api,2025-05-22T17:30:00Z,200,173,ms,agent-1,ap-south-1
svc-payments,payments-api,2025-05-30T14:00:00Z,200,404,ms,agent-1,ap-south-1
svc-auth,auth-api,2025-05-25T21:15:00Z,200,120,ms,agent-1,ap-south-1
svc-reports,reports-api,2025-05-22T17:00:00Z,200,776,ms,agent-1,ap-south-1
svc-notify,notify-worker,2025-05-23T11:45:00Z,200,98,ms,agent-1,ap-south-1
svc-notify,notify-worker,2025-05-23T09:45:00Z,200,150,ms,agent-1,ap-south-1
svc-notify,notify-worker,2025-05-28T01:45:00Z,200,151,ms,agent-1,ap-south-1
svc-notify,notify-worker,2025-05-20T22:30:00Z,200,125,ms,agent-1,ap-south-1
svc-notify,notify-worker,2025-05-25T15:45:00Z,200,84,ms,agent-1,ap-south-1
svc-search,search-api,2025-05-24T10:45:00Z,200,0.665,s,agent-1,ap-south-1
svc-notify,notify-worker,2025-05-25T06:15:00Z,200,93,ms,agent-1,ap-south-1
svc-reports,reports-api,2025-05-19T15:45:00Z,200,466,ms,agent-1,ap-south-1
svc-reports,reports-api,2025-05-25T17:00:00Z,200,491,ms,agent-1,ap-south-1
svc-notify,notify-worker,2025-05-19T00:00:00Z,200,92,ms,agent-1,ap-south-1
svc-search,search-api,2025-05-22T04:15:00Z,200,0.715,s,agent-1,ap-south-1
svc-reports,reports-api,2025-05-26T15:45:00Z,200,452,ms,agent-1,ap-south-1
svc-search,search-api,2025-06-01T04:00:00Z,200,0.509,s,agent-1,ap-south-1
svc-auth,auth-api,2025-05-20T04:15:00Z,200,142,ms,agent-1,ap-south-1
svc-reports,reports-api,2025-05-25T14:15:00Z,200,529,ms,agent-1,ap-south-1
svc-notify,notify-worker,2025-05-26T11:00:00Z,200,142,ms,agent-1,ap-south-1
svc-notify,notify-worker,2025-06-01T23:30:00Z,200,86,ms,agent-1,ap-south-1
svc-search,search-api,2025-05-31T08:00:00Z,200,0.65,s,agent-1,ap-south-1
svc-search,search-api,2025-05-24T21:00:00Z,200,0.533,s,agent-1,ap-south-1
svc-search,search-api,2025-05-22T19:00:00Z,200,0.716,s,agent-1,ap-south-1
svc-auth,auth-api,2025-05-19T19:45:00Z,200,162,ms,agent-1,ap-south-1
svc-payments,payments-api,1748555100,200,354,ms,agent-2,ap-south-1
svc-notify,notify-worker,2025-05-19T18:30:00Z,503,405,ms,agent-1,ap-south-1
svc-search,search-api,2025-05-31T04:15:00Z,200,0.553,s,agent-2,ap-south-1
svc-notify,notify-worker,2025-05-22T18:30:00Z,200,92,ms,agent-1,ap-south-1
svc-payments,payments-api,2025-05-25T02:15:00Z,200,253,ms,agent-1,ap-south-1
svc-reports,reports-api,2025-05-28T08:15:00Z,200,579,ms,agent-1,ap-south-1
svc-reports,reports-api,2025-05-21T09:30:00Z,200,826,ms,agent-1,ap-south-1
svc-notify,notify-worker,2025-05-25T04:00:00Z,200,80,ms,agent-1,ap-south-1
svc-notify,notify-worker,2025-05-23T20:30:00Z,200,114,ms,agent-1,ap-south-1
svc-notify,notify-worker,2025-05-31T20:15:00Z,200,105,ms,agent-1,ap-south-1
svc-auth,auth-api,2025-05-25T02:30:00Z,200,176,ms,agent-1,ap-south-1
svc-notify,notify-worker,2025-05-22T06:00:00Z,200,109,ms,agent-2,ap-south-1
svc-notify,notify-worker,2025-05-22T10:15:00Z,200,105,ms,agent-1,ap-south-1
svc-payments,payments-api,2025-06-01T14:15:00Z,200,282,ms,agent-1,ap-south-1
svc-notify,notify-worker,2025-05-27T21:15:00Z,200,148,ms,agent-1,ap-south-1
svc-auth,auth-api,2025-05-24T22:00:00Z,200,130,ms,agent-1,ap-south-1
svc-payments,payments-api,1748476800,200,445,ms,agent-1,ap-south-1
svc-search,search-api,2025-05-28T12:00:00Z,200,0.475,s,agent-1,ap-south-1
svc-auth,auth-api,2025-05-28T11:15:00Z,200,145,ms,agent-1,ap-south-1
svc-search,search-api,2025-05-29T17:45:00Z,200,0.713,s,agent-1,ap-south-1
svc-notify,notify-worker,2025-05-31T06:45:00Z,200,149,ms,agent-2,ap-south-1
svc-payments,payments-api,2025-06-01T17:30:00Z,200,469,ms,agent-1,ap-south-1
svc-reports,reports-api,2025-05-29T20:30:00Z,200,574,ms,agent-1,ap-south-1
svc-auth,auth-api,2025-05-27T06:00:00Z,200,148,ms,agent-2,ap-south-1
svc-notify,notify-worker,2025-05-30T13:00:00Z,200,149,ms,agent-1,ap-south-1
svc-reports,reports-api,2025-05-22T14:15:00Z,200,863,ms,agent-1,ap-south-1
svc-payments,payments-api,2025-05-31T07:00:00Z,200,265,ms,agent-1,ap-south-1
svc-payments,payments-api,2025-05-21T05:15:00Z,200,341,ms,agent-1,ap-south-1
svc-reports,reports-api,2025-05-23T00:15:00Z,200,629,ms,agent-1,ap-south-1
svc-reports,reports-api,2025-06-01T06:00:00Z,200,683,ms,agent-1,ap-south-1
svc-search,search-api,2025-05-19T08:30:00Z,200,0.664,s,agent-1,ap-south-1
svc-search,search-api,2025-05-25T19:30:00Z,200,0.562,s,agent-1,ap-south-1
svc-search,search-api,2025-06-01T19:00:00+05:30,502,0.376,s,agent-1,ap-south-1
svc-payments,payments-api,2025-05-20T10:00:00Z,200,272,ms,agent-1,ap-south-1
svc-payments,payments-api,2025-05-26T10:15:00Z,200,248,ms,agent-1,ap-south-1
svc-payments,payments-api,2025-05-21T01:15:00Z,200,293,ms,agent-1,ap-south-1
svc-search,search-api,2025-05-19T21:00:00Z,200,0.443,s,agent-1,ap-south-1
svc-reports,reports-api,1747645200,200,475,ms,agent-1,ap-south-1
svc-auth,auth-api,2025-05-19T22:45:00Z,200,168,ms,agent-1,ap-south-1
svc-auth,auth-api,2025-05-31T11:15:00Z,200,111,ms,agent-1,ap-south-1
svc-search,search-api,2025-05-20T15:00:00Z,200,0.657,s,agent-1,ap-south-1
svc-search,search-api,2025-05-25T16:30:00Z,200,0.453,s,agent-1,ap-south-1
svc-notify,notify-worker,2025-05-30T00:15:00Z,200,83,ms,agent-1,ap-south-1
svc-reports,reports-api,2025-05-19T07:45:00Z,200,584,ms,agent-1,ap-south-1
svc-search,search-api,2025-05-27T14:30:00Z,200,0.68,s,agent-1,ap-south-1
svc-auth,auth-api,2025-05-21T16:00:00Z,200,119,ms,agent-1,ap-south-1
svc-reports,reports-api,2025-05-23T23:45:00Z,200,567,ms,agent-1,ap-south-1
svc-notify,notify-worker,2025-06-01T18:15:00Z,200,121,ms,agent-1,ap-south-1
svc-auth,auth-api,2025-05-25T01:00:00Z,200,146,ms,agent-1,ap-south-1
svc-reports,reports-api,2025-05-25T18:15:00Z,200,505,ms,agent-1,ap-south-1
svc-payments,payments-api,2025-05-26T16:00:00Z,200,320,ms,agent-1,ap-south-1
svc-notify,notify-worker,2025-05-27T06:30:00Z,200,124,ms,agent-1,ap-south-1
svc-search,search-api,2025-05-23T20:30:00Z,200,0.468,s,agent-1,ap-south-1
svc-notify,notify-worker,2025-05-31T03:00:00Z,200,124,ms,agent-1,ap-south-1
svc-auth,auth-api,2025-05-28T18:45:00Z,200,113,ms,agent-1,ap-south-1
svc-auth,auth-api,2025-05-30T00:45:00Z,200,109,ms,agent-1,ap-south-1
svc-auth,auth-api,2025-05-20T16:30:00Z,200,191,ms,agent-1,ap-south-1
svc-auth,auth-api,2025-05-24T01:15:00Z,200,150,ms,agent-1,ap-south-1
svc-search,search-api,2025-05-19T23:00:00Z,200,0.594,s,agent-1,ap-south-1
svc-payments,payments-api,2025-05-20T16:15:00Z,200,389,ms,agent-1,ap-south-1
svc-auth,auth-api,2025-05-21T00:30:00Z,200,150,ms,agent-1,ap-south-1
svc-auth,auth-api,2025-05-22T20:30:00Z,200,115,ms,agent-1,ap-south-1
svc-notify,notify-worker,2025-05-27T19:15:00Z,200,120,ms,agent-1,ap-south-1
svc-payments,payments-api,2025-05-31T10:45:00Z,200,280,ms,agent-1,ap-south-1
svc-search,search-api,2025-05-20T23:45:00Z,200,0.489,s,agent-1,ap-south-1
svc-notify,notify-worker,2025-05-28T11:30:00Z,200,111,ms,agent-1,ap-south-1
svc-auth,auth-api,2025-06-01T07:00:00Z,200,122,ms,agent-1,ap-south-1
svc-auth,auth-api,2025-06-01T18:15:00Z,200,154,ms,agent-2,ap-south-1
svc-reports,reports-api,2025-05-24T08:30:00Z,200,737,ms,agent-1,ap-south-1
svc-reports,reports-api,2025-05-23T17:15:00Z,200,561,ms,agent-1,ap-south-1
svc-search,search-api,2025-05-19T23:15:00Z,200,0.547,s,agent-2,ap-south-1
svc-payments,payments-api,2025-05-30T01:00:00Z,200,327,ms,agent-1,ap-south-1
svc-reports,reports-api,2025-05-30T02:15:00Z,200,787,ms,agent-2,ap-south-1
svc-payments,payments-api,2025-05-21T11:15:00Z,200,328,ms,agent-1,ap-south-1
svc-search,search-api,2025-05-31T19:00:00Z,200,0.546,s,agent-1,ap-south-1
svc-payments,payments-api,2025-05-29T22:00:00Z,200,331,ms,agent-1,ap-south-1
svc-auth,auth-api,2025-05-22T12:00:00Z,200,108,ms,agent-1,ap-south-1
svc-auth,auth-api,2025-05-30T14:15:00Z,200,152,ms,agent-1,ap-south-1
svc-search,search-api,2025-05-29T19:45:00Z,200,0.594,s,agent-1,ap-south-1
svc-search,search-api,2025-05-26T13:30:00Z,200,0.439,s,agent-1,ap-south-1
svc-payments,payments-api,2025-05-20T23:45:00Z,200,441,ms,agent-1,ap-south-1
svc-payments,payments-api,2025-05-20T22:00:00Z,200,425,ms,agent-1,ap-south-1
svc-search,search-api,2025-05-19T09:30:00Z,200,0.528,s,agent-1,ap-south-1
svc-payments,payments-api,2025-05-22T23:30:00Z,200,338,ms,agent-1,ap-south-1
svc-payments,payments-api,2025-05-30T17:15:00Z,200,380,ms,agent-1,ap-south-1
svc-reports,reports-api,2025-05-30T23:15:00Z,200,655,ms,agent-1,ap-south-1
svc-notify,notify-worker,2025-05-22T21:45:00Z,200,140,ms,agent-1,ap-south-1
svc-auth,auth-api,2025-05-21T17:45:00Z,200,106,ms,agent-1,ap-south-1
svc-search,search-api,2025-05-27T10:45:00Z,200,0.439,s,agent-1,ap-south-1
svc-payments,payments-api,2025-05-28T10:00:00Z,200,407,ms,agent-1,ap-south-1
svc-notify,notify-worker,2025-05-19T14:30:00Z,200,119,ms,agent-2,ap-south-1
svc-notify,notify-worker,2025-05-27T20:00:00Z,200,151,ms,agent-1,ap-south-1
svc-auth,auth-api,2025-05-29T02:30:00Z,200,173,ms,agent-1,ap-south-1
svc-notify,notify-worker,2025-05-21T12:45:00Z,200,136,ms,agent-1,ap-south-1
svc-notify,notify-worker,2025-05-20T04:30:00Z,200,92,ms,agent-1,ap-south-1
svc-search,search-api,2025-05-27T07:15:00Z,200,0.384,s,agent-1,ap-south-1
svc-payments,payments-api,2025-05-20T17:30:00Z,200,422,ms,agent-2,ap-south-1
svc-auth,auth-api,2025-05-20T14:30:00Z,200,158,ms,agent-1,ap-south-1
svc-search,search-api,2025-05-23T08:00:00Z,200,0.524,s,agent-1,ap-south-1
svc-notify,notify-worker,2025-05-27T04:15:00Z,200,136,ms,agent-1,ap-south-1
svc-search,search-api,2025-05-20T15:15:00Z,200,0.578,s,agent-1,ap-south-1
svc-reports,reports-api,2025-05-24T11:45:00Z,200,758,ms,agent-2,ap-south-1
svc-reports,reports-api,2025-05-26T09:45:00Z,200,667,ms,agent-2,ap-south-1
svc-search,search-api,2025-05-21T09:30:00Z,200,0.562,s,agent-1,ap-south-1
svc-search,search-api,2025-06-01T10:15:00Z,200,0.618,s,agent-1,ap-south-1
svc-search,search-api,2025-05-31T02:30:00Z,200,0.689,s,agent-1,ap-south-1
svc-payments,payments-api,2025-06-01T10:45:00Z,200,396,ms,agent-2,ap-south-1
svc-search,search-api,2025-05-22T14:30:00Z,200,0.424,s,agent-1,ap-south-1
svc-notify,notify-worker,2025-05-27T09:30:00Z,200,147,ms,agent-1,ap-south-1
svc-reports,reports-api,2025-05-31T16:15:00Z,200,482,ms,agent-1,ap-south-1
svc-reports,reports-api,2025-05-27T14:30:00Z,200,657,ms,agent-1,ap-south-1
svc-reports,reports-api,2025-05-29T08:45:00Z,200,597,ms,agent-1,ap-south-1
svc-payments,payments-api,2025-05-24T00:15:00Z,200,448,ms,agent-1,ap-south-1
svc-payments,payments-api,2025-05-19T19:15:00Z,200,297,ms,agent-1,ap-south-1
svc-payments,payments-api,2025-05-23T03:15:00Z,200,340,ms,agent-1,ap-south-1
svc-notify,notify-worker,2025-05-27T01:15:00Z,200,117,ms,agent-1,ap-south-1
svc-payments,payments-api,2025-05-26T17:15:00Z,200,375,ms,agent-1,ap-south-1
svc-search,search-api,2025-05-20T14:30:00Z,200,0.383,s,agent-1,ap-south-1
svc-reports,reports-api,2025-05-19T10:00:00Z,200,647,ms,agent-1,ap-south-1
svc-payments,payments-api,2025-05-25T15:30:00Z,200,267,ms,agent-1,ap-south-1
svc-search,search-api,2025-06-01T08:15:00Z,200,0.561,s,agent-1,ap-south-1
svc-auth,auth-api,2025-05-25T06:00:00Z,200,171,ms,agent-1,ap-south-1
svc-payments,payments-api,2025-05-26T22:30:00Z,200,490,ms,agent-1,ap-south-1
svc-notify,notify-worker,2025-05-26T18:45:00Z,200,98,ms,agent-1,ap-south-1
svc-notify,notify-worker,2025-05-22T22:00:00Z,200,137,ms,agent-1,ap-south-1
svc-notify,notify-worker,2025-06-01T18:00:00Z,200,92,ms,agent-1,ap-south-1
svc-auth,auth-api,2025-05-30T17:45:00Z,200,181,ms,agent-1,ap-south-1
svc-payments,payments-api,2025-05-21T02:30:00Z,200,370,ms,agent-2,ap-south-1
svc-reports,reports-api,2025-05-26T19:15:00Z,200,451,ms,agent-1,ap-south-1
svc-payments,payments-api,2025-05-19T15:30:00Z,200,392,ms,agent-1,ap-south-1
svc-payments,payments-api,2025-05-22T03:30:00Z,200,446,ms,agent-1,ap-south-1
svc-search,search-api,2025-06-01T06:15:00Z,200,0.635,s,agent-1,ap-south-1
svc-auth,auth-api,2025-05-26T00:00:00Z,200,142,ms,agent-1,ap-south-1
svc-reports,reports-api,2025-05-25T21:15:00Z,200,844,ms,agent-1,ap-south-1
svc-payments,payments-api,2025-05-28T05:15:00Z,200,346,ms,agent-1,ap-south-1
svc-search,search-api,2025-05-21T20:45:00Z,200,0.453,s,agent-1,ap-south-1
svc-search,search-api,2025-05-27T15:45:00Z,200,0.403,s,agent-1,ap-south-1
svc-payments,payments-api,2025-06-01T13:45:00Z,200,454,ms,agent-1,ap-south-1
svc-notify,notify-worker,2025-05-22T21:00:00Z,200,106,ms,agent-1,ap-south-1
svc-auth,auth-api,2025-05-29T15:15:00Z,200,132,ms,agent-1,ap-south-1
svc-auth,auth-api,2025-05-20T10:00:00Z,200,145,ms,agent-1,ap-south-1
svc-payments,payments-api,2025-05-27T11:30:00Z,200,297,ms,agent-1,ap-south-1
svc-auth,auth-api,2025-05-21T20:00:00Z,200,101,ms,agent-1,ap-south-1
svc-reports,reports-api,2025-05-30T20:45:00Z,503,727,ms,agent-2,ap-south-1
svc-search,search-api,2025-05-25T22:15:00Z,200,0.473,s,agent-1,ap-south-1
svc-reports,reports-api,2025-05-22T23:00:00Z,200,798,ms,agent-1,ap-south-1
svc-notify,notify-worker,2025-05-27T15:45:00Z,200,92,ms,agent-1,ap-south-1
svc-auth,auth-api,2025-05-23T04:45:00Z,200,157,ms,agent-1,ap-south-1
svc-search,search-api,2025-05-20T19:45:00Z,200,0.66,s,agent-1,ap-south-1
svc-auth,auth-api,2025-06-01T10:00:00Z,200,125,ms,agent-1,ap-south-1
svc-search,search-api,2025-05-28T16:15:00Z,200,0.477,s,agent-2,ap-south-1
svc-payments,payments-api,2025-05-21T15:15:00Z,200,324,ms,agent-1,ap-south-1
svc-auth,auth-api,2025-05-22T04:45:00Z,200,103,ms,agent-1,ap-south-1
svc-payments,payments-api,2025-05-20T01:45:00Z,200,295,ms,agent-1,ap-south-1
svc-payments,payments-api,2025-05-25T19:00:00Z,200,480,ms,agent-2,ap-south-1
svc-payments,payments-api,2025-05-30T13:00:00Z,200,291,ms,agent-1,ap-south-1
svc-notify,notify-worker,2025-05-31T06:15:00Z,200,146,ms,agent-2,ap-south-1
svc-reports,reports-api,2025-06-01T12:45:00Z,200,856,ms,agent-1,ap-south-1
svc-search,search-api,2025-05-27T16:45:00Z,200,0.551,s,agent-1,ap-south-1
svc-reports,reports-api,2025-05-20T06:30:00Z,200,667,ms,agent-2,ap-south-1
svc-search,search-api,2025-05-26T18:30:00Z,200,0.371,s,agent-1,ap-south-1
svc-reports,reports-api,2025-05-26T12:00:00Z,200,644,ms,agent-1,ap-south-1
svc-reports,reports-api,2025-06-01T10:00:00Z,200,810,ms,agent-1,ap-south-1
svc-reports,reports-api,2025-05-30T00:30:00Z,200,451,ms,agent-1,ap-south-1
svc-search,search-api,2025-05-21T06:15:00Z,200,0.577,s,agent-1,ap-south-1
svc-reports,reports-api,2025-05-26T11:45:00Z,200,457,ms,agent-1,ap-south-1
svc-payments,payments-api,2025-05-29T01:15:00Z,200,425,ms,agent-1,ap-south-1
svc-reports,reports-api,2025-05-28T10:15:00Z,200,552,ms,agent-1,ap-south-1
svc-search,search-api,2025-05-22T04:00:00Z,200,0.4,s,agent-1,ap-south-1
svc-payments,payments-api,2025-05-23T18:00:00Z,200,437,ms,agent-2,ap-south-1
svc-reports,reports-api,2025-05-22T22:00:00Z,200,643,ms,agent-1,ap-south-1
svc-notify,notify-worker,2025-05-25T00:15:00Z,200,90,ms,agent-1,ap-south-1
svc-notify,notify-worker,2025-05-26T22:30:00Z,200,82,ms,agent-1,ap-south-1
svc-search,search-api,2025-05-19T05:30:00Z,200,0.606,s,agent-1,ap-south-1
svc-auth,auth-api,2025-05-21T21:15:00Z,200,188,ms,agent-1,ap-south-1
svc-auth,auth-api,2025-05-27T06:45:00Z,200,151,ms,agent-1,ap-south-1
svc-search,search-api,2025-05-23T01:30:00Z,200,0.71,s,agent-2,ap-south-1
svc-notify,notify-worker,2025-05-21T09:30:00Z,200,151,ms,agent-1,ap-south-1
svc-auth,auth-api,2025-05-20T16:15:00Z,200,117,ms,agent-2,ap-south-1
svc-payments,payments-api,2025-05-31T23:30:00Z,200,345,ms,agent-1,ap-south-1
svc-auth,auth-api,2025-05-19T12:30:00Z,200,153,ms,agent-1,ap-south-1
svc-payments,payments-api,2025-05-21T06:30:00Z,200,470,ms,agent-1,ap-south-1
svc-search,search-api,2025-05-24T08:45:00Z,200,0.417,s,agent-1,ap-south-1
svc-search,search-api,2025-05-22T12:30:00Z,200,0.623,s,agent-1,ap-south-1
svc-search,search-api,2025-05-27T01:30:00Z,200,0.693,s,agent-1,ap-south-1
svc-auth,auth-api,2025-05-31T20:45:00Z,200,156,ms,agent-1,ap-south-1
svc-reports,reports-api,2025-05-28T16:00:00Z,200,816,ms,agent-1,ap-south-1
svc-search,search-api,2025-05-30T15:15:00Z,200,0.651,s,agent-1,ap-south-1
svc-reports,reports-api,2025-05-30T11:30:00Z,200,567,ms,agent-1,ap-south-1
svc-notify,notify-worker,2025-05-28T14:15:00Z,200,112,ms,agent-1,ap-south-1
svc-search,search-api,2025-05-27T23:15:00Z,200,0.707,s,agent-1,ap-south-1
svc-notify,notify-worker,2025-05-28T21:00:00Z,200,76,ms,agent-1,ap-south-1
svc-search,search-api,2025-05-25T22:45:00Z,200,0.428,s,agent-2,ap-south-1
svc-reports,reports-api,2025-05-19T15:30:00Z,200,627,ms,agent-1,ap-south-1
svc-payments,payments-api,2025-05-21T08:15:00Z,200,422,ms,agent-1,ap-south-1
svc-reports,reports-api,2025-05-24T01:15:00Z,200,540,ms,agent-1,ap-south-1
svc-auth,auth-api,2025-05-27T18:30:00Z,200,152,ms,agent-1,ap-south-1
svc-auth,auth-api,2025-05-22T01:30:00Z,200,132,ms,agent-2,ap-south-1
svc-auth,auth-api,2025-06-01T03:45:00Z,200,99,ms,agent-1,ap-south-1
svc-notify,notify-worker,2025-05-28T09:45:00Z,200,143,ms,agent-1,ap-south-1
svc-reports,reports-api,2025-05-25T22:30:00Z,200,828,ms,agent-1,ap-south-1
svc-notify,notify-worker,2025-05-24T13:45:00Z,200,134,ms,agent-1,ap-south-1
svc-search,search-api,2025-05-27T14:00:00Z,200,0.688,s,agent-1,ap-south-1
svc-search,search-api,2025-05-22T23:15:00Z,200,0.405,s,agent-1,ap-south-1
svc-auth,auth-api,2025-05-26T22:00:00Z,200,182,ms,agent-2,ap-south-1
svc-notify,notify-worker,2025-05-22T18:15:00+05:30,200,150,ms,agent-1,ap-south-1
svc-search,search-api,2025-05-20T07:30:00Z,200,0.537,s,agent-1,ap-south-1
svc-notify,notify-worker,2025-05-29T09:45:00Z,200,,ms,agent-1,ap-south-1
svc-search,search-api,2025-05-25T00:45:00Z,200,0.426,s,agent-1,ap-south-1
svc-search,search-api,2025-05-30T02:00:00Z,200,0.61,s,agent-2,ap-south-1
svc-payments,payments-api,2025-05-26T20:00:00Z,200,345,ms,agent-1,ap-south-1
svc-auth,auth-api,2025-05-28T18:00:00Z,200,186,ms,agent-2,ap-south-1
svc-reports,reports-api,2025-05-19T23:45:00Z,200,510,ms,agent-1,ap-south-1
svc-payments,payments-api,2025-05-19T11:45:00Z,200,371,ms,agent-1,ap-south-1
svc-search,search-api,2025-05-24T01:15:00Z,200,0.523,s,agent-1,ap-south-1
svc-notify,notify-worker,2025-05-20T23:45:00Z,200,140,ms,agent-1,ap-south-1
svc-search,search-api,2025-05-28T04:15:00Z,200,0.544,s,agent-1,ap-south-1
svc-payments,payments-api,2025-05-26T07:00:00Z,200,379,ms,agent-1,ap-south-1
svc-auth,auth-api,2025-06-01T14:45:00Z,200,124,ms,agent-1,ap-south-1
svc-reports,reports-api,2025-05-29T10:15:00Z,200,528,ms,agent-1,ap-south-1
svc-search,search-api,2025-06-01T09:45:00Z,200,0.441,s,agent-1,ap-south-1
svc-reports,reports-api,2025-05-22T13:45:00Z,200,789,ms,agent-1,ap-south-1
svc-reports,reports-api,2025-05-26T16:00:00Z,200,781,ms,agent-1,ap-south-1
svc-payments,payments-api,2025-05-29T16:15:00Z,200,305,ms,agent-1,ap-south-1
svc-payments,payments-api,2025-05-23T22:30:00Z,200,490,ms,agent-1,ap-south-1
svc-search,search-api,2025-05-31T20:15:00Z,200,0.638,s,agent-1,ap-south-1
svc-auth,auth-api,2025-05-24T14:45:00Z,200,106,ms,agent-1,ap-south-1
svc-search,search-api,2025-05-23T07:30:00Z,200,0.625,s,agent-1,ap-south-1
svc-auth,auth-api,2025-05-23T03:45:00Z,200,179,ms,agent-1,ap-south-1
svc-notify,notify-worker,2025-05-31T07:45:00Z,200,83,ms,agent-1,ap-south-1
svc-auth,auth-api,2025-05-30T03:15:00Z,200,130,ms,agent-1,ap-south-1
svc-payments,payments-api,2025-05-25T22:00:00Z,200,480,ms,agent-1,ap-south-1
svc-notify,notify-worker,2025-05-27T18:30:00Z,200,140,ms,agent-1,ap-south-1
svc-search,search-api,2025-05-28T16:00:00Z,200,0.381,s,agent-1,ap-south-1
svc-payments,payments-api,2025-05-22T14:00:00Z,200,467,ms,agent-1,ap-south-1
svc-payments,payments-api,2025-05-28T20:15:00Z,200,341,ms,agent-1,ap-south-1
svc-notify,notify-worker,2025-05-23T09:00:00Z,200,97,ms,agent-1,ap-south-1
svc-search,search-api,2025-05-24T04:15:00Z,200,0.63,s,agent-1,ap-south-1
svc-payments,payments-api,2025-06-01T08:15:00Z,200,340,ms,agent-1,ap-south-1
svc-notify,notify-worker,2025-05-29T03:30:00+05:30,200,84,ms,agent-1,ap-south-1
svc-auth,auth-api,2025-05-22T01:45:00Z,200,128,ms,agent-1,ap-south-1
svc-payments,payments-api,2025-05-29T18:15:00Z,200,424,ms,agent-1,ap-south-1
svc-reports,reports-api,2025-05-29T19:00:00Z,200,625,ms,agent-1,ap-south-1
svc-notify,notify-worker,2025-05-30T17:45:00Z,200,146,ms,agent-1,ap-south-1
svc-auth,auth-api,2025-05-29T13:45:00Z,200,176,ms,agent-1,ap-south-1
svc-reports,reports-api,2025-05-30T05:15:00Z,200,766,ms,agent-1,ap-south-1
svc-reports,reports-api,2025-05-22T09:45:00Z,200,618,ms,agent-1,ap-south-1
svc-payments,payments-api,2025-05-22T15:00:00Z,200,371,ms,agent-1,ap-south-1
svc-search,search-api,2025-05-24T16:45:00Z,200,0.623,s,agent-1,ap-south-1
svc-payments,payments-api,2025-05-24T22:30:00Z,200,405,ms,agent-1,ap-south-1
svc-reports,reports-api,2025-05-29T06:30:00Z,200,479,ms,agent-2,ap-south-1
svc-payments,payments-api,2025-06-01T21:15:00Z,200,353,ms,agent-1,ap-south-1
svc-notify,notify-worker,2025-05-19T15:30:00Z,500,309,ms,agent-1,ap-south-1
svc-auth,auth-api,2025-05-19T09:45:00Z,200,105,ms,agent-1,ap-south-1
svc-payments,payments-api,2025-05-29T04:00:00Z,200,367,ms,agent-1,ap-south-1
svc-auth,auth-api,2025-05-31T19:30:00Z,200,112,ms,agent-1,ap-south-1
svc-payments,payments-api,2025-05-27T18:00:00Z,200,269,ms,agent-1,ap-south-1
svc-payments,payments-api,2025-05-23T07:15:00Z,200,289,ms,agent-1,ap-south-1
svc-notify,notify-worker,1748414700,200,92,ms,agent-1,ap-south-1
svc-payments,payments-api,2025-05-25T14:00:00Z,200,359,ms,agent-1,ap-south-1
svc-auth,auth-api,2025-05-19T04:00:00Z,200,190,ms,agent-1,ap-south-1
svc-payments,payments-api,2025-05-22T02:15:00Z,200,413,ms,agent-2,ap-south-1
svc-search,search-api,2025-05-23T06:00:00Z,200,0.554,s,agent-1,ap-south-1
svc-search,search-api,2025-05-20T20:15:00Z,200,0.586,s,agent-2,ap-south-1
svc-search,search-api,2025-05-25T17:45:00Z,200,0.426,s,agent-1,ap-south-1
svc-reports,reports-api,2025-05-25T11:30:00Z,200,626,ms,agent-1,ap-south-1
svc-reports,reports-api,2025-05-29T14:30:00Z,200,487,ms,agent-1,ap-south-1
svc-search,search-api,2025-05-20T04:30:00Z,200,0.45,s,agent-1,ap-south-1
svc-payments,payments-api,2025-05-21T10:30:00Z,200,379,ms,agent-1,ap-south-1
svc-search,search-api,2025-05-23T02:00:00Z,200,0.494,s,agent-1,ap-south-1
svc-auth,auth-api,2025-05-27T06:30:00Z,200,,ms,agent-1,ap-south-1
svc-notify,notify-worker,2025-05-24T18:00:00Z,200,106,ms,agent-1,ap-south-1
svc-payments,payments-api,2025-05-26T20:45:00Z,200,249,ms,agent-1,ap-south-1
svc-search,search-api,2025-05-20T17:15:00Z,200,0.494,s,agent-1,ap-south-1
svc-payments,payments-api,2025-05-21T17:45:00Z,200,279,ms,agent-1,ap-south-1
svc-payments,payments-api,2025-05-31T12:45:00Z,200,256,ms,agent-2,ap-south-1
svc-reports,reports-api,2025-05-26T18:30:00Z,200,598,ms,agent-1,ap-south-1
svc-notify,notify-worker,2025-05-29T06:15:00Z,200,115,ms,agent-1,ap-south-1
svc-payments,payments-api,2025-05-19T06:00:00Z,200,358,ms,agent-1,ap-south-1
svc-reports,reports-api,2025-05-19T19:00:00Z,200,768,ms,agent-1,ap-south-1
svc-search,search-api,2025-05-22T01:15:00Z,200,0.598,s,agent-1,ap-south-1
svc-payments,payments-api,2025-05-28T18:15:00Z,200,313,ms,agent-1,ap-south-1
svc-notify,notify-worker,2025-05-26T06:30:00Z,200,115,ms,agent-1,ap-south-1
svc-payments,payments-api,2025-05-25T16:00:00Z,200,359,ms,agent-1,ap-south-1
svc-reports,reports-api,2025-05-19T23:15:00Z,200,466,ms,agent-1,ap-south-1
svc-auth,auth-api,2025-05-21T01:15:00Z,200,144,ms,agent-1,ap-south-1
svc-notify,notify-worker,2025-05-29T15:15:00Z,200,144,ms,agent-1,ap-south-1
svc-search,search-api,2025-05-20T01:45:00Z,200,0.478,s,agent-1,ap-south-1
svc-payments,payments-api,2025-05-30T22:15:00Z,200,481,ms,agent-1,ap-south-1
svc-reports,reports-api,2025-05-26T08:15:00Z,200,813,ms,agent-1,ap-south-1
svc-search,search-api,2025-05-25T05:15:00Z,200,0.613,s,agent-1,ap-south-1
svc-reports,reports-api,2025-05-31T14:45:00Z,200,567,ms,agent-2,ap-south-1
svc-search,search-api,2025-05-29T14:45:00Z,200,0.673,s,agent-1,ap-south-1
svc-search,search-api,2025-05-23T22:00:00Z,200,0.658,s,agent-1,ap-south-1
svc-notify,notify-worker,2025-05-25T07:45:00Z,200,277,ms,agent-1,ap-south-1
svc-auth,auth-api,2025-05-19T05:45:00Z,200,129,ms,agent-1,ap-south-1
svc-notify,notify-worker,2025-05-31T11:15:00Z,200,126,ms,agent-1,ap-south-1
svc-reports,reports-api,2025-05-21T19:45:00Z,200,740,ms,agent-1,ap-south-1
svc-reports,reports-api,2025-05-27T16:00:00Z,200,837,ms,agent-1,ap-south-1
svc-notify,notify-worker,2025-05-31T10:00:00Z,200,137,ms,agent-1,ap-south-1
svc-reports,reports-api,2025-05-29T08:15:00Z,200,731,ms,agent-1,ap-south-1
svc-payments,payments-api,2025-05-28T04:30:00Z,200,415,ms,agent-2,ap-south-1
svc-notify,notify-worker,2025-05-24T02:45:00Z,200,147,ms,agent-1,ap-south-1
svc-search,search-api,2025-06-01T23:15:00Z,200,0.561,s,agent-1,ap-south-1
svc-search,search-api,2025-05-23T05:00:00Z,200,0.634,s,agent-1,ap-south-1
svc-reports,reports-api,2025-05-28T20:30:00Z,200,854,ms,agent-1,ap-south-1
svc-notify,notify-worker,2025-05-24T14:00:00Z,200,96,ms,agent-1,ap-south-1
svc-notify,notify-worker,2025-05-24T13:30:00Z,200,131,ms,agent-1,ap-south-1
svc-payments,payments-api,2025-05-22T07:30:00Z,200,445,ms,agent-1,ap-south-1
svc-payments,payments-api,2025-06-01T15:45:00Z,200,,ms,agent-1,ap-south-1
svc-search,search-api,2025-05-21T18:45:00Z,200,0.64,s,agent-1,ap-south-1
svc-payments,payments-api,2025-05-21T14:15:00Z,200,281,ms,agent-1,ap-south-1
svc-search,search-api,2025-05-20T20:15:00Z,200,0.566,s,agent-1,ap-south-1
svc-payments,payments-api,2025-06-01T03:30:00Z,200,415,ms,agent-1,ap-south-1
svc-reports,reports-api,2025-05-29T21:15:00Z,200,550,ms,agent-2,ap-south-1
svc-auth,auth-api,2025-05-30T20:30:00Z,200,103,ms,agent-1,ap-south-1
svc-notify,notify-worker,2025-05-23T20:30:00Z,200,114,ms,agent-1,ap-south-1
svc-payments,payments-api,2025-05-25T10:30:00Z,200,337,ms,agent-1,ap-south-1
svc-search,search-api,2025-05-29T02:00:00Z,200,0.575,s,agent-1,ap-south-1
svc-search,search-api,2025-05-30T09:30:00Z,200,0.366,s,agent-1,ap-south-1
svc-notify,notify-worker,2025-05-23T09:30:00Z,200,138,ms,agent-1,ap-south-1
svc-reports,reports-api,2025-05-28T05:30:00Z,200,610,ms,agent-1,ap-south-1
svc-search,search-api,2025-05-21T20:00:00Z,200,0.425,s,agent-1,ap-south-1
svc-payments,payments-api,2025-05-24T07:15:00Z,200,354,ms,agent-1,ap-south-1
svc-reports,reports-api,2025-05-23T01:15:00Z,200,432,ms,agent-1,ap-south-1
svc-payments,payments-api,2025-05-28T14:00:00Z,200,287,ms,agent-1,ap-south-1
svc-payments,payments-api,2025-05-21T11:30:00Z,200,311,ms,agent-1,ap-south-1
svc-payments,payments-api,2025-05-29T01:30:00Z,200,474,ms,agent-1,ap-south-1
svc-auth,auth-api,2025-05-24T03:45:00Z,200,136,ms,agent-2,ap-south-1
svc-notify,notify-worker,2025-05-28T15:45:00Z,200,111,ms,agent-1,ap-south-1
svc-auth,auth-api,2025-05-20T13:15:00Z,200,176,ms,agent-1,ap-south-1
svc-auth,auth-api,2025-05-22T02:30:00Z,200,122,ms,agent-1,ap-south-1
svc-payments,payments-api,2025-05-26T02:15:00Z,200,264,ms,agent-1,ap-south-1
svc-search,search-api,2025-05-24T18:30:00Z,200,0.363,s,agent-1,ap-south-1
svc-reports,reports-api,2025-05-26T02:00:00Z,200,637,ms,agent-1,ap-south-1
svc-search,search-api,2025-05-25T07:15:00Z,200,0.524,s,agent-1,ap-south-1
svc-search,search-api,2025-05-21T08:00:00Z,200,0.546,s,agent-1,ap-south-1
svc-payments,payments-api,2025-05-22T15:45:00Z,200,371,ms,agent-1,ap-south-1
svc-payments,payments-api,2025-05-25T14:15:00Z,200,443,ms,agent-1,ap-south-1
svc-auth,auth-api,2025-06-01T14:30:00Z,200,188,ms,agent-1,ap-south-1
svc-search,search-api,2025-05-22T17:15:00Z,200,0.488,s,agent-1,ap-south-1
svc-auth,auth-api,2025-05-19T09:00:00Z,200,103,ms,agent-2,ap-south-1
svc-payments,payments-api,2025-05-28T12:15:00Z,200,431,ms,agent-1,ap-south-1
svc-notify,notify-worker,2025-05-25T12:15:00Z,200,109,ms,agent-1,ap-south-1
svc-reports,reports-api,2025-05-22T11:30:00Z,200,586,ms,agent-1,ap-south-1
svc-search,search-api,2025-05-24T05:00:00Z,200,0.607,s,agent-1,ap-south-1
svc-search,search-api,2025-05-31T00:30:00Z,200,0.664,s,agent-1,ap-south-1
svc-auth,auth-api,2025-05-23T18:45:00Z,200,145,ms,agent-1,ap-south-1
svc-auth,auth-api,2025-05-27T23:00:00Z,200,114,ms,agent-1,ap-south-1
svc-payments,payments-api,2025-05-26T03:15:00Z,200,459,ms,agent-1,ap-south-1
svc-notify,notify-worker,2025-05-24T00:45:00Z,200,116,ms,agent-1,ap-south-1
svc-payments,payments-api,2025-05-31T07:30:00Z,200,446,ms,agent-1,ap-south-1
svc-reports,reports-api,2025-05-26T02:45:00Z,200,577,ms,agent-2,ap-south-1
svc-notify,notify-worker,2025-05-26T07:30:00Z,200,118,ms,agent-1,ap-south-1
svc-search,search-api,2025-05-20T13:45:00Z,200,0.692,s,agent-2,ap-south-1
svc-payments,payments-api,2025-05-26T21:45:00Z,200,261,ms,agent-1,ap-south-1
svc-notify,notify-worker,2025-05-20T23:00:00Z,200,121,ms,agent-1,ap-south-1
svc-search,search-api,2025-05-26T07:00:00Z,200,0.523,s,agent-1,ap-south-1
svc-notify,notify-worker,2025-05-29T01:30:00Z,200,101,ms,agent-1,ap-south-1
svc-auth,auth-api,2025-05-27T22:15:00Z,200,153,ms,agent-2,ap-south-1
svc-payments,payments-api,2025-05-30T07:30:00Z,200,297,ms,agent-1,ap-south-1
svc-auth,auth-api,2025-05-20T03:30:00Z,200,185,ms,agent-1,ap-south-1
svc-search,search-api,2025-05-21T21:15:00Z,200,0.613,s,agent-1,ap-south-1
svc-auth,auth-api,2025-05-22T11:45:00Z,200,143,ms,agent-1,ap-south-1
svc-auth,auth-api,2025-05-30T07:15:00Z,200,167,ms,agent-1,ap-south-1
svc-search,search-api,2025-05-24T11:15:00Z,200,0.467,s,agent-1,ap-south-1
svc-search,search-api,2025-06-01T18:15:00Z,200,0.392,s,agent-1,ap-south-1
svc-notify,notify-worker,2025-05-22T02:30:00Z,200,112,ms,agent-1,ap-south-1
svc-search,search-api,2025-05-22T17:00:00Z,200,0.602,s,agent-2,ap-south-1
svc-search,search-api,2025-05-24T13:30:00Z,200,0.711,s,agent-1,ap-south-1
svc-auth,auth-api,2025-05-22T03:15:00Z,200,155,ms,agent-2,ap-south-1
svc-payments,payments-api,2025-05-21T18:30:00Z,200,292,ms,agent-2,ap-south-1
svc-notify,notify-worker,2025-05-29T10:30:00Z,200,114,ms,agent-1,ap-south-1
svc-auth,auth-api,2025-05-31T15:15:00Z,200,139,ms,agent-1,ap-south-1
svc-notify,notify-worker,2025-05-25T11:30:00Z,200,111,ms,agent-1,ap-south-1
svc-payments,payments-api,2025-05-26T04:45:00Z,200,342,ms,agent-1,ap-south-1
svc-payments,payments-api,2025-05-28T10:15:00Z,200,439,ms,agent-1,ap-south-1
svc-reports,reports-api,2025-05-27T15:00:00Z,200,459,ms,agent-1,ap-south-1
svc-reports,reports-api,2025-05-20T10:15:00Z,200,733,ms,agent-2,ap-south-1
svc-notify,notify-worker,2025-05-21T06:30:00Z,200,132,ms,agent-2,ap-south-1
svc-payments,payments-api,2025-05-23T07:00:00Z,200,313,ms,agent-1,ap-south-1
svc-reports,reports-api,2025-05-26T17:30:00Z,200,486,ms,agent-2,ap-south-1
svc-auth,auth-api,2025-05-24T02:45:00Z,200,117,ms,agent-1,ap-south-1
svc-auth,auth-api,2025-05-23T17:15:00Z,200,121,ms,agent-1,ap-south-1
svc-search,search-api,2025-05-30T02:45:00Z,200,0.715,s,agent-1,ap-south-1
svc-auth,auth-api,2025-05-21T10:30:00Z,200,122,ms,agent-1,ap-south-1
svc-notify,notify-worker,2025-05-27T08:15:00Z,200,93,ms,agent-1,ap-south-1
svc-payments,payments-api,2025-05-19T13:15:00Z,200,483,ms,agent-1,ap-south-1
svc-reports,reports-api,2025-05-23T15:30:00Z,200,523,ms,agent-1,ap-south-1
svc-auth,auth-api,2025-05-23T23:15:00Z,200,187,ms,agent-1,ap-south-1
svc-search,search-api,2025-05-19T13:00:00Z,200,0.712,s,agent-1,ap-south-1
svc-payments,payments-api,2025-05-28T04:45:00Z,200,481,ms,agent-1,ap-south-1
svc-notify,notify-worker,2025-05-28T02:30:00Z,200,120,ms,agent-1,ap-south-1
svc-auth,auth-api,2025-05-20T06:00:00Z,200,131,ms,agent-1,ap-south-1
svc-reports,reports-api,2025-05-21T00:30:00Z,200,767,ms,agent-1,ap-south-1
svc-payments,payments-api,2025-05-24T02:00:00Z,200,468,ms,agent-1,ap-south-1
svc-search,search-api,2025-05-21T02:30:00Z,200,0.557,s,agent-1,ap-south-1
svc-search,search-api,2025-05-30T14:30:00Z,200,0.667,s,agent-1,ap-south-1
svc-search,search-api,2025-05-23T08:45:00Z,200,0.622,s,agent-2,ap-south-1
svc-notify,notify-worker,2025-05-27T06:45:00Z,200,122,ms,agent-1,ap-south-1
svc-reports,reports-api,2025-05-20T11:45:00Z,200,556,ms,agent-1,ap-south-1
svc-auth,auth-api,2025-05-30T16:30:00Z,200,99,ms,agent-2,ap-south-1
svc-notify,notify-worker,2025-05-23T01:15:00Z,200,77,ms,agent-1,ap-south-1
svc-search,search-api,2025-05-24T07:00:00Z,200,0.373,s,agent-1,ap-south-1
svc-reports,reports-api,2025-05-27T22:30:00Z,200,631,ms,agent-1,ap-south-1
svc-notify,notify-worker,2025-05-21T19:15:00Z,200,125,ms,agent-1,ap-south-1
svc-search,search-api,2025-05-31T23:00:00Z,200,0.468,s,agent-1,ap-south-1
svc-notify,notify-worker,2025-05-31T22:30:00Z,200,80,ms,agent-1,ap-south-1
svc-search,search-api,2025-05-27T01:00:00Z,200,0.383,s,agent-1,ap-south-1
svc-auth,auth-api,2025-05-25T01:15:00Z,200,97,ms,agent-1,ap-south-1
svc-reports,reports-api,2025-05-20T03:00:00Z,200,855,ms,agent-1,ap-south-1
svc-reports,reports-api,2025-05-27T20:00:00Z,200,675,ms,agent-1,ap-south-1
svc-search,search-api,2025-05-22T10:30:00Z,200,0.558,s,agent-1,ap-south-1
svc-reports,reports-api,2025-05-19T03:15:00Z,200,755,ms,agent-1,ap-south-1
svc-search,search-api,2025-05-19T09:15:00Z,200,0.651,s,agent-1,ap-south-1
svc-reports,reports-api,2025-05-22T06:30:00Z,200,559,ms,agent-1,ap-south-1
svc-reports,reports-api,2025-05-30T17:00:00Z,200,600,ms,agent-1,ap-south-1
svc-notify,notify-worker,2025-05-25T18:30:00Z,200,88,ms,agent-1,ap-south-1
svc-reports,reports-api,2025-05-29T23:15:00Z,200,791,ms,agent-2,ap-south-1
svc-reports,reports-api,2025-05-31T15:30:00Z,200,719,ms,agent-1,ap-south-1
svc-auth,auth-api,2025-05-24T17:15:00Z,200,114,ms,agent-1,ap-south-1
svc-notify,notify-worker,2025-05-26T10:45:00Z,200,86,ms,agent-1,ap-south-1
svc-payments,payments-api,2025-05-23T12:45:00Z,200,355,ms,agent-1,ap-south-1
svc-payments,payments-api,2025-05-30T15:15:00Z,200,346,ms,agent-1,ap-south-1
svc-payments,payments-api,2025-05-24T10:30:00Z,200,265,ms,agent-1,ap-south-1
svc-search,search-api,2025-05-24T17:45:00Z,200,0.486,s,agent-1,ap-south-1
svc-notify,notify-worker,2025-05-25T20:30:00Z,200,148,ms,agent-1,ap-south-1
svc-search,search-api,2025-06-01T12:45:00Z,200,0.416,s,agent-1,ap-south-1
svc-search,search-api,2025-05-30T12:15:00Z,200,0.393,s,agent-1,ap-south-1
svc-notify,notify-worker,2025-05-20T03:00:00Z,200,130,ms,agent-1,ap-south-1
svc-search,search-api,2025-05-31T04:30:00Z,200,0.691,s,agent-1,ap-south-1
svc-reports,reports-api,2025-05-19T13:00:00Z,200,721,ms,agent-1,ap-south-1
svc-auth,auth-api,2025-05-19T05:00:00Z,200,129,ms,agent-1,ap-south-1
svc-search,search-api,2025-06-01T19:45:00Z,200,0.422,s,agent-1,ap-south-1
svc-payments,payments-api,2025-05-27T07:00:00Z,200,468,ms,agent-1,ap-south-1
svc-auth,auth-api,2025-05-29T10:45:00Z,200,132,ms,agent-1,ap-south-1
svc-notify,notify-worker,2025-05-20T16:45:00Z,200,111,ms,agent-1,ap-south-1
svc-notify,notify-worker,2025-05-21T21:45:00Z,200,115,ms,agent-1,ap-south-1
svc-auth,auth-api,2025-05-24T00:15:00Z,500,131,ms,agent-1,ap-south-1
svc-reports,reports-api,2025-05-31T01:45:00Z,200,593,ms,agent-1,ap-south-1
svc-auth,auth-api,2025-05-21T07:45:00Z,200,,ms,agent-1,ap-south-1
svc-search,search-api,2025-05-29T06:30:00Z,200,0.713,s,agent-1,ap-south-1
svc-reports,reports-api,2025-05-27T08:00:00Z,200,511,ms,agent-1,ap-south-1
svc-auth,auth-api,2025-05-23T15:00:00Z,200,182,ms,agent-1,ap-south-1
svc-search,search-api,2025-05-29T23:15:00Z,200,0.377,s,agent-1,ap-south-1
svc-search,search-api,2025-05-29T06:00:00Z,200,0.417,s,agent-1,ap-south-1
svc-notify,notify-worker,2025-05-27T12:00:00Z,200,95,ms,agent-1,ap-south-1
svc-notify,notify-worker,2025-05-22T16:30:00Z,200,144,ms,agent-1,ap-south-1
svc-reports,reports-api,2025-05-20T02:45:00Z,200,737,ms,agent-1,ap-south-1
svc-payments,payments-api,2025-05-22T01:15:00Z,200,459,ms,agent-1,ap-south-1
svc-reports,reports-api,2025-05-22T11:00:00Z,200,741,ms,agent-1,ap-south-1
svc-reports,reports-api,2025-05-30T20:45:00Z,503,751,ms,agent-1,ap-south-1
svc-reports,reports-api,2025-05-30T15:00:00Z,200,819,ms,agent-1,ap-south-1
svc-notify,notify-worker,2025-05-21T21:00:00Z,200,80,ms,agent-1,ap-south-1
svc-auth,auth-api,2025-05-22T02:00:00Z,200,154,ms,agent-1,ap-south-1
svc-reports,reports-api,2025-05-21T21:00:00Z,200,848,ms,agent-1,ap-south-1
svc-payments,payments-api,2025-05-22T07:15:00Z,200,338,ms,agent-1,ap-south-1
svc-auth,auth-api,2025-05-27T11:45:00Z,200,111,ms,agent-1,ap-south-1
svc-reports,reports-api,2025-05-27T20:15:00Z,200,519,ms,agent-1,ap-south-1
svc-search,search-api,2025-05-28T23:30:00Z,200,0.467,s,agent-1,ap-south-1
svc-auth,auth-api,2025-05-25T19:00:00Z,200,174,ms,agent-1,ap-south-1
svc-search,search-api,2025-05-28T18:15:00Z,503,0.616,s,agent-1,ap-south-1
svc-payments,payments-api,2025-05-21T22:00:00Z,200,474,ms,agent-1,ap-south-1
svc-notify,notify-worker,2025-05-23T20:15:00Z,200,112,ms,agent-1,ap-south-1
svc-auth,auth-api,2025-05-28T23:00:00Z,200,151,ms,agent-1,ap-south-1
svc-reports,reports-api,2025-05-19T12:45:00Z,200,676,ms,agent-1,ap-south-1
svc-reports,reports-api,2025-05-19T22:00:00Z,200,446,ms,agent-1,ap-south-1
svc-payments,payments-api,2025-05-25T14:30:00Z,200,282,ms,agent-1,ap-south-1
svc-auth,auth-api,2025-05-29T06:00:00Z,200,151,ms,agent-1,ap-south-1
svc-auth,auth-api,2025-05-19T13:15:00Z,200,97,ms,agent-1,ap-south-1
svc-auth,auth-api,2025-05-22T21:30:00Z,200,176,ms,agent-1,ap-south-1
svc-payments,payments-api,2025-05-30T13:30:00Z,200,345,ms,agent-1,ap-south-1
svc-reports,reports-api,2025-05-24T08:00:00Z,200,752,ms,agent-1,ap-south-1
svc-auth,auth-api,2025-05-22T00:15:00Z,200,178,ms,agent-1,ap-south-1
svc-reports,reports-api,2025-05-23T04:15:00Z,200,855,ms,agent-1,ap-south-1
svc-reports,reports-api,2025-05-22T19:30:00Z,200,595,ms,agent-1,ap-south-1
svc-reports,reports-api,2025-05-29T14:15:00Z,200,515,ms,agent-1,ap-south-1
svc-auth,auth-api,2025-05-31T15:45:00Z,200,127,ms,agent-1,ap-south-1
svc-payments,payments-api,2025-05-22T23:15:00Z,200,443,ms,agent-1,ap-south-1
svc-auth,auth-api,2025-05-29T21:15:00Z,200,191,ms,agent-1,ap-south-1
svc-reports,reports-api,2025-05-22T16:15:00Z,200,559,ms,agent-2,ap-south-1
svc-reports,reports-api,2025-05-31T19:45:00Z,200,489,ms,agent-1,ap-south-1
svc-reports,reports-api,2025-06-01T03:15:00Z,200,622,ms,agent-1,ap-south-1
svc-payments,payments-api,2025-05-29T08:30:00Z,200,397,ms,agent-1,ap-south-1
svc-reports,reports-api,2025-05-29T22:30:00Z,200,777,ms,agent-1,ap-south-1
svc-payments,payments-api,2025-05-29T13:30:00Z,200,460,ms,agent-1,ap-south-1
svc-payments,payments-api,2025-05-30T23:15:00Z,200,438,ms,agent-1,ap-south-1
svc-search,search-api,2025-05-28T10:45:00Z,200,0.345,s,agent-2,ap-south-1
svc-search,search-api,2025-06-01T22:45:00Z,200,0.441,s,agent-1,ap-south-1
svc-payments,payments-api,2025-05-27T21:15:00Z,200,279,ms,agent-1,ap-south-1
svc-search,search-api,2025-05-28T07:00:00Z,200,0.467,s,agent-1,ap-south-1
svc-search,search-api,2025-05-29T04:15:00Z,200,0.676,s,agent-2,ap-south-1
svc-payments,payments-api,2025-05-31T11:45:00Z,200,431,ms,agent-1,ap-south-1
svc-payments,payments-api,2025-05-22T05:15:00Z,200,461,ms,agent-2,ap-south-1
svc-notify,notify-worker,2025-05-28T01:15:00Z,200,90,ms,agent-1,ap-south-1
svc-search,search-api,2025-05-29T02:30:00Z,200,0.553,s,agent-1,ap-south-1
svc-reports,reports-api,2025-05-31T17:30:00Z,200,558,ms,agent-1,ap-south-1
svc-reports,reports-api,2025-05-24T00:45:00Z,200,568,ms,agent-1,ap-south-1
svc-payments,payments-api,2025-05-23T08:00:00Z,200,367,ms,agent-1,ap-south-1
svc-payments,payments-api,2025-05-28T18:00:00Z,200,316,ms,agent-2,ap-south-1
svc-payments,payments-api,2025-05-21T03:30:00Z,200,442,ms,agent-1,ap-south-1
svc-auth,auth-api,2025-05-21T02:00:00Z,200,146,ms,agent-1,ap-south-1
svc-search,search-api,2025-05-27T00:00:00Z,200,0.385,s,agent-1,ap-south-1
svc-notify,notify-worker,2025-05-24T09:15:00Z,200,101,ms,agent-1,ap-south-1
svc-notify,notify-worker,2025-05-28T07:00:00Z,200,111,ms,agent-1,ap-south-1
svc-search,search-api,2025-05-20T22:30:00Z,200,0.687,s,agent-1,ap-south-1
svc-auth,auth-api,2025-05-30T10:00:00Z,200,156,ms,agent-1,ap-south-1
svc-auth,auth-api,2025-05-21T06:00:00Z,200,135,ms,agent-1,ap-south-1
svc-reports,reports-api,2025-05-21T16:30:00Z,200,613,ms,agent-1,ap-south-1
svc-reports,reports-api,2025-05-30T07:45:00Z,200,491,ms,agent-1,ap-south-1
svc-reports,reports-api,2025-05-31T08:45:00Z,200,783,ms,agent-1,ap-south-1
svc-auth,auth-api,2025-05-22T17:45:00Z,200,147,ms,agent-1,ap-south-1
svc-notify,notify-worker,2025-05-27T21:30:00Z,200,123,ms,agent-1,ap-south-1
svc-reports,reports-api,2025-05-20T05:45:00Z,200,587,ms,agent-1,ap-south-1
svc-reports,reports-api,2025-05-29T03:15:00Z,200,701,ms,agent-1,ap-south-1
svc-notify,notify-worker,2025-05-30T01:30:00Z,200,139,ms,agent-1,ap-south-1
svc-reports,reports-api,2025-06-01T23:00:00Z,200,799,ms,agent-1,ap-south-1
svc-reports,reports-api,2025-05-21T04:45:00Z,200,447,ms,agent-1,ap-south-1
svc-notify,notify-worker,2025-06-01T11:45:00Z,200,94,ms,agent-1,ap-south-1
svc-auth,auth-api,2025-05-28T01:45:00Z,200,136,ms,agent-1,ap-south-1
svc-search,search-api,2025-05-24T00:45:00Z,200,0.385,s,agent-2,ap-south-1
svc-search,search-api,2025-05-31T23:45:00Z,200,0.556,s,agent-1,ap-south-1
svc-reports,reports-api,2025-05-19T13:30:00+05:30,200,862,ms,agent-1,ap-south-1
svc-payments,payments-api,2025-05-21T19:00:00+05:30,200,408,ms,agent-1,ap-south-1
svc-search,search-api,2025-05-29T07:15:00Z,200,0.425,s,agent-1,ap-south-1
svc-auth,auth-api,2025-05-24T03:45:00Z,200,128,ms,agent-1,ap-south-1
svc-search,search-api,2025-05-23T20:45:00Z,200,0.552,s,agent-1,ap-south-1
svc-reports,reports-api,2025-05-31T06:00:00Z,200,747,ms,agent-1,ap-south-1
svc-search,search-api,2025-06-01T10:00:00Z,200,0.41,s,agent-2,ap-south-1
svc-payments,payments-api,2025-05-23T23:30:00Z,200,289,ms,agent-1,ap-south-1
svc-payments,payments-api,2025-05-24T11:00:00Z,200,467,ms,agent-1,ap-south-1
svc-payments,payments-api,2025-05-28T12:30:00Z,200,323,ms,agent-1,ap-south-1
svc-notify,notify-worker,2025-05-24T16:45:00Z,200,122,ms,agent-1,ap-south-1
svc-reports,reports-api,2025-05-19T08:45:00Z,200,678,ms,agent-1,ap-south-1
svc-reports,reports-api,2025-06-01T10:45:00Z,200,856,ms,agent-1,ap-south-1
svc-payments,payments-api,2025-05-22T19:15:00Z,200,407,ms,agent-1,ap-south-1
svc-notify,notify-worker,2025-05-28T12:00:00Z,200,105,ms,agent-1,ap-south-1
svc-search,search-api,2025-05-26T03:30:00Z,200,0.382,s,agent-1,ap-south-1
svc-reports,reports-api,2025-06-01T05:15:00Z,200,506,ms,agent-1,ap-south-1
svc-reports,reports-api,2025-05-23T21:15:00Z,200,513,ms,agent-1,ap-south-1
svc-notify,notify-worker,2025-05-27T17:30:00Z,200,86,ms,agent-1,ap-south-1
svc-auth,auth-api,2025-05-21T12:00:00Z,200,191,ms,agent-1,ap-south-1
svc-auth,auth-api,2025-05-26T21:30:00Z,200,101,ms,agent-1,ap-south-1
svc-reports,reports-api,2025-05-25T06:15:00Z,200,598,ms,agent-1,ap-south-1
svc-notify,notify-worker,2025-05-28T00:15:00Z,200,98,ms,agent-1,ap-south-1
svc-payments,payments-api,2025-05-20T17:00:00Z,200,430,ms,agent-1,ap-south-1
svc-payments,payments-api,2025-05-21T00:15:00Z,200,360,ms,agent-1,ap-south-1
svc-search,search-api,2025-05-22T15:30:00Z,200,0.555,s,agent-1,ap-south-1
svc-notify,notify-worker,2025-05-26T17:00:00Z,200,147,ms,agent-1,ap-south-1
svc-auth,auth-api,2025-05-29T08:15:00Z,200,97,ms,agent-1,ap-south-1
svc-search,search-api,2025-05-31T09:30:00Z,200,0.406,s,agent-1,ap-south-1
svc-payments,payments-api,2025-05-19T16:15:00Z,200,384,ms,agent-1,ap-south-1
svc-auth,auth-api,2025-05-29T13:00:00Z,200,185,ms,agent-1,ap-south-1
svc-reports,reports-api,2025-05-23T08:15:00Z,200,568,ms,agent-1,ap-south-1
svc-auth,auth-api,2025-05-23T07:15:00Z,200,135,ms,agent-1,ap-south-1
svc-reports,reports-api,2025-05-27T12:00:00Z,200,488,ms,agent-1,ap-south-1
svc-search,search-api,2025-05-26T01:45:00Z,200,0.558,s,agent-1,ap-south-1
svc-reports,reports-api,2025-05-20T17:45:00Z,200,476,ms,agent-1,ap-south-1
svc-auth,auth-api,2025-05-25T23:00:00Z,200,150,ms,agent-1,ap-south-1
svc-search,search-api,2025-05-20T15:45:00Z,200,0.716,s,agent-1,ap-south-1
svc-payments,payments-api,1747854000,200,268,ms,agent-2,ap-south-1
svc-payments,payments-api,2025-05-28T23:30:00Z,200,336,ms,agent-1,ap-south-1
svc-reports,reports-api,2025-05-31T06:45:00Z,200,547,ms,agent-1,ap-south-1
svc-reports,reports-api,2025-05-29T03:00:00Z,200,469,ms,agent-1,ap-south-1
svc-search,search-api,2025-05-26T10:00:00Z,200,0.425,s,agent-1,ap-south-1
svc-notify,notify-worker,2025-05-26T20:30:00Z,200,129,ms,agent-1,ap-south-1
svc-payments,payments-api,2025-05-29T05:45:00Z,200,267,ms,agent-1,ap-south-1
svc-auth,auth-api,2025-05-30T04:00:00Z,200,151,ms,agent-1,ap-south-1
svc-payments,payments-api,2025-06-01T00:30:00Z,200,495,ms,agent-1,ap-south-1
svc-notify,notify-worker,2025-05-20T04:15:00Z,200,134,ms,agent-1,ap-south-1
svc-auth,auth-api,2025-05-29T23:00:00Z,200,127,ms,agent-1,ap-south-1
svc-reports,reports-api,2025-05-31T09:15:00Z,200,790,ms,agent-1,ap-south-1
svc-reports,reports-api,2025-05-24T23:15:00Z,200,776,ms,agent-1,ap-south-1
svc-reports,reports-api,2025-05-27T13:15:00Z,200,835,ms,agent-1,ap-south-1
svc-reports,reports-api,2025-05-21T10:45:00Z,200,850,ms,agent-1,ap-south-1
svc-search,search-api,2025-05-27T17:30:00Z,200,0.575,s,agent-1,ap-south-1
svc-notify,notify-worker,2025-05-24T23:15:00Z,200,77,ms,agent-1,ap-south-1
svc-reports,reports-api,2025-05-22T01:30:00Z,200,569,ms,agent-1,ap-south-1
svc-auth,auth-api,2025-05-22T11:00:00Z,200,114,ms,agent-1,ap-south-1
svc-search,search-api,2025-05-20T13:45:00+05:30,200,0.514,s,agent-1,ap-south-1
svc-notify,notify-worker,2025-05-24T19:30:00Z,200,95,ms,agent-1,ap-south-1
svc-search,search-api,2025-05-30T03:15:00Z,200,0.503,s,agent-1,ap-south-1
svc-search,search-api,2025-05-25T10:00:00Z,200,,s,agent-1,ap-south-1
svc-payments,payments-api,2025-05-25T22:45:00Z,200,317,ms,agent-1,ap-south-1
svc-notify,notify-worker,2025-06-01T07:15:00Z,200,145,ms,agent-1,ap-south-1
svc-auth,auth-api,2025-05-27T19:30:00Z,200,96,ms,agent-1,ap-south-1
svc-search,search-api,2025-05-22T10:45:00Z,200,0.661,s,agent-1,ap-south-1
svc-payments,payments-api,2025-05-24T01:15:00Z,200,259,ms,agent-1,ap-south-1
svc-notify,notify-worker,2025-05-21T04:30:00Z,200,108,ms,agent-1,ap-south-1
svc-search,search-api,2025-05-28T12:30:00Z,200,0.482,s,agent-1,ap-south-1
svc-auth,auth-api,2025-05-22T08:30:00Z,200,161,ms,agent-1,ap-south-1
svc-reports,reports-api,1748016000,200,808,ms,agent-1,ap-south-1
svc-notify,notify-worker,2025-06-01T09:00:00Z,200,76,ms,agent-1,ap-south-1
svc-search,search-api,2025-05-29T02:45:00Z,200,0.639,s,agent-1,ap-south-1
svc-reports,reports-api,2025-05-26T23:00:00Z,200,781,ms,agent-1,ap-south-1
svc-search,search-api,2025-05-30T20:45:00Z,200,0.437,s,agent-1,ap-south-1
svc-reports,reports-api,2025-05-26T10:00:00Z,200,754,ms,agent-1,ap-south-1
svc-payments,payments-api,2025-05-21T03:45:00Z,200,466,ms,agent-1,ap-south-1
svc-search,search-api,2025-05-27T11:00:00Z,200,0.503,s,agent-1,ap-south-1
svc-payments,payments-api,2025-05-28T22:45:00Z,200,379,ms,agent-1,ap-south-1
svc-search,search-api,2025-05-20T18:30:00Z,200,0.47,s,agent-1,ap-south-1
svc-search,search-api,2025-05-29T00:15:00Z,200,0.709,s,agent-1,ap-south-1
svc-search,search-api,2025-05-27T11:15:00Z,200,0.364,s,agent-1,ap-south-1
svc-reports,reports-api,2025-05-30T02:45:00Z,200,744,ms,agent-1,ap-south-1
svc-notify,notify-worker,2025-05-31T12:00:00Z,200,129,ms,agent-1,ap-south-1
svc-notify,notify-worker,2025-05-29T14:45:00Z,200,82,ms,agent-1,ap-south-1
svc-reports,reports-api,2025-05-21T17:15:00Z,200,575,ms,agent-1,ap-south-1
svc-payments,payments-api,2025-05-22T15:30:00Z,200,483,ms,agent-1,ap-south-1
svc-payments,payments-api,2025-05-22T20:15:00Z,200,386,ms,agent-1,ap-south-1
svc-auth,auth-api,2025-05-30T07:00:00Z,200,124,ms,agent-1,ap-south-1
svc-reports,reports-api,2025-05-26T23:30:00Z,200,540,ms,agent-1,ap-south-1
svc-search,search-api,2025-05-31T18:45:00Z,200,0.642,s,agent-1,ap-south-1
svc-notify,notify-worker,2025-05-24T06:00:00Z,200,88,ms,agent-1,ap-south-1
svc-payments,payments-api,2025-05-30T00:30:00Z,200,463,ms,agent-1,ap-south-1
svc-auth,auth-api,2025-05-27T02:30:00Z,200,100,ms,agent-1,ap-south-1
svc-payments,payments-api,2025-05-20T09:15:00Z,200,314,ms,agent-1,ap-south-1
svc-auth,auth-api,2025-05-25T22:45:00Z,200,171,ms,agent-2,ap-south-1
svc-payments,payments-api,2025-05-19T19:45:00Z,200,466,ms,agent-2,ap-south-1
svc-notify,notify-worker,2025-06-01T10:15:00Z,200,81,ms,agent-1,ap-south-1
svc-payments,payments-api,2025-05-24T17:30:00Z,200,410,ms,agent-1,ap-south-1
svc-auth,auth-api,2025-05-30T16:00:00Z,200,129,ms,agent-1,ap-south-1
svc-auth,auth-api,2025-05-19T21:45:00Z,200,131,ms,agent-1,ap-south-1
svc-search,search-api,2025-05-25T19:45:00Z,200,0.536,s,agent-1,ap-south-1
svc-payments,payments-api,1748064600,200,413,ms,agent-1,ap-south-1
svc-auth,auth-api,2025-05-21T23:45:00Z,200,152,ms,agent-1,ap-south-1
svc-auth,auth-api,2025-05-27T16:15:00Z,200,133,ms,agent-1,ap-south-1
svc-search,search-api,2025-05-29T04:45:00Z,200,0.42,s,agent-1,ap-south-1
svc-payments,payments-api,2025-05-27T23:00:00Z,200,442,ms,agent-1,ap-south-1
svc-payments,payments-api,2025-05-24T13:15:00Z,200,295,ms,agent-1,ap-south-1
svc-auth,auth-api,2025-06-01T12:00:00Z,200,114,ms,agent-1,ap-south-1
svc-reports,reports-api,2025-05-21T06:45:00Z,200,669,ms,agent-1,ap-south-1
svc-auth,auth-api,2025-05-23T20:45:00Z,200,98,ms,agent-1,ap-south-1
svc-search,search-api,2025-05-28T20:15:00Z,200,0.478,s,agent-1,ap-south-1
svc-reports,reports-api,2025-05-24T13:30:00Z,200,804,ms,agent-1,ap-south-1
svc-auth,auth-api,2025-05-26T13:45:00Z,200,182,ms,agent-1,ap-south-1
svc-auth,auth-api,2025-05-28T00:45:00Z,200,178,ms,agent-1,ap-south-1
svc-notify,notify-worker,2025-05-26T09:30:00Z,200,79,ms,agent-1,ap-south-1
svc-auth,auth-api,2025-05-19T20:00:00Z,200,123,ms,agent-1,ap-south-1
svc-auth,auth-api,2025-05-26T20:00:00Z,200,160,ms,agent-1,ap-south-1
svc-notify,notify-worker,2025-05-22T16:45:00Z,200,90,ms,agent-1,ap-south-1
svc-notify,notify-worker,2025-05-22T17:30:00Z,200,124,ms,agent-1,ap-south-1
svc-reports,reports-api,2025-05-28T04:15:00Z,200,645,ms,agent-1,ap-south-1
svc-reports,reports-api,2025-05-22T11:45:00Z,200,852,ms,agent-1,ap-south-1
svc-reports,reports-api,2025-05-21T23:45:00Z,200,564,ms,agent-1,ap-south-1
svc-payments,payments-api,2025-05-22T02:45:00Z,200,287,ms,agent-1,ap-south-1
svc-search,search-api,2025-05-22T13:30:00Z,200,0.611,s,agent-1,ap-south-1
svc-reports,reports-api,2025-05-30T07:15:00Z,200,800,ms,agent-1,ap-south-1
svc-auth,auth-api,2025-05-30T11:15:00Z,200,159,ms,agent-1,ap-south-1
svc-reports,reports-api,2025-05-22T16:45:00Z,200,822,ms,agent-1,ap-south-1
svc-auth,auth-api,2025-05-29T10:30:00Z,200,150,ms,agent-1,ap-south-1
svc-reports,reports-api,2025-05-24T13:45:00Z,200,663,ms,agent-1,ap-south-1
svc-auth,auth-api,2025-06-01T18:00:00Z,200,120,ms,agent-1,ap-south-1
svc-reports,reports-api,2025-05-25T18:45:00Z,200,575,ms,agent-1,ap-south-1
svc-reports,reports-api,2025-05-20T08:30:00Z,200,719,ms,agent-1,ap-south-1
svc-payments,payments-api,2025-05-27T04:30:00Z,200,420,ms,agent-1,ap-south-1
svc-payments,payments-api,2025-05-21T16:00:00Z,200,439,ms,agent-1,ap-south-1
svc-search,search-api,2025-05-25T03:45:00Z,200,0.371,s,agent-1,ap-south-1
svc-notify,notify-worker,2025-05-25T22:45:00Z,200,106,ms,agent-1,ap-south-1
svc-reports,reports-api,2025-05-23T20:30:00Z,200,464,ms,agent-1,ap-south-1
svc-notify,notify-worker,2025-05-19T04:30:00Z,200,148,ms,agent-2,ap-south-1
svc-auth,auth-api,2025-05-21T22:45:00Z,200,137,ms,agent-1,ap-south-1
svc-reports,reports-api,2025-05-30T00:00:00Z,200,778,ms,agent-1,ap-south-1
svc-payments,payments-api,2025-05-19T15:15:00Z,200,419,ms,agent-1,ap-south-1
svc-auth,auth-api,2025-05-24T19:30:00Z,200,144,ms,agent-1,ap-south-1
svc-auth,auth-api,2025-05-21T00:15:00Z,200,124,ms,agent-2,ap-south-1
svc-reports,reports-api,2025-05-25T11:00:00Z,200,760,ms,agent-1,ap-south-1
svc-auth,auth-api,2025-05-27T10:30:00Z,200,140,ms,agent-1,ap-south-1
svc-payments,payments-api,2025-05-31T09:45:00Z,200,303,ms,agent-1,ap-south-1
svc-payments,payments-api,2025-05-26T18:00:00Z,200,465,ms,agent-2,ap-south-1
svc-notify,notify-worker,2025-05-23T17:00:00Z,200,136,ms,agent-2,ap-south-1
svc-payments,payments-api,2025-06-01T05:00:00Z,200,245,ms,agent-2,ap-south-1
svc-payments,payments-api,2025-05-22T05:15:00Z,200,472,ms,agent-1,ap-south-1
svc-notify,notify-worker,2025-05-29T05:45:00Z,200,92,ms,agent-1,ap-south-1
svc-reports,reports-api,2025-05-27T08:30:00Z,503,532,ms,agent-1,ap-south-1
svc-notify,notify-worker,2025-05-26T09:45:00Z,200,85,ms,agent-1,ap-south-1
svc-reports,reports-api,2025-05-28T08:45:00Z,200,594,ms,agent-1,ap-south-1
svc-notify,notify-worker,2025-05-29T08:45:00Z,200,129,ms,agent-1,ap-south-1
svc-payments,payments-api,2025-05-23T19:45:00Z,200,252,ms,agent-1,ap-south-1
svc-search,search-api,2025-05-26T13:00:00Z,200,0.633,s,agent-1,ap-south-1
svc-notify,notify-worker,2025-05-23T15:30:00Z,200,114,ms,agent-1,ap-south-1
svc-notify,notify-worker,2025-05-23T23:30:00Z,200,125,ms,agent-1,ap-south-1
svc-notify,notify-worker,2025-06-01T23:45:00Z,200,113,ms,agent-1,ap-south-1
svc-notify,notify-worker,2025-05-25T15:15:00Z,200,83,ms,agent-1,ap-south-1
svc-payments,payments-api,2025-05-24T12:15:00Z,200,274,ms,agent-1,ap-south-1
svc-payments,payments-api,2025-05-25T05:45:00Z,200,413,ms,agent-2,ap-south-1
svc-reports,reports-api,2025-05-21T00:15:00Z,200,610,ms,agent-1,ap-south-1
svc-payments,payments-api,2025-05-26T23:00:00Z,200,316,ms,agent-1,ap-south-1
svc-reports,reports-api,2025-05-20T16:30:00Z,200,852,ms,agent-1,ap-south-1
svc-auth,auth-api,2025-05-26T09:30:00Z,200,180,ms,agent-1,ap-south-1
svc-reports,reports-api,2025-05-20T18:30:00Z,200,610,ms,agent-1,ap-south-1
svc-reports,reports-api,2025-05-20T03:15:00Z,200,616,ms,agent-1,ap-south-1
svc-payments,payments-api,2025-05-22T07:00:00+05:30,200,325,ms,agent-1,ap-south-1
svc-auth,auth-api,2025-05-21T16:45:00Z,200,177,ms,agent-1,ap-south-1
svc-reports,reports-api,2025-05-24T21:15:00Z,503,508,ms,agent-1,ap-south-1
svc-auth,auth-api,2025-05-23T13:00:00Z,200,146,ms,agent-1,ap-south-1
svc-notify,notify-worker,2025-05-19T00:30:00Z,200,81,ms,agent-1,ap-south-1
svc-notify,notify-worker,2025-05-21T15:30:00Z,200,95,ms,agent-2,ap-south-1
svc-search,search-api,2025-05-19T05:15:00Z,200,0.523,s,agent-1,ap-south-1
svc-auth,auth-api,2025-05-25T03:00:00Z,200,161,ms,agent-1,ap-south-1
svc-auth,auth-api,2025-05-23T10:45:00Z,200,113,ms,agent-1,ap-south-1
svc-payments,payments-api,2025-05-31T13:30:00Z,200,443,ms,agent-2,ap-south-1
svc-payments,payments-api,2025-05-27T12:00:00Z,200,296,ms,agent-1,ap-south-1
svc-payments,payments-api,2025-05-26T14:45:00Z,200,273,ms,agent-1,ap-south-1
svc-search,search-api,2025-05-26T21:45:00Z,200,0.718,s,agent-1,ap-south-1
svc-reports,reports-api,2025-05-21T10:15:00Z,200,712,ms,agent-2,ap-south-1
svc-search,search-api,2025-06-01T02:00:00Z,200,0.393,s,agent-1,ap-south-1
svc-notify,notify-worker,2025-05-26T05:00:00Z,200,150,ms,agent-1,ap-south-1
svc-reports,reports-api,2025-05-29T22:00:00Z,200,434,ms,agent-1,ap-south-1
svc-search,search-api,2025-05-27T21:00:00Z,200,0.472,s,agent-1,ap-south-1
svc-notify,notify-worker,2025-05-27T09:45:00Z,200,100,ms,agent-1,ap-south-1
svc-search,search-api,2025-05-20T07:45:00Z,200,0.523,s,agent-1,ap-south-1
svc-search,search-api,2025-05-23T03:15:00Z,200,0.628,s,agent-1,ap-south-1
svc-auth,auth-api,2025-05-25T22:30:00Z,200,108,ms,agent-1,ap-south-1
svc-search,search-api,2025-05-22T09:15:00Z,200,0.396,s,agent-1,ap-south-1
svc-auth,auth-api,2025-05-22T22:00:00Z,200,172,ms,agent-1,ap-south-1
svc-payments,payments-api,2025-05-23T04:30:00+05:30,200,337,ms,agent-1,ap-south-1
svc-notify,notify-worker,2025-05-27T17:45:00Z,200,96,ms,agent-1,ap-south-1
svc-search,search-api,2025-05-20T03:30:00Z,200,0.508,s,agent-1,ap-south-1
svc-payments,payments-api,2025-05-20T13:30:00Z,200,269,ms,agent-1,ap-south-1
svc-auth,auth-api,2025-05-27T00:30:00Z,200,173,ms,agent-1,ap-south-1
svc-notify,notify-worker,2025-06-01T09:15:00Z,200,144,ms,agent-2,ap-south-1
svc-notify,notify-worker,2025-05-19T01:15:00Z,200,134,ms,agent-1,ap-south-1
svc-reports,reports-api,2025-05-21T12:45:00Z,200,637,ms,agent-1,ap-south-1
svc-reports,reports-api,2025-05-20T14:45:00Z,200,546,ms,agent-1,ap-south-1
svc-notify,notify-worker,2025-05-27T20:30:00Z,200,148,ms,agent-1,ap-south-1
svc-payments,payments-api,2025-05-29T16:45:00Z,200,479,ms,agent-1,ap-south-1
svc-auth,auth-api,2025-05-30T15:30:00Z,200,179,ms,agent-1,ap-south-1
svc-reports,reports-api,2025-05-29T19:30:00Z,200,841,ms,agent-1,ap-south-1
svc-search,search-api,2025-05-27T10:15:00Z,200,0.412,s,agent-1,ap-south-1
svc-reports,reports-api,2025-05-28T21:30:00Z,200,847,ms,agent-1,ap-south-1
svc-notify,notify-worker,2025-05-31T20:00:00Z,200,99,ms,agent-1,ap-south-1
svc-payments,payments-api,2025-05-29T02:00:00Z,200,345,ms,agent-1,ap-south-1
svc-notify,notify-worker,2025-05-24T11:15:00Z,200,,ms,agent-1,ap-south-1
svc-reports,reports-api,2025-05-27T18:30:00Z,200,559,ms,agent-1,ap-south-1
svc-reports,reports-api,2025-05-25T01:30:00Z,200,709,ms,agent-1,ap-south-1
svc-search,search-api,2025-05-27T08:30:00Z,200,0.58,s,agent-1,ap-south-1
svc-auth,auth-api,2025-05-19T07:15:00Z,200,106,ms,agent-1,ap-south-1
svc-notify,notify-worker,2025-05-20T06:00:00Z,200,102,ms,agent-1,ap-south-1
svc-payments,payments-api,2025-05-26T19:45:00Z,200,427,ms,agent-1,ap-south-1
svc-notify,notify-worker,2025-05-30T15:00:00Z,200,122,ms,agent-1,ap-south-1
svc-search,search-api,2025-05-28T04:30:00Z,200,0.73,s,agent-2,ap-south-1
svc-notify,notify-worker,2025-05-28T22:45:00Z,200,126,ms,agent-1,ap-south-1
svc-auth,auth-api,2025-05-29T08:45:00Z,200,161,ms,agent-1,ap-south-1
svc-notify,notify-worker,2025-05-27T17:15:00Z,200,80,ms,agent-1,ap-south-1
svc-auth,auth-api,2025-05-21T13:30:00Z,200,165,ms,agent-1,ap-south-1
svc-payments,payments-api,2025-05-19T17:45:00Z,200,427,ms,agent-1,ap-south-1
svc-search,search-api,2025-05-24T22:00:00Z,200,0.371,s,agent-2,ap-south-1
svc-payments,payments-api,2025-05-19T20:00:00Z,200,260,ms,agent-1,ap-south-1
svc-auth,auth-api,2025-05-28T12:15:00Z,200,132,ms,agent-1,ap-south-1
svc-search,search-api,2025-06-01T19:15:00Z,200,0.394,s,agent-1,ap-south-1
svc-search,search-api,2025-05-23T00:45:00Z,200,0.488,s,agent-1,ap-south-1
svc-notify,notify-worker,2025-05-23T12:30:00Z,200,121,ms,agent-1,ap-south-1
svc-payments,payments-api,2025-05-28T02:45:00Z,200,365,ms,agent-1,ap-south-1
svc-payments,payments-api,2025-05-25T17:45:00Z,200,261,ms,agent-1,ap-south-1
svc-auth,auth-api,2025-05-19T20:30:00Z,200,191,ms,agent-1,ap-south-1
svc-search,search-api,2025-05-30T12:00:00Z,200,0.447,s,agent-1,ap-south-1
svc-reports,reports-api,2025-05-22T13:00:00Z,200,617,ms,agent-1,ap-south-1
svc-search,search-api,2025-05-21T22:00:00Z,200,0.428,s,agent-1,ap-south-1
svc-search,search-api,2025-05-26T22:15:00Z,200,0.487,s,agent-1,ap-south-1
svc-reports,reports-api,2025-05-25T23:45:00Z,200,831,ms,agent-1,ap-south-1
svc-reports,reports-api,2025-05-23T18:30:00Z,200,488,ms,agent-1,ap-south-1
svc-reports,reports-api,2025-05-31T16:30:00Z,200,694,ms,agent-1,ap-south-1
svc-search,search-api,2025-05-21T06:00:00Z,200,0.597,s,agent-1,ap-south-1
svc-payments,payments-api,2025-05-30T20:30:00Z,200,365,ms,agent-1,ap-south-1
svc-payments,payments-api,2025-05-24T19:00:00Z,200,378,ms,agent-1,ap-south-1
svc-reports,reports-api,2025-06-01T12:00:00Z,200,586,ms,agent-1,ap-south-1
svc-reports,reports-api,2025-05-24T21:30:00Z,200,736,ms,agent-1,ap-south-1
svc-reports,reports-api,2025-05-28T21:00:00Z,200,609,ms,agent-1,ap-south-1
svc-reports,reports-api,2025-05-19T06:00:00Z,200,686,ms,agent-1,ap-south-1
svc-payments,payments-api,2025-05-29T18:45:00Z,200,332,ms,agent-1,ap-south-1
svc-search,search-api,2025-05-28T02:45:00Z,502,0.466,s,agent-1,ap-south-1
svc-notify,notify-worker,2025-05-26T06:00:00Z,200,117,ms,agent-1,ap-south-1
svc-auth,auth-api,2025-05-25T13:15:00Z,200,176,ms,agent-1,ap-south-1
svc-notify,notify-worker,2025-05-22T05:30:00Z,200,151,ms,agent-1,ap-south-1
svc-search,search-api,2025-05-26T23:15:00Z,200,0.648,s,agent-1,ap-south-1
svc-payments,payments-api,2025-05-27T10:30:00Z,200,379,ms,agent-1,ap-south-1
svc-search,search-api,2025-05-24T21:45:00Z,200,0.567,s,agent-1,ap-south-1
svc-auth,auth-api,2025-05-27T12:15:00Z,200,154,ms,agent-1,ap-south-1
svc-search,search-api,2025-06-01T23:45:00Z,200,0.575,s,agent-1,ap-south-1
svc-search,search-api,2025-05-29T04:15:00Z,200,0.709,s,agent-1,ap-south-1
svc-notify,notify-worker,2025-05-29T21:30:00Z,200,83,ms,agent-1,ap-south-1
svc-reports,reports-api,2025-05-29T10:00:00Z,200,783,ms,agent-1,ap-south-1
svc-search,search-api,2025-05-19T03:30:00Z,200,0.456,s,agent-1,ap-south-1
svc-auth,auth-api,2025-05-25T05:00:00Z,200,151,ms,agent-2,ap-south-1
svc-payments,payments-api,2025-05-26T07:15:00Z,200,490,ms,agent-1,ap-south-1
svc-reports,reports-api,2025-05-28T14:45:00Z,200,782,ms,agent-1,ap-south-1
svc-auth,auth-api,2025-05-19T14:30:00Z,200,150,ms,agent-1,ap-south-1
svc-search,search-api,2025-05-26T05:30:00Z,200,0.493,s,agent-1,ap-south-1
svc-search,search-api,2025-05-29T10:45:00Z,200,0.429,s,agent-1,ap-south-1
svc-reports,reports-api,2025-05-19T05:00:00Z,200,445,ms,agent-1,ap-south-1
svc-payments,payments-api,2025-05-22T00:30:00Z,200,325,ms,agent-1,ap-south-1
svc-auth,auth-api,2025-05-19T19:30:00Z,200,138,ms,agent-1,ap-south-1
svc-search,search-api,1748159100,200,0.544,s,agent-1,ap-south-1
svc-payments,payments-api,2025-05-23T01:30:00Z,200,324,ms,agent-1,ap-south-1
svc-auth,auth-api,2025-05-25T11:15:00Z,200,179,ms,agent-1,ap-south-1
svc-search,search-api,2025-05-19T23:15:00Z,200,0.577,s,agent-1,ap-south-1
svc-auth,auth-api,1748230200,200,170,ms,agent-1,ap-south-1
svc-auth,auth-api,2025-05-23T00:30:00Z,200,183,ms,agent-1,ap-south-1
svc-reports,reports-api,2025-06-01T01:45:00Z,200,471,ms,agent-1,ap-south-1
svc-notify,notify-worker,2025-05-30T21:15:00Z,200,114,ms,agent-1,ap-south-1
svc-payments,payments-api,2025-05-25T13:00:00Z,200,429,ms,agent-1,ap-south-1
svc-auth,auth-api,2025-05-27T05:45:00Z,200,120,ms,agent-1,ap-south-1
svc-reports,reports-api,2025-06-01T03:00:00Z,200,517,ms,agent-1,ap-south-1
svc-notify,notify-worker,2025-05-27T08:30:00Z,200,83,ms,agent-1,ap-south-1
svc-notify,notify-worker,2025-05-30T11:45:00Z,200,125,ms,agent-1,ap-south-1
svc-reports,reports-api,2025-05-21T06:30:00Z,200,590,ms,agent-1,ap-south-1
svc-payments,payments-api,2025-05-25T05:00:00Z,200,292,ms,agent-1,ap-south-1
svc-reports,reports-api,2025-05-28T14:30:00Z,200,577,ms,agent-1,ap-south-1
svc-auth,auth-api,2025-05-24T03:15:00Z,200,106,ms,agent-1,ap-south-1
svc-reports,reports-api,1748119500,200,567,ms,agent-1,ap-south-1
svc-search,search-api,2025-05-22T17:15:00+05:30,200,0.691,s,agent-1,ap-south-1
svc-reports,reports-api,2025-05-21T07:15:00Z,200,603,ms,agent-1,ap-south-1
svc-reports,reports-api,2025-05-27T21:45:00Z,200,676,ms,agent-1,ap-south-1
svc-notify,notify-worker,2025-05-23T15:45:00Z,200,,ms,agent-1,ap-south-1
svc-reports,reports-api,2025-05-20T23:30:00Z,200,829,ms,agent-1,ap-south-1
svc-auth,auth-api,2025-05-23T19:15:00Z,200,138,ms,agent-1,ap-south-1
svc-search,search-api,2025-05-20T03:15:00Z,200,0.372,s,agent-1,ap-south-1
svc-auth,auth-api,2025-05-25T22:30:00Z,200,114,ms,agent-2,ap-south-1
svc-payments,payments-api,2025-05-28T09:15:00Z,200,316,ms,agent-1,ap-south-1
svc-notify,notify-worker,2025-05-26T17:45:00Z,200,78,ms,agent-1,ap-south-1
svc-payments,payments-api,2025-05-28T13:30:00Z,200,381,ms,agent-1,ap-south-1
svc-auth,auth-api,2025-05-21T15:45:00Z,200,122,ms,agent-2,ap-south-1
svc-notify,notify-worker,2025-05-31T14:00:00Z,200,139,ms,agent-1,ap-south-1
svc-search,search-api,2025-05-22T06:30:00Z,200,0.62,s,agent-1,ap-south-1
svc-payments,payments-api,2025-06-01T19:30:00Z,200,340,ms,agent-1,ap-south-1
svc-search,search-api,2025-05-31T19:30:00Z,200,0.514,s,agent-1,ap-south-1
svc-auth,auth-api,2025-06-01T11:45:00Z,200,102,ms,agent-1,ap-south-1
svc-notify,notify-worker,2025-05-22T11:15:00Z,200,84,ms,agent-1,ap-south-1
svc-reports,reports-api,2025-05-25T09:00:00Z,200,814,ms,agent-1,ap-south-1
svc-auth,auth-api,2025-05-28T07:45:00Z,200,126,ms,agent-1,ap-south-1
svc-reports,reports-api,2025-05-23T23:00:00Z,200,595,ms,agent-1,ap-south-1
svc-reports,reports-api,2025-05-21T09:15:00Z,200,666,ms,agent-1,ap-south-1
svc-search,search-api,2025-06-01T10:45:00Z,200,0.692,s,agent-1,ap-south-1
svc-search,search-api,2025-05-23T00:15:00Z,200,0.643,s,agent-1,ap-south-1
svc-payments,payments-api,2025-05-23T08:30:00Z,200,364,ms,agent-1,ap-south-1
svc-payments,payments-api,2025-05-20T04:00:00Z,200,450,ms,agent-1,ap-south-1
svc-payments,payments-api,2025-05-21T00:00:00Z,200,282,ms,agent-1,ap-south-1
svc-reports,reports-api,2025-05-25T10:45:00Z,200,548,ms,agent-1,ap-south-1
svc-reports,reports-api,2025-05-31T04:45:00Z,200,804,ms,agent-1,ap-south-1
svc-auth,auth-api,2025-06-01T16:30:00Z,200,135,ms,agent-1,ap-south-1
svc-auth,auth-api,2025-05-24T15:15:00Z,200,111,ms,agent-1,ap-south-1
svc-notify,notify-worker,2025-05-27T05:30:00Z,200,137,ms,agent-1,ap-south-1
svc-search,search-api,2025-05-20T03:00:00Z,200,0.592,s,agent-1,ap-south-1
svc-reports,reports-api,2025-05-29T19:15:00Z,503,727,ms,agent-2,ap-south-1
svc-search,search-api,2025-05-23T23:15:00Z,200,0.509,s,agent-1,ap-south-1
svc-reports,reports-api,2025-05-24T09:00:00Z,200,653,ms,agent-2,ap-south-1
svc-auth,auth-api,2025-05-28T00:15:00Z,200,185,ms,agent-1,ap-south-1
svc-payments,payments-api,2025-05-21T11:45:00Z,200,421,ms,agent-1,ap-south-1
svc-notify,notify-worker,2025-05-21T13:30:00Z,200,137,ms,agent-1,ap-south-1
svc-notify,notify-worker,2025-05-30T11:15:00Z,200,135,ms,agent-2,ap-south-1
svc-auth,auth-api,1748786400,200,124,ms,agent-1,ap-south-1
svc-auth,auth-api,2025-05-28T23:15:00Z,200,172,ms,agent-1,ap-south-1
svc-notify,notify-worker,2025-05-29T09:30:00Z,200,97,ms,agent-1,ap-south-1
svc-reports,reports-api,2025-05-24T21:00:00Z,200,772,ms,agent-1,ap-south-1
svc-notify,notify-worker,2025-05-21T05:00:00Z,200,107,ms,agent-1,ap-south-1
svc-reports,reports-api,1748099700,200,820,ms,agent-2,ap-south-1
svc-payments,payments-api,2025-05-23T00:30:00Z,200,284,ms,agent-1,ap-south-1
svc-payments,payments-api,2025-05-26T07:45:00Z,200,280,ms,agent-1,ap-south-1
svc-auth,auth-api,2025-05-23T10:15:00Z,200,111,ms,agent-1,ap-south-1
svc-auth,auth-api,2025-05-23T22:45:00Z,200,185,ms,agent-1,ap-south-1
svc-search,search-api,2025-05-27T18:30:00Z,200,0.528,s,agent-1,ap-south-1
svc-notify,notify-worker,2025-05-28T22:30:00Z,200,117,ms,agent-1,ap-south-1
svc-search,search-api,2025-05-28T21:00:00Z,200,0.683,s,agent-1,ap-south-1
svc-reports,reports-api,2025-05-29T23:00:00Z,200,651,ms,agent-1,ap-south-1
svc-auth,auth-api,2025-05-19T21:15:00Z,200,109,ms,agent-1,ap-south-1
svc-payments,payments-api,2025-05-26T05:15:00Z,200,341,ms,agent-2,ap-south-1
svc-reports,reports-api,2025-05-29T00:15:00Z,200,667,ms,agent-1,ap-south-1
svc-reports,reports-api,2025-05-26T22:45:00Z,200,715,ms,agent-1,ap-south-1
svc-search,search-api,2025-05-30T13:00:00Z,200,0.476,s,agent-2,ap-south-1
svc-notify,notify-worker,2025-06-01T07:30:00Z,200,120,ms,agent-1,ap-south-1
svc-auth,auth-api,2025-05-27T05:00:00Z,200,102,ms,agent-1,ap-south-1
svc-auth,auth-api,2025-05-22T16:00:00Z,200,143,ms,agent-1,ap-south-1
svc-search,search-api,2025-05-23T20:15:00Z,200,0.587,s,agent-1,ap-south-1
svc-notify,notify-worker,2025-05-20T10:00:00Z,200,118,ms,agent-1,ap-south-1
svc-auth,auth-api,2025-05-26T04:15:00Z,200,186,ms,agent-1,ap-south-1
svc-reports,reports-api,2025-05-30T06:00:00Z,200,764,ms,agent-2,ap-south-1
svc-reports,reports-api,2025-05-23T02:45:00Z,200,816,ms,agent-1,ap-south-1
svc-auth,auth-api,2025-05-26T14:15:00Z,200,100,ms,agent-1,ap-south-1
svc-notify,notify-worker,2025-05-29T05:15:00Z,200,97,ms,agent-1,ap-south-1
svc-search,search-api,2025-05-23T13:30:00Z,200,0.416,s,agent-1,ap-south-1
svc-search,search-api,2025-05-20T21:30:00Z,200,0.691,s,agent-1,ap-south-1
svc-reports,reports-api,2025-06-01T09:30:00Z,200,461,ms,agent-1,ap-south-1
svc-auth,auth-api,2025-05-19T11:45:00Z,200,168,ms,agent-1,ap-south-1
svc-reports,reports-api,2025-06-01T22:30:00Z,200,674,ms,agent-1,ap-south-1
svc-payments,payments-api,2025-05-29T22:15:00Z,200,264,ms,agent-1,ap-south-1
svc-notify,notify-worker,2025-05-30T08:00:00Z,200,114,ms,agent-1,ap-south-1
svc-search,search-api,2025-05-22T02:00:00Z,200,0.682,s,agent-1,ap-south-1
svc-search,search-api,2025-05-31T06:15:00Z,200,0.578,s,agent-1,ap-south-1
svc-search,search-api,2025-05-25T20:30:00Z,200,0.665,s,agent-1,ap-south-1
svc-auth,auth-api,2025-05-30T18:45:00Z,200,133,ms,agent-1,ap-south-1
svc-auth,auth-api,2025-05-31T13:15:00Z,200,180,ms,agent-1,ap-south-1
svc-reports,reports-api,2025-05-27T22:15:00Z,502,486,ms,agent-1,ap-south-1
svc-payments,payments-api,2025-05-27T06:00:00Z,200,250,ms,agent-1,ap-south-1
svc-search,search-api,2025-05-28T18:30:00Z,200,0.464,s,agent-1,ap-south-1
svc-reports,reports-api,2025-05-27T14:15:00Z,200,517,ms,agent-1,ap-south-1
svc-notify,notify-worker,2025-05-19T17:15:00Z,503,393,ms,agent-1,ap-south-1
svc-payments,payments-api,2025-05-31T19:00:00Z,200,492,ms,agent-1,ap-south-1
svc-search,search-api,2025-05-25T19:00:00Z,200,0.425,s,agent-1,ap-south-1
svc-reports,reports-api,2025-06-01T17:45:00Z,503,,ms,agent-1,ap-south-1
svc-payments,payments-api,2025-05-26T01:00:00Z,200,417,ms,agent-1,ap-south-1
svc-payments,payments-api,2025-05-22T07:00:00Z,200,265,ms,agent-1,ap-south-1
svc-notify,notify-worker,2025-05-21T14:15:00Z,200,90,ms,agent-1,ap-south-1
svc-notify,notify-worker,2025-05-24T22:00:00Z,200,144,ms,agent-1,ap-south-1
svc-search,search-api,2025-05-31T21:15:00Z,200,0.404,s,agent-1,ap-south-1
svc-notify,notify-worker,2025-05-20T01:45:00Z,200,110,ms,agent-1,ap-south-1
svc-reports,reports-api,2025-05-21T18:45:00Z,200,734,ms,agent-1,ap-south-1
svc-reports,reports-api,2025-06-01T14:15:00Z,200,438,ms,agent-1,ap-south-1
svc-reports,reports-api,2025-05-22T03:45:00Z,200,452,ms,agent-1,ap-south-1
svc-reports,reports-api,2025-05-31T15:00:00Z,200,754,ms,agent-1,ap-south-1
svc-notify,notify-worker,2025-05-19T10:00:00Z,200,82,ms,agent-2,ap-south-1
svc-search,search-api,2025-05-31T06:45:00Z,200,0.369,s,agent-1,ap-south-1
svc-search,search-api,2025-05-20T20:30:00Z,200,0.52,s,agent-1,ap-south-1
svc-notify,notify-worker,2025-06-01T19:00:00Z,200,91,ms,agent-1,ap-south-1
svc-auth,auth-api,2025-05-20T18:15:00Z,200,190,ms,agent-1,ap-south-1
svc-notify,notify-worker,2025-05-21T09:45:00Z,200,130,ms,agent-1,ap-south-1
svc-auth,auth-api,2025-05-30T07:30:00Z,200,150,ms,agent-1,ap-south-1
svc-reports,reports-api,2025-05-30T01:30:00Z,200,655,ms,agent-1,ap-south-1
svc-search,search-api,2025-05-19T02:00:00Z,200,0.488,s,agent-1,ap-south-1
svc-reports,reports-api,2025-05-24T15:30:00Z,200,516,ms,agent-2,ap-south-1
svc-notify,notify-worker,2025-05-27T23:00:00Z,200,95,ms,agent-1,ap-south-1
svc-notify,notify-worker,2025-05-21T16:15:00Z,200,124,ms,agent-1,ap-south-1
svc-notify,notify-worker,2025-05-24T09:00:00Z,200,102,ms,agent-1,ap-south-1
svc-search,search-api,2025-05-30T07:30:00Z,200,0.361,s,agent-1,ap-south-1
svc-auth,auth-api,2025-05-25T21:45:00Z,200,137,ms,agent-1,ap-south-1
svc-reports,reports-api,2025-05-25T18:00:00Z,200,558,ms,agent-1,ap-south-1
svc-notify,notify-worker,2025-05-22T22:45:00Z,200,130,ms,agent-1,ap-south-1
svc-auth,auth-api,2025-06-01T20:15:00Z,200,155,ms,agent-1,ap-south-1
svc-payments,payments-api,2025-05-24T12:00:00Z,200,278,ms,agent-1,ap-south-1
svc-notify,notify-worker,2025-05-22T23:00:00Z,200,151,ms,agent-1,ap-south-1
svc-reports,reports-api,2025-05-19T16:15:00Z,200,469,ms,agent-1,ap-south-1
svc-payments,payments-api,2025-06-01T08:00:00Z,200,351,ms,agent-1,ap-south-1
svc-auth,auth-api,2025-05-22T04:30:00Z,200,109,ms,agent-1,ap-south-1
svc-notify,notify-worker,2025-05-31T08:30:00Z,200,126,ms,agent-1,ap-south-1
svc-search,search-api,2025-05-19T19:45:00Z,200,0.436,s,agent-1,ap-south-1
svc-notify,notify-worker,2025-05-20T12:30:00Z,200,107,ms,agent-1,ap-south-1
svc-payments,payments-api,2025-06-01T16:00:00Z,200,313,ms,agent-1,ap-south-1
svc-reports,reports-api,2025-05-20T19:00:00Z,200,587,ms,agent-1,ap-south-1
svc-reports,reports-api,2025-06-01T13:15:00Z,200,715,ms,agent-1,ap-south-1
svc-notify,notify-worker,2025-05-31T09:30:00Z,200,99,ms,agent-1,ap-south-1
svc-notify,notify-worker,2025-05-25T20:45:00Z,200,111,ms,agent-1,ap-south-1
svc-notify,notify-worker,2025-05-20T01:00:00Z,200,118,ms,agent-1,ap-south-1
svc-reports,reports-api,2025-05-31T03:30:00Z,200,793,ms,agent-1,ap-south-1
svc-auth,auth-api,2025-05-19T01:00:00Z,200,127,ms,agent-1,ap-south-1
svc-reports,reports-api,2025-05-28T03:00:00Z,200,787,ms,agent-1,ap-south-1
svc-notify,notify-worker,2025-05-26T18:00:00Z,200,124,ms,agent-1,ap-south-1
svc-payments,payments-api,2025-05-23T13:30:00Z,200,463,ms,agent-1,ap-south-1
svc-reports,reports-api,2025-06-01T04:45:00Z,500,522,ms,agent-1,ap-south-1
svc-reports,reports-api,2025-05-24T04:00:00Z,200,629,ms,agent-1,ap-south-1
svc-auth,auth-api,2025-05-30T10:30:00Z,200,182,ms,agent-1,ap-south-1
svc-payments,payments-api,2025-05-28T02:15:00Z,200,261,ms,agent-1,ap-south-1
svc-reports,reports-api,2025-05-20T16:00:00Z,200,447,ms,agent-1,ap-south-1
svc-notify,notify-worker,2025-06-01T13:45:00Z,200,140,ms,agent-1,ap-south-1
svc-search,search-api,2025-05-21T11:30:00Z,200,0.54,s,agent-1,ap-south-1
svc-search,search-api,2025-05-29T08:00:00Z,200,0.407,s,agent-1,ap-south-1
svc-auth,auth-api,2025-05-20T22:30:00Z,200,135,ms,agent-1,ap-south-1
svc-payments,payments-api,2025-05-30T17:45:00Z,200,370,ms,agent-1,ap-south-1
svc-search,search-api,2025-05-26T11:30:00Z,200,0.551,s,agent-1,ap-south-1
svc-auth,auth-api,2025-05-21T19:30:00Z,200,110,ms,agent-1,ap-south-1
svc-payments,payments-api,2025-05-19T13:00:00Z,200,266,ms,agent-1,ap-south-1
svc-search,search-api,2025-05-31T08:45:00Z,200,0.684,s,agent-1,ap-south-1
svc-search,search-api,2025-05-27T08:00:00Z,200,0.661,s,agent-1,ap-south-1
svc-search,search-api,2025-05-29T11:15:00Z,200,0.639,s,agent-1,ap-south-1
svc-payments,payments-api,2025-05-26T16:45:00Z,200,391,ms,agent-1,ap-south-1
svc-notify,notify-worker,2025-05-21T04:15:00Z,200,97,ms,agent-1,ap-south-1
svc-auth,auth-api,2025-05-27T09:00:00Z,200,171,ms,agent-1,ap-south-1
svc-payments,payments-api,2025-05-23T05:45:00Z,200,367,ms,agent-1,ap-south-1
svc-search,search-api,2025-05-29T09:00:00Z,200,,s,agent-1,ap-south-1
svc-notify,notify-worker,2025-05-22T09:45:00Z,200,148,ms,agent-1,ap-south-1
svc-notify,notify-worker,2025-05-20T13:45:00Z,200,79,ms,agent-1,ap-south-1
svc-payments,payments-api,2025-05-24T05:45:00Z,200,366,ms,agent-1,ap-south-1
svc-auth,auth-api,2025-05-20T10:30:00Z,200,141,ms,agent-1,ap-south-1
svc-payments,payments-api,2025-05-24T06:00:00Z,200,333,ms,agent-1,ap-south-1
svc-search,search-api,2025-05-29T18:45:00Z,200,0.496,s,agent-1,ap-south-1
svc-auth,auth-api,2025-05-29T04:45:00Z,200,153,ms,agent-1,ap-south-1
svc-notify,notify-worker,2025-05-24T17:15:00Z,200,106,ms,agent-1,ap-south-1
svc-search,search-api,2025-05-30T12:45:00Z,200,0.365,s,agent-1,ap-south-1
svc-payments,payments-api,2025-05-27T00:15:00Z,200,482,ms,agent-1,ap-south-1
svc-search,search-api,2025-05-27T01:15:00Z,200,0.55,s,agent-1,ap-south-1
svc-notify,notify-worker,2025-05-22T11:45:00Z,200,123,ms,agent-1,ap-south-1
svc-auth,auth-api,2025-05-21T12:30:00Z,200,100,ms,agent-1,ap-south-1
svc-search,search-api,2025-05-24T17:00:00Z,200,0.669,s,agent-1,ap-south-1
svc-search,search-api,2025-05-26T11:00:00Z,200,,s,agent-1,ap-south-1
svc-search,search-api,2025-05-28T22:15:00Z,200,0.379,s,agent-1,ap-south-1
svc-auth,auth-api,2025-05-27T21:00:00Z,200,171,ms,agent-1,ap-south-1
svc-reports,reports-api,2025-05-31T08:30:00Z,200,724,ms,agent-1,ap-south-1
svc-auth,auth-api,2025-05-23T01:30:00Z,200,111,ms,agent-1,ap-south-1
svc-auth,auth-api,2025-05-30T03:30:00Z,200,162,ms,agent-1,ap-south-1
svc-notify,notify-worker,2025-05-24T19:00:00Z,200,134,ms,agent-1,ap-south-1
svc-payments,payments-api,2025-05-31T14:30:00Z,200,361,ms,agent-1,ap-south-1
svc-payments,payments-api,2025-05-29T11:15:00Z,200,254,ms,agent-1,ap-south-1
svc-reports,reports-api,2025-05-24T21:45:00Z,200,473,ms,agent-1,ap-south-1
svc-payments,payments-api,2025-05-23T20:30:00Z,200,255,ms,agent-1,ap-south-1
svc-notify,notify-worker,2025-05-27T20:45:00Z,200,95,ms,agent-1,ap-south-1
svc-payments,payments-api,2025-05-27T21:00:00Z,200,318,ms,agent-1,ap-south-1
svc-notify,notify-worker,2025-05-28T04:45:00Z,200,129,ms,agent-1,ap-south-1
svc-reports,reports-api,2025-05-26T14:45:00Z,200,728,ms,agent-1,ap-south-1
svc-reports,reports-api,2025-05-22T23:30:00Z,200,667,ms,agent-2,ap-south-1
svc-reports,reports-api,2025-05-27T11:30:00Z,200,776,ms,agent-1,ap-south-1
svc-reports,reports-api,2025-05-25T12:00:00+05:30,200,573,ms,agent-1,ap-south-1
svc-reports,reports-api,2025-05-21T11:00:00Z,200,514,ms,agent-1,ap-south-1
svc-auth,auth-api,2025-05-31T21:15:00Z,200,153,ms,agent-1,ap-south-1
svc-payments,payments-api,2025-05-23T11:45:00Z,200,376,ms,agent-1,ap-south-1
svc-payments,payments-api,2025-05-23T14:15:00Z,200,351,ms,agent-1,ap-south-1
svc-auth,auth-api,2025-05-24T13:30:00Z,200,102,ms,agent-1,ap-south-1
svc-payments,payments-api,2025-05-25T17:30:00Z,200,408,ms,agent-1,ap-south-1
svc-reports,reports-api,2025-05-28T20:00:00Z,200,512,ms,agent-1,ap-south-1
svc-auth,auth-api,2025-06-01T13:00:00Z,200,184,ms,agent-1,ap-south-1
svc-auth,auth-api,2025-05-21T01:00:00Z,200,,ms,agent-1,ap-south-1
svc-search,search-api,2025-05-19T11:00:00Z,200,0.708,s,agent-1,ap-south-1
svc-auth,auth-api,2025-05-29T11:00:00Z,200,180,ms,agent-1,ap-south-1
svc-auth,auth-api,2025-05-24T16:30:00Z,200,116,ms,agent-1,ap-south-1
svc-payments,payments-api,2025-05-25T13:15:00Z,200,439,ms,agent-1,ap-south-1
svc-auth,auth-api,2025-05-30T12:45:00Z,200,103,ms,agent-1,ap-south-1
svc-notify,notify-worker,2025-05-25T05:15:00Z,200,132,ms,agent-1,ap-south-1
svc-payments,payments-api,2025-05-28T09:45:00Z,200,269,ms,agent-1,ap-south-1
svc-notify,notify-worker,2025-05-19T01:30:00Z,200,107,ms,agent-1,ap-south-1
svc-payments,payments-api,2025-05-27T08:15:00Z,200,392,ms,agent-1,ap-south-1
svc-notify,notify-worker,2025-05-26T20:15:00Z,200,107,ms,agent-1,ap-south-1
svc-payments,payments-api,2025-05-24T20:45:00Z,200,393,ms,agent-2,ap-south-1
svc-reports,reports-api,2025-05-23T10:15:00Z,200,620,ms,agent-1,ap-south-1
svc-payments,payments-api,2025-05-22T18:15:00Z,200,436,ms,agent-1,ap-south-1
svc-search,search-api,2025-05-25T04:45:00Z,200,0.429,s,agent-2,ap-south-1
svc-auth,auth-api,2025-05-25T20:30:00Z,200,161,ms,agent-1,ap-south-1
svc-notify,notify-worker,2025-05-28T08:30:00Z,200,112,ms,agent-1,ap-south-1
svc-auth,auth-api,2025-05-19T09:15:00Z,200,158,ms,agent-1,ap-south-1
svc-payments,payments-api,2025-05-27T08:30:00Z,200,449,ms,agent-1,ap-south-1
svc-auth,auth-api,2025-05-28T09:15:00Z,200,126,ms,agent-1,ap-south-1
svc-reports,reports-api,2025-05-29T23:15:00Z,200,816,ms,agent-1,ap-south-1
svc-auth,auth-api,2025-05-22T04:15:00Z,200,156,ms,agent-1,ap-south-1
svc-auth,auth-api,2025-05-31T15:00:00Z,200,164,ms,agent-1,ap-south-1
svc-notify,notify-worker,2025-05-30T09:30:00Z,200,89,ms,agent-1,ap-south-1
svc-search,search-api,2025-05-27T22:15:00Z,200,0.532,s,agent-1,ap-south-1
svc-notify,notify-worker,2025-05-31T12:15:00Z,200,111,ms,agent-1,ap-south-1
svc-notify,notify-worker,2025-05-20T02:00:00Z,200,76,ms,agent-1,ap-south-1
svc-auth,auth-api,2025-05-30T23:00:00Z,200,183,ms,agent-1,ap-south-1
svc-notify,notify-worker,2025-05-28T15:00:00Z,200,145,ms,agent-1,ap-south-1
svc-auth,auth-api,2025-05-23T02:45:00Z,200,135,ms,agent-1,ap-south-1
svc-notify,notify-worker,2025-05-22T05:15:00Z,200,87,ms,agent-1,ap-south-1
svc-search,search-api,2025-05-24T19:30:00Z,200,0.55,s,agent-1,ap-south-1
svc-auth,auth-api,2025-05-29T18:30:00Z,200,158,ms,agent-1,ap-south-1
svc-search,search-api,2025-05-26T12:00:00Z,200,0.581,s,agent-1,ap-south-1
svc-auth,auth-api,2025-05-29T02:45:00Z,200,169,ms,agent-1,ap-south-1
svc-reports,reports-api,2025-06-01T07:30:00Z,200,667,ms,agent-1,ap-south-1
svc-search,search-api,2025-05-29T15:00:00Z,200,0.54,s,agent-1,ap-south-1
svc-search,search-api,2025-05-25T14:30:00Z,200,0.632,s,agent-1,ap-south-1
svc-reports,reports-api,2025-05-25T13:00:00Z,200,586,ms,agent-1,ap-south-1
svc-search,search-api,2025-05-29T20:15:00Z,200,0.595,s,agent-1,ap-south-1
svc-search,search-api,2025-05-28T10:15:00Z,200,0.638,s,agent-1,ap-south-1
svc-payments,payments-api,2025-05-26T13:30:00Z,200,369,ms,agent-1,ap-south-1
svc-auth,auth-api,2025-05-21T15:00:00Z,200,99,ms,agent-1,ap-south-1
svc-reports,reports-api,2025-05-25T04:45:00Z,200,801,ms,agent-1,ap-south-1
svc-notify,notify-worker,2025-05-28T08:45:00Z,200,132,ms,agent-1,ap-south-1
svc-reports,reports-api,1748140200,200,798,ms,agent-1,ap-south-1
svc-auth,auth-api,2025-06-01T12:30:00Z,200,125,ms,agent-2,ap-south-1
svc-notify,notify-worker,2025-06-01T12:45:00Z,200,89,ms,agent-1,ap-south-1
svc-payments,payments-api,2025-05-23T14:00:00Z,200,420,ms,agent-2,ap-south-1
svc-payments,payments-api,2025-05-20T08:30:00Z,200,345,ms,agent-1,ap-south-1
svc-notify,notify-worker,2025-05-29T02:00:00Z,200,87,ms,agent-2,ap-south-1
svc-auth,auth-api,2025-06-01T19:15:00Z,200,140,ms,agent-1,ap-south-1
svc-search,search-api,2025-05-24T20:30:00Z,200,0.364,s,agent-1,ap-south-1
svc-auth,auth-api,2025-05-28T18:30:00Z,200,171,ms,agent-2,ap-south-1
svc-payments,payments-api,2025-05-20T01:30:00Z,200,390,ms,agent-1,ap-south-1
svc-payments,payments-api,2025-06-01T09:00:00Z,200,444,ms,agent-1,ap-south-1
svc-auth,auth-api,2025-06-01T23:00:00Z,200,109,ms,agent-1,ap-south-1
svc-search,search-api,2025-05-20T10:15:00Z,200,0.69,s,agent-1,ap-south-1
svc-auth,auth-api,2025-05-26T16:45:00Z,200,178,ms,agent-1,ap-south-1
svc-search,search-api,2025-06-01T15:45:00Z,200,0.37,s,agent-1,ap-south-1
svc-reports,reports-api,2025-05-28T09:00:00Z,200,842,ms,agent-1,ap-south-1
svc-payments,payments-api,2025-05-24T21:30:00Z,200,248,ms,agent-1,ap-south-1
svc-notify,notify-worker,2025-05-22T16:00:00Z,200,90,ms,agent-1,ap-south-1
svc-reports,reports-api,2025-05-26T17:30:00Z,200,461,ms,agent-1,ap-south-1
svc-reports,reports-api,2025-05-26T11:30:00Z,200,631,ms,agent-1,ap-south-1
svc-reports,reports-api,2025-05-30T23:30:00Z,200,607,ms,agent-1,ap-south-1
svc-payments,payments-api,2025-05-19T02:15:00Z,200,380,ms,agent-1,ap-south-1
svc-search,search-api,2025-05-25T03:30:00Z,200,0.494,s,agent-1,ap-south-1
svc-payments,payments-api,2025-05-29T23:15:00Z,200,391,ms,agent-1,ap-south-1
svc-search,search-api,2025-06-01T16:00:00Z,200,0.615,s,agent-1,ap-south-1
svc-auth,auth-api,2025-05-22T03:45:00Z,200,100,ms,agent-1,ap-south-1
svc-auth,auth-api,2025-06-01T20:30:00Z,200,126,ms,agent-1,ap-south-1
svc-auth,auth-api,2025-05-31T05:15:00Z,200,133,ms,agent-1,ap-south-1
svc-reports,reports-api,2025-05-27T00:15:00Z,200,738,ms,agent-1,ap-south-1
svc-payments,payments-api,2025-05-22T10:15:00Z,200,457,ms,agent-1,ap-south-1
svc-auth,auth-api,1748088900,200,190,ms,agent-1,ap-south-1
svc-reports,reports-api,2025-06-01T13:30:00Z,200,565,ms,agent-1,ap-south-1
svc-notify,notify-worker,2025-05-31T17:45:00Z,200,141,ms,agent-1,ap-south-1
svc-auth,auth-api,2025-05-19T16:15:00Z,200,124,ms,agent-1,ap-south-1
svc-auth,auth-api,2025-05-27T04:15:00Z,200,156,ms,agent-1,ap-south-1
svc-auth,auth-api,2025-05-23T14:15:00Z,200,110,ms,agent-1,ap-south-1
svc-notify,notify-worker,2025-05-22T04:45:00Z,200,84,ms,agent-1,ap-south-1
svc-notify,notify-worker,2025-05-20T06:45:00Z,200,83,ms,agent-1,ap-south-1
svc-payments,payments-api,2025-05-29T08:45:00Z,200,331,ms,agent-1,ap-south-1
svc-payments,payments-api,2025-05-24T10:45:00Z,200,398,ms,agent-1,ap-south-1
svc-notify,notify-worker,2025-05-29T11:45:00Z,200,149,ms,agent-1,ap-south-1
svc-auth,auth-api,2025-05-23T09:15:00Z,200,142,ms,agent-1,ap-south-1
svc-payments,payments-api,2025-05-21T04:15:00Z,200,468,ms,agent-1,ap-south-1
svc-reports,reports-api,2025-05-30T00:15:00Z,200,588,ms,agent-1,ap-south-1
svc-auth,auth-api,2025-05-25T20:45:00Z,200,104,ms,agent-1,ap-south-1
svc-payments,payments-api,2025-05-23T17:30:00Z,200,482,ms,agent-1,ap-south-1
svc-auth,auth-api,2025-05-22T00:00:00Z,200,173,ms,agent-1,ap-south-1
svc-notify,notify-worker,2025-05-30T11:00:00Z,200,129,ms,agent-1,ap-south-1
svc-reports,reports-api,2025-05-24T15:30:00Z,200,514,ms,agent-1,ap-south-1
svc-reports,reports-api,2025-06-01T18:30:00Z,200,757,ms,agent-1,ap-south-1
svc-notify,notify-worker,2025-06-01T01:45:00Z,200,93,ms,agent-1,ap-south-1
svc-auth,auth-api,2025-05-29T05:00:00Z,200,140,ms,agent-1,ap-south-1
svc-search,search-api,2025-06-01T22:15:00Z,200,0.718,s,agent-1,ap-south-1
svc-reports,reports-api,2025-05-27T18:15:00Z,200,550,ms,agent-1,ap-south-1
svc-notify,notify-worker,2025-05-25T23:00:00Z,200,105,ms,agent-1,ap-south-1
svc-payments,payments-api,2025-06-01T15:00:00Z,200,376,ms,agent-1,ap-south-1
svc-search,search-api,1748001600,200,0.455,s,agent-1,ap-south-1
svc-reports,reports-api,2025-05-21T08:45:00Z,200,773,ms,agent-1,ap-south-1
svc-reports,reports-api,2025-05-28T01:45:00Z,200,667,ms,agent-1,ap-south-1
svc-auth,auth-api,2025-05-25T14:45:00Z,200,97,ms,agent-1,ap-south-1
svc-notify,notify-worker,2025-05-22T04:30:00Z,200,142,ms,agent-1,ap-south-1
svc-search,search-api,2025-05-22T08:00:00Z,200,0.399,s,agent-1,ap-south-1
svc-auth,auth-api,2025-05-29T03:00:00Z,200,120,ms,agent-1,ap-south-1
svc-reports,reports-api,2025-05-20T09:45:00Z,200,818,ms,agent-1,ap-south-1
svc-payments,payments-api,2025-05-24T00:00:00Z,200,253,ms,agent-1,ap-south-1
svc-payments,payments-api,2025-05-23T20:15:00Z,200,398,ms,agent-1,ap-south-1
svc-reports,reports-api,2025-06-01T17:00:00Z,200,546,ms,agent-1,ap-south-1
svc-auth,auth-api,2025-05-22T21:00:00Z,200,143,ms,agent-1,ap-south-1
svc-search,search-api,2025-05-27T22:30:00Z,200,0.496,s,agent-1,ap-south-1
svc-payments,payments-api,2025-05-20T03:45:00Z,200,478,ms,agent-1,ap-south-1
svc-search,search-api,2025-05-29T06:15:00+05:30,200,0.444,s,agent-1,ap-south-1
svc-search,search-api,2025-05-31T01:15:00Z,200,0.467,s,agent-1,ap-south-1
svc-search,search-api,2025-05-24T17:30:00Z,200,0.672,s,agent-1,ap-south-1
svc-auth,auth-api,2025-05-29T00:00:00Z,200,137,ms,agent-1,ap-south-1
svc-reports,reports-api,2025-05-28T18:00:00Z,200,800,ms,agent-1,ap-south-1
svc-reports,reports-api,2025-05-29T12:15:00Z,200,606,ms,agent-1,ap-south-1
svc-search,search-api,2025-05-26T17:30:00Z,200,0.693,s,agent-1,ap-south-1
svc-search,search-api,2025-05-19T01:30:00Z,200,0.679,s,agent-1,ap-south-1
svc-reports,reports-api,2025-05-29T03:30:00Z,200,787,ms,agent-1,ap-south-1
svc-auth,auth-api,2025-05-29T10:00:00Z,200,124,ms,agent-1,ap-south-1
svc-search,search-api,2025-06-01T04:30:00Z,200,0.448,s,agent-1,ap-south-1
svc-notify,notify-worker,2025-05-25T11:00:00Z,200,120,ms,agent-1,ap-south-1
svc-payments,payments-api,2025-05-30T09:30:00Z,200,358,ms,agent-1,ap-south-1
svc-reports,reports-api,2025-05-26T16:15:00Z,200,,ms,agent-1,ap-south-1
svc-reports,reports-api,2025-05-26T17:00:00Z,200,797,ms,agent-1,ap-south-1
svc-notify,notify-worker,2025-05-26T23:45:00Z,200,97,ms,agent-1,ap-south-1
svc-payments,payments-api,2025-05-26T06:30:00Z,200,398,ms,agent-1,ap-south-1
svc-payments,payments-api,2025-05-26T00:15:00Z,200,297,ms,agent-1,ap-south-1
svc-auth,auth-api,2025-05-24T15:30:00Z,200,99,ms,agent-1,ap-south-1
svc-auth,auth-api,2025-05-31T22:30:00Z,200,150,ms,agent-1,ap-south-1
svc-notify,notify-worker,2025-05-31T06:15:00Z,200,148,ms,agent-1,ap-south-1
svc-payments,payments-api,2025-05-28T10:30:00Z,200,312,ms,agent-1,ap-south-1
svc-payments,payments-api,2025-05-24T19:30:00Z,200,432,ms,agent-1,ap-south-1
svc-search,search-api,2025-05-25T08:45:00Z,200,0.524,s,agent-1,ap-south-1
svc-payments,payments-api,2025-05-19T21:30:00Z,200,425,ms,agent-1,ap-south-1
svc-payments,payments-api,2025-05-21T21:00:00Z,200,402,ms,agent-1,ap-south-1
svc-auth,auth-api,2025-05-29T01:15:00Z,200,144,ms,agent-1,ap-south-1
svc-payments,payments-api,2025-05-23T09:30:00Z,502,284,ms,agent-1,ap-south-1
svc-payments,payments-api,2025-05-27T16:30:00Z,200,285,ms,agent-1,ap-south-1
svc-auth,auth-api,2025-05-22T15:15:00Z,200,133,ms,agent-1,ap-south-1
svc-reports,reports-api,2025-05-19T08:30:00+05:30,200,479,ms,agent-1,ap-south-1
svc-search,search-api,2025-05-26T16:15:00Z,200,0.63,s,agent-1,ap-south-1
svc-reports,reports-api,2025-05-31T00:15:00Z,200,796,ms,agent-1,ap-south-1
svc-auth,auth-api,2025-05-28T04:00:00Z,200,168,ms,agent-1,ap-south-1
svc-reports,reports-api,2025-05-21T19:15:00Z,200,441,ms,agent-1,ap-south-1
svc-auth,auth-api,2025-05-25T04:45:00Z,200,190,ms,agent-1,ap-south-1
svc-payments,payments-api,2025-05-26T08:15:00Z,200,388,ms,agent-1,ap-south-1
svc-payments,payments-api,2025-05-24T11:45:00Z,200,301,ms,agent-2,ap-south-1
svc-notify,notify-worker,2025-05-29T21:00:00Z,200,134,ms,agent-1,ap-south-1
svc-auth,auth-api,2025-05-24T14:45:00Z,200,101,ms,agent-2,ap-south-1
svc-auth,auth-api,2025-05-30T04:30:00Z,200,133,ms,agent-1,ap-south-1
svc-search,search-api,2025-05-30T08:15:00Z,200,0.35,s,agent-2,ap-south-1
svc-auth,auth-api,2025-05-24T02:00:00Z,200,152,ms,agent-1,ap-south-1
svc-auth,auth-api,2025-05-31T14:15:00Z,200,188,ms,agent-1,ap-south-1
svc-auth,auth-api,2025-05-20T03:15:00Z,200,175,ms,agent-1,ap-south-1
svc-notify,notify-worker,2025-05-24T15:30:00Z,200,122,ms,agent-1,ap-south-1
svc-reports,reports-api,2025-05-26T02:15:00Z,200,466,ms,agent-1,ap-south-1
svc-auth,auth-api,2025-05-19T06:30:00Z,200,152,ms,agent-1,ap-south-1
svc-search,search-api,2025-05-26T14:15:00Z,200,0.535,s,agent-1,ap-south-1
svc-payments,payments-api,2025-05-28T20:30:00Z,200,463,ms,agent-1,ap-south-1
svc-payments,payments-api,2025-05-25T19:30:00Z,200,335,ms,agent-1,ap-south-1
svc-notify,notify-worker,2025-05-26T02:00:00Z,200,104,ms,agent-1,ap-south-1
svc-payments,payments-api,2025-05-26T11:30:00Z,200,250,ms,agent-1,ap-south-1
svc-reports,reports-api,2025-05-26T02:45:00Z,200,596,ms,agent-1,ap-south-1
svc-payments,payments-api,2025-05-21T04:45:00Z,200,400,ms,agent-1,ap-south-1
svc-payments,payments-api,2025-05-23T10:15:00Z,200,265,ms,agent-1,ap-south-1
svc-payments,payments-api,2025-05-29T01:15:00Z,200,454,ms,agent-2,ap-south-1
svc-reports,reports-api,2025-05-27T12:00:00Z,200,520,ms,agent-2,ap-south-1
svc-search,search-api,2025-05-25T05:45:00Z,200,0.64,s,agent-1,ap-south-1
svc-notify,notify-worker,2025-05-28T06:30:00Z,200,128,ms,agent-1,ap-south-1
svc-payments,payments-api,2025-05-20T03:00:00Z,200,465,ms,agent-1,ap-south-1
svc-reports,reports-api,2025-05-28T02:00:00Z,200,791,ms,agent-1,ap-south-1
svc-auth,auth-api,2025-05-31T15:45:00Z,200,119,ms,agent-2,ap-south-1
svc-payments,payments-api,2025-05-20T11:00:00Z,200,276,ms,agent-1,ap-south-1
svc-auth,auth-api,2025-06-01T03:15:00Z,200,-342,ms,agent-1,ap-south-1
svc-payments,payments-api,2025-05-26T08:00:00Z,200,432,ms,agent-1,ap-south-1
svc-reports,reports-api,2025-05-21T12:30:00Z,200,712,ms,agent-1,ap-south-1
svc-reports,reports-api,2025-05-26T22:30:00Z,200,685,ms,agent-1,ap-south-1
svc-notify,notify-worker,2025-05-31T12:45:00Z,200,124,ms,agent-1,ap-south-1
svc-notify,notify-worker,2025-05-20T00:45:00Z,200,118,ms,agent-1,ap-south-1
svc-payments,payments-api,2025-06-01T15:15:00Z,200,,ms,agent-1,ap-south-1
svc-payments,payments-api,2025-05-26T02:30:00Z,200,414,ms,agent-1,ap-south-1
svc-auth,auth-api,2025-05-27T09:45:00Z,200,145,ms,agent-1,ap-south-1
svc-auth,auth-api,2025-05-31T17:30:00Z,200,127,ms,agent-1,ap-south-1
svc-notify,notify-worker,2025-05-19T08:15:00Z,200,78,ms,agent-1,ap-south-1
svc-search,search-api,2025-06-01T06:30:00Z,200,0.709,s,agent-1,ap-south-1
svc-notify,notify-worker,2025-05-21T08:00:00Z,200,118,ms,agent-1,ap-south-1
svc-payments,payments-api,2025-05-22T20:45:00Z,200,414,ms,agent-1,ap-south-1
svc-reports,reports-api,2025-05-25T05:15:00Z,200,833,ms,agent-1,ap-south-1
svc-search,search-api,2025-06-01T00:15:00Z,200,0.51,s,agent-1,ap-south-1
svc-reports,reports-api,2025-05-24T02:00:00Z,200,602,ms,agent-1,ap-south-1
svc-notify,notify-worker,1748365200,200,104,ms,agent-1,ap-south-1
svc-reports,reports-api,2025-05-30T14:30:00Z,200,664,ms,agent-1,ap-south-1
svc-notify,notify-worker,2025-06-01T06:30:00Z,200,132,ms,agent-1,ap-south-1
svc-reports,reports-api,2025-05-20T17:30:00Z,200,739,ms,agent-1,ap-south-1
svc-payments,payments-api,2025-05-29T23:30:00Z,200,487,ms,agent-1,ap-south-1
svc-search,search-api,2025-05-20T19:15:00Z,200,0.707,s,agent-1,ap-south-1
svc-search,search-api,2025-05-25T17:15:00Z,200,0.556,s,agent-2,ap-south-1
svc-payments,payments-api,2025-05-23T00:45:00Z,200,282,ms,agent-1,ap-south-1
svc-search,search-api,2025-05-24T09:45:00Z,200,0.607,s,agent-1,ap-south-1
svc-search,search-api,2025-05-29T15:15:00Z,200,0.466,s,agent-1,ap-south-1
svc-auth,auth-api,2025-05-25T19:30:00Z,200,178,ms,agent-2,ap-south-1
svc-reports,reports-api,2025-05-19T06:45:00Z,200,706,ms,agent-1,ap-south-1
svc-auth,auth-api,2025-05-23T12:00:00Z,200,127,ms,agent-1,ap-south-1
svc-search,search-api,2025-05-30T17:45:00Z,200,0.661,s,agent-1,ap-south-1
svc-search,search-api,2025-05-30T22:15:00Z,200,0.608,s,agent-1,ap-south-1
svc-auth,auth-api,2025-05-19T06:15:00Z,200,129,ms,agent-1,ap-south-1
svc-payments,payments-api,2025-05-25T20:15:00Z,200,269,ms,agent-1,ap-south-1
svc-search,search-api,2025-05-27T15:00:00Z,200,0.612,s,agent-1,ap-south-1
svc-auth,auth-api,2025-05-28T10:45:00Z,200,174,ms,agent-1,ap-south-1
svc-payments,payments-api,2025-05-24T22:00:00Z,200,270,ms,agent-2,ap-south-1
svc-payments,payments-api,2025-05-29T13:15:00Z,200,260,ms,agent-1,ap-south-1
svc-notify,notify-worker,2025-05-23T05:30:00Z,200,140,ms,agent-1,ap-south-1
svc-search,search-api,2025-05-31T03:45:00Z,200,0.698,s,agent-1,ap-south-1
svc-auth,auth-api,2025-05-27T08:15:00Z,200,152,ms,agent-1,ap-south-1
svc-auth,auth-api,2025-05-24T09:45:00Z,200,163,ms,agent-1,ap-south-1
svc-search,search-api,2025-05-23T11:30:00Z,200,0.591,s,agent-1,ap-south-1
svc-reports,reports-api,2025-05-29T18:00:00Z,200,452,ms,agent-2,ap-south-1
svc-payments,payments-api,2025-05-23T05:00:00Z,200,447,ms,agent-1,ap-south-1
svc-payments,payments-api,2025-05-28T03:15:00Z,200,412,ms,agent-1,ap-south-1
svc-payments,payments-api,2025-05-20T14:00:00Z,200,334,ms,agent-1,ap-south-1
svc-auth,auth-api,2025-05-30T23:45:00Z,200,100,ms,agent-1,ap-south-1
svc-auth,auth-api,2025-05-28T17:45:00Z,200,172,ms,agent-2,ap-south-1
svc-search,search-api,2025-06-01T16:45:00Z,200,0.678,s,agent-1,ap-south-1
svc-auth,auth-api,2025-05-24T23:30:00Z,200,108,ms,agent-1,ap-south-1
svc-search,search-api,2025-05-28T05:30:00Z,200,0.598,s,agent-1,ap-south-1
svc-reports,reports-api,2025-05-28T07:45:00Z,200,801,ms,agent-1,ap-south-1
svc-reports,reports-api,2025-05-20T00:30:00Z,200,473,ms,agent-1,ap-south-1
svc-auth,auth-api,2025-05-25T09:00:00Z,200,176,ms,agent-1,ap-south-1
svc-notify,notify-worker,2025-06-01T06:15:00Z,200,125,ms,agent-1,ap-south-1
svc-search,search-api,2025-05-21T04:45:00Z,200,0.388,s,agent-1,ap-south-1
svc-notify,notify-worker,2025-05-30T11:30:00Z,200,111,ms,agent-1,ap-south-1
svc-reports,reports-api,2025-05-20T08:15:00Z,200,539,ms,agent-1,ap-south-1
svc-reports,reports-api,2025-05-28T09:15:00Z,503,480,ms,agent-1,ap-south-1
svc-auth,auth-api,2025-05-27T13:00:00Z,200,153,ms,agent-1,ap-south-1
svc-reports,reports-api,2025-05-20T23:15:00Z,200,808,ms,agent-1,ap-south-1
svc-payments,payments-api,2025-05-30T04:45:00Z,200,477,ms,agent-1,ap-south-1
svc-search,search-api,2025-06-01T03:00:00Z,200,0.435,s,agent-1,ap-south-1
svc-payments,payments-api,2025-05-20T03:30:00Z,200,348,ms,agent-1,ap-south-1
svc-reports,reports-api,2025-05-28T13:00:00Z,200,504,ms,agent-1,ap-south-1
svc-search,search-api,2025-05-28T18:45:00Z,200,0.688,s,agent-1,ap-south-1
svc-payments,payments-api,2025-05-28T17:45:00Z,200,335,ms,agent-1,ap-south-1
svc-auth,auth-api,2025-05-25T23:45:00Z,200,123,ms,agent-1,ap-south-1
svc-notify,notify-worker,2025-05-26T16:30:00Z,200,97,ms,agent-1,ap-south-1
svc-search,search-api,2025-05-22T14:15:00Z,200,0.62,s,agent-1,ap-south-1
svc-payments,payments-api,2025-05-27T02:45:00Z,200,436,ms,agent-1,ap-south-1
svc-payments,payments-api,2025-05-27T13:30:00Z,200,289,ms,agent-1,ap-south-1
svc-reports,reports-api,2025-05-20T10:45:00Z,200,577,ms,agent-1,ap-south-1
svc-payments,payments-api,2025-05-28T21:00:00Z,200,339,ms,agent-1,ap-south-1
svc-notify,notify-worker,2025-05-31T20:45:00Z,200,143,ms,agent-2,ap-south-1
svc-payments,payments-api,2025-05-21T02:30:00Z,200,,ms,agent-1,ap-south-1
svc-reports,reports-api,2025-05-21T05:45:00Z,200,694,ms,agent-1,ap-south-1
svc-reports,reports-api,2025-05-24T00:30:00Z,200,560,ms,agent-1,ap-south-1
svc-payments,payments-api,2025-06-01T11:00:00Z,200,269,ms,agent-1,ap-south-1
svc-notify,notify-worker,2025-05-31T22:15:00Z,200,110,ms,agent-1,ap-south-1
svc-reports,reports-api,2025-05-23T20:15:00Z,200,573,ms,agent-1,ap-south-1
svc-payments,payments-api,2025-06-01T12:45:00Z,200,405,ms,agent-1,ap-south-1
svc-auth,auth-api,2025-05-22T05:30:00Z,200,194,ms,agent-2,ap-south-1
svc-reports,reports-api,2025-05-27T10:45:00Z,200,743,ms,agent-1,ap-south-1
svc-auth,auth-api,2025-05-23T01:45:00Z,200,130,ms,agent-1,ap-south-1
svc-payments,payments-api,2025-05-29T11:30:00Z,200,495,ms,agent-1,ap-south-1
svc-reports,reports-api,2025-05-30T09:45:00Z,200,550,ms,agent-1,ap-south-1
svc-auth,auth-api,2025-05-23T15:45:00Z,200,147,ms,agent-1,ap-south-1
svc-reports,reports-api,2025-06-01T01:00:00Z,200,436,ms,agent-1,ap-south-1
svc-auth,auth-api,2025-05-25T12:30:00Z,200,153,ms,agent-1,ap-south-1
svc-payments,payments-api,2025-05-21T20:15:00Z,200,454,ms,agent-1,ap-south-1
svc-payments,payments-api,2025-05-25T12:15:00Z,200,379,ms,agent-1,ap-south-1
svc-reports,reports-api,2025-05-29T15:45:00Z,500,817,ms,agent-1,ap-south-1
svc-search,search-api,2025-05-20T14:45:00Z,200,0.594,s,agent-1,ap-south-1
svc-notify,notify-worker,2025-05-31T01:45:00Z,200,143,ms,agent-1,ap-south-1
svc-auth,auth-api,2025-05-21T18:45:00Z,200,180,ms,agent-1,ap-south-1
svc-payments,payments-api,2025-05-22T12:45:00Z,200,471,ms,agent-1,ap-south-1
svc-search,search-api,2025-05-23T19:30:00Z,200,0.388,s,agent-1,ap-south-1
svc-payments,payments-api,2025-05-27T22:45:00Z,200,401,ms,agent-1,ap-south-1
svc-auth,auth-api,2025-06-01T21:00:00Z,200,165,ms,agent-1,ap-south-1
svc-auth,auth-api,2025-05-28T18:00:00Z,200,183,ms,agent-1,ap-south-1
svc-auth,auth-api,2025-05-21T01:30:00Z,200,164,ms,agent-1,ap-south-1
svc-reports,reports-api,2025-05-23T07:30:00Z,200,807,ms,agent-1,ap-south-1
svc-reports,reports-api,2025-05-19T03:45:00Z,200,577,ms,agent-1,ap-south-1
svc-notify,notify-worker,2025-05-21T11:45:00Z,200,148,ms,agent-1,ap-south-1
svc-reports,reports-api,2025-05-24T09:30:00Z,200,658,ms,agent-1,ap-south-1
svc-search,search-api,2025-05-26T01:15:00Z,200,0.43,s,agent-1,ap-south-1
svc-reports,reports-api,2025-06-01T11:45:00Z,200,666,ms,agent-1,ap-south-1
svc-reports,reports-api,2025-05-24T16:00:00Z,200,488,ms,agent-1,ap-south-1
svc-payments,payments-api,2025-05-19T01:15:00Z,200,302,ms,agent-1,ap-south-1
svc-notify,notify-worker,2025-05-24T14:30:00Z,200,128,ms,agent-1,ap-south-1
svc-reports,reports-api,2025-05-30T04:15:00Z,200,435,ms,agent-1,ap-south-1
svc-search,search-api,2025-05-20T04:45:00Z,200,0.446,s,agent-1,ap-south-1
svc-payments,payments-api,1747665900,200,254,ms,agent-1,ap-south-1
svc-auth,auth-api,2025-05-22T14:00:00Z,200,96,ms,agent-1,ap-south-1
svc-notify,notify-worker,2025-05-29T01:15:00Z,200,88,ms,agent-1,ap-south-1
svc-reports,reports-api,2025-05-26T04:30:00Z,200,641,ms,agent-1,ap-south-1
svc-auth,auth-api,2025-05-31T04:00:00Z,200,100,ms,agent-1,ap-south-1
svc-notify,notify-worker,2025-05-22T04:00:00Z,200,124,ms,agent-1,ap-south-1
svc-notify,notify-worker,2025-05-25T03:00:00Z,200,139,ms,agent-1,ap-south-1
svc-search,search-api,2025-05-24T16:30:00Z,200,0.655,s,agent-1,ap-south-1
svc-reports,reports-api,2025-05-24T14:45:00Z,200,671,ms,agent-1,ap-south-1
svc-search,search-api,2025-05-22T07:15:00Z,200,0.445,s,agent-1,ap-south-1
svc-notify,notify-worker,2025-05-27T11:15:00Z,200,148,ms,agent-1,ap-south-1
svc-notify,notify-worker,2025-06-01T08:45:00Z,200,106,ms,agent-1,ap-south-1
svc-payments,payments-api,1748717100,200,403,ms,agent-1,ap-south-1
svc-search,search-api,2025-05-29T09:30:00Z,200,0.703,s,agent-2,ap-south-1
svc-payments,payments-api,2025-05-24T02:45:00Z,200,495,ms,agent-1,ap-south-1
svc-reports,reports-api,2025-05-29T04:15:00Z,200,556,ms,agent-1,ap-south-1
svc-auth,auth-api,2025-05-25T13:30:00Z,200,188,ms,agent-1,ap-south-1
svc-search,search-api,2025-05-27T03:30:00Z,200,0.716,s,agent-1,ap-south-1
svc-notify,notify-worker,2025-05-20T06:30:00Z,200,117,ms,agent-1,ap-south-1
svc-reports,reports-api,2025-05-24T13:15:00Z,200,564,ms,agent-1,ap-south-1
svc-reports,reports-api,2025-05-24T18:45:00Z,200,606,ms,agent-1,ap-south-1
svc-auth,auth-api,2025-06-01T22:15:00Z,200,176,ms,agent-1,ap-south-1
svc-payments,payments-api,2025-05-26T01:15:00Z,200,434,ms,agent-1,ap-south-1
svc-reports,reports-api,2025-05-28T20:30:00+05:30,200,478,ms,agent-1,ap-south-1
svc-search,search-api,1748168100,200,0.46,s,agent-1,ap-south-1
svc-notify,notify-worker,2025-05-31T00:15:00Z,200,98,ms,agent-1,ap-south-1
svc-notify,notify-worker,1748538000,200,145,ms,agent-1,ap-south-1
svc-payments,payments-api,2025-05-25T04:00:00Z,200,464,ms,agent-1,ap-south-1
svc-payments,payments-api,2025-05-23T16:00:00Z,200,301,ms,agent-1,ap-south-1
svc-reports,reports-api,2025-05-21T08:00:00Z,200,495,ms,agent-1,ap-south-1
svc-payments,payments-api,2025-05-20T23:15:00Z,200,404,ms,agent-1,ap-south-1
svc-payments,payments-api,2025-05-23T05:15:00Z,200,364,ms,agent-1,ap-south-1
svc-reports,reports-api,2025-05-20T10:15:00Z,200,721,ms,agent-1,ap-south-1
svc-auth,auth-api,2025-06-01T21:30:00Z,200,177,ms,agent-2,ap-south-1
svc-reports,reports-api,2025-05-27T12:30:00Z,200,772,ms,agent-1,ap-south-1
svc-auth,auth-api,2025-05-20T14:15:00Z,200,152,ms,agent-1,ap-south-1
svc-search,search-api,2025-05-25T04:30:00Z,200,0.496,s,agent-1,ap-south-1
svc-payments,payments-api,2025-05-29T13:45:00Z,200,298,ms,agent-1,ap-south-1
svc-search,search-api,2025-05-31T10:45:00Z,200,0.675,s,agent-1,ap-south-1
svc-payments,payments-api,2025-05-31T14:15:00Z,200,320,ms,agent-1,ap-south-1
svc-reports,reports-api,2025-05-25T10:30:00Z,200,,ms,agent-1,ap-south-1
svc-reports,reports-api,2025-05-22T01:00:00Z,200,658,ms,agent-1,ap-south-1
svc-auth,auth-api,2025-05-21T20:15:00Z,200,130,ms,agent-1,ap-south-1
svc-payments,payments-api,2025-05-29T21:15:00Z,200,490,ms,agent-1,ap-south-1
svc-search,search-api,2025-05-21T07:15:00Z,200,0.637,s,agent-1,ap-south-1
svc-payments,payments-api,2025-05-31T16:00:00Z,200,382,ms,agent-1,ap-south-1
svc-notify,notify-worker,2025-05-31T19:15:00Z,200,92,ms,agent-1,ap-south-1
svc-payments,payments-api,2025-06-01T07:00:00Z,200,256,ms,agent-1,ap-south-1
svc-notify,notify-worker,2025-05-23T19:00:00Z,200,77,ms,agent-1,ap-south-1
svc-payments,payments-api,2025-06-01T07:45:00Z,200,371,ms,agent-1,ap-south-1
svc-payments,payments-api,2025-05-25T19:15:00Z,200,328,ms,agent-1,ap-south-1
svc-auth,auth-api,2025-05-22T08:45:00Z,200,154,ms,agent-1,ap-south-1
svc-search,search-api,2025-05-24T22:15:00Z,200,0.482,s,agent-1,ap-south-1
svc-search,search-api,2025-05-30T13:00:00Z,200,0.502,s,agent-1,ap-south-1
svc-payments,payments-api,2025-05-23T13:45:00Z,200,354,ms,agent-1,ap-south-1
svc-reports,reports-api,2025-05-29T14:15:00Z,200,509,ms,agent-2,ap-south-1
svc-notify,notify-worker,2025-05-26T04:45:00Z,200,105,ms,agent-1,ap-south-1
svc-auth,auth-api,2025-05-26T09:45:00Z,200,128,ms,agent-1,ap-south-1
svc-notify,notify-worker,2025-05-29T12:15:00Z,200,115,ms,agent-1,ap-south-1
svc-reports,reports-api,1748566800,200,449,ms,agent-1,ap-south-1
svc-payments,payments-api,2025-05-29T11:45:00Z,200,368,ms,agent-1,ap-south-1
svc-reports,reports-api,2025-05-28T23:45:00Z,200,526,ms,agent-1,ap-south-1
svc-notify,notify-worker,2025-05-26T14:30:00Z,200,133,ms,agent-1,ap-south-1
svc-search,search-api,2025-05-24T23:00:00Z,200,0.478,s,agent-1,ap-south-1
svc-notify,notify-worker,2025-05-23T10:15:00Z,200,97,ms,agent-1,ap-south-1
svc-auth,auth-api,2025-06-01T03:00:00Z,200,169,ms,agent-1,ap-south-1
svc-search,search-api,2025-06-01T07:00:00Z,200,0.596,s,agent-1,ap-south-1
svc-search,search-api,2025-05-19T07:15:00Z,200,0.63,s,agent-2,ap-south-1
svc-reports,reports-api,2025-05-19T07:00:00Z,200,465,ms,agent-1,ap-south-1
svc-payments,payments-api,2025-06-01T14:45:00Z,200,493,ms,agent-1,ap-south-1
svc-reports,reports-api,2025-05-22T12:45:00Z,200,812,ms,agent-1,ap-south-1
svc-payments,payments-api,2025-05-24T13:00:00Z,200,473,ms,agent-1,ap-south-1
svc-reports,reports-api,2025-05-30T11:00:00Z,200,,ms,agent-1,ap-south-1
svc-payments,payments-api,2025-05-21T16:45:00Z,200,343,ms,agent-1,ap-south-1
svc-payments,payments-api,2025-05-23T08:15:00Z,200,471,ms,agent-1,ap-south-1
svc-reports,reports-api,2025-05-24T05:00:00Z,200,635,ms,agent-1,ap-south-1
svc-search,search-api,2025-05-31T14:45:00Z,200,0.681,s,agent-1,ap-south-1
svc-payments,payments-api,2025-05-28T22:00:00Z,200,327,ms,agent-1,ap-south-1
svc-reports,reports-api,2025-05-31T08:00:00Z,200,523,ms,agent-1,ap-south-1
svc-payments,payments-api,2025-05-23T02:45:00Z,200,420,ms,agent-1,ap-south-1
svc-auth,auth-api,2025-05-29T17:15:00Z,200,171,ms,agent-1,ap-south-1
svc-search,search-api,2025-05-20T19:30:00Z,200,0.417,s,agent-1,ap-south-1
svc-notify,notify-worker,1748393100,200,95,ms,agent-1,ap-south-1
svc-payments,payments-api,2025-05-25T02:45:00Z,200,419,ms,agent-1,ap-south-1
svc-auth,auth-api,2025-05-21T04:15:00Z,200,176,ms,agent-1,ap-south-1
svc-payments,payments-api,2025-05-23T03:30:00Z,200,281,ms,agent-1,ap-south-1
svc-notify,notify-worker,2025-05-19T05:15:00Z,200,90,ms,agent-1,ap-south-1
svc-search,search-api,2025-05-19T06:45:00Z,200,0.701,s,agent-1,ap-south-1
svc-payments,payments-api,2025-05-24T18:30:00Z,200,351,ms,agent-2,ap-south-1
svc-auth,auth-api,2025-05-26T18:45:00Z,200,112,ms,agent-1,ap-south-1
svc-payments,payments-api,2025-05-23T19:00:00Z,200,297,ms,agent-1,ap-south-1
svc-notify,notify-worker,2025-05-26T13:00:00Z,200,122,ms,agent-1,ap-south-1
svc-payments,payments-api,2025-05-31T21:00:00Z,200,250,ms,agent-1,ap-south-1
svc-reports,reports-api,2025-05-31T17:45:00Z,200,433,ms,agent-1,ap-south-1
svc-reports,reports-api,2025-05-28T11:45:00Z,200,534,ms,agent-1,ap-south-1
svc-payments,payments-api,2025-05-21T14:45:00Z,200,317,ms,agent-1,ap-south-1
svc-reports,reports-api,2025-05-30T17:15:00Z,200,438,ms,agent-1,ap-south-1
svc-notify,notify-worker,2025-05-31T06:00:00Z,200,110,ms,agent-2,ap-south-1
svc-payments,payments-api,2025-05-22T00:45:00Z,200,368,ms,agent-1,ap-south-1
svc-reports,reports-api,2025-05-27T23:30:00Z,200,705,ms,agent-1,ap-south-1
svc-search,search-api,2025-05-25T02:30:00Z,200,0.392,s,agent-2,ap-south-1
svc-notify,notify-worker,2025-05-28T13:15:00Z,200,108,ms,agent-2,ap-south-1
svc-auth,auth-api,2025-05-31T19:15:00Z,200,103,ms,agent-1,ap-south-1
svc-auth,auth-api,2025-05-29T06:45:00Z,200,163,ms,agent-1,ap-south-1
svc-payments,payments-api,2025-05-28T11:30:00Z,200,280,ms,agent-1,ap-south-1
svc-search,search-api,2025-05-24T23:15:00Z,200,0.451,s,agent-1,ap-south-1
svc-auth,auth-api,2025-05-22T09:00:00Z,200,130,ms,agent-1,ap-south-1
svc-auth,auth-api,2025-05-21T13:00:00Z,200,111,ms,agent-1,ap-south-1
svc-auth,auth-api,2025-05-28T16:15:00Z,200,122,ms,agent-1,ap-south-1
svc-payments,payments-api,2025-05-27T11:15:00Z,200,470,ms,agent-1,ap-south-1
svc-payments,payments-api,2025-05-30T19:45:00Z,200,450,ms,agent-2,ap-south-1
svc-search,search-api,2025-05-21T09:45:00Z,200,0.468,s,agent-1,ap-south-1
svc-search,search-api,2025-05-27T07:30:00Z,200,0.381,s,agent-1,ap-south-1
svc-reports,reports-api,2025-05-21T08:30:00Z,200,717,ms,agent-1,ap-south-1
svc-search,search-api,2025-05-20T05:15:00Z,200,0.464,s,agent-1,ap-south-1
svc-auth,auth-api,2025-06-01T11:15:00Z,200,175,ms,agent-2,ap-south-1
svc-auth,auth-api,2025-05-23T18:00:00Z,200,182,ms,agent-1,ap-south-1
svc-payments,payments-api,2025-05-23T19:15:00Z,200,419,ms,agent-1,ap-south-1
svc-notify,notify-worker,2025-06-01T11:15:00Z,200,87,ms,agent-1,ap-south-1
svc-auth,auth-api,2025-05-28T21:00:00Z,200,140,ms,agent-1,ap-south-1
svc-notify,notify-worker,2025-05-26T22:45:00Z,200,149,ms,agent-1,ap-south-1
svc-auth,auth-api,2025-05-21T23:30:00Z,200,140,ms,agent-1,ap-south-1
svc-reports,reports-api,2025-05-20T12:15:00Z,200,610,ms,agent-1,ap-south-1
svc-notify,notify-worker,2025-05-23T01:45:00Z,200,122,ms,agent-1,ap-south-1
svc-payments,payments-api,2025-05-28T00:30:00Z,200,443,ms,agent-2,ap-south-1
svc-auth,auth-api,2025-05-28T20:15:00Z,200,160,ms,agent-1,ap-south-1
svc-search,search-api,2025-05-24T00:15:00Z,200,0.626,s,agent-1,ap-south-1
svc-reports,reports-api,2025-05-25T12:45:00Z,200,446,ms,agent-1,ap-south-1
svc-notify,notify-worker,2025-05-22T14:15:00Z,200,102,ms,agent-1,ap-south-1
svc-auth,auth-api,2025-05-24T02:30:00Z,200,186,ms,agent-1,ap-south-1
svc-auth,auth-api,2025-05-26T05:45:00Z,200,145,ms,agent-1,ap-south-1
svc-payments,payments-api,2025-05-25T07:45:00Z,200,373,ms,agent-1,ap-south-1
svc-auth,auth-api,2025-05-30T13:30:00Z,200,93,ms,agent-2,ap-south-1
svc-payments,payments-api,2025-05-19T20:30:00Z,200,341,ms,agent-1,ap-south-1
svc-search,search-api,2025-05-30T20:00:00Z,200,0.388,s,agent-1,ap-south-1
svc-auth,auth-api,2025-05-27T00:45:00Z,200,147,ms,agent-1,ap-south-1
svc-reports,reports-api,2025-05-23T11:45:00Z,200,692,ms,agent-1,ap-south-1
svc-auth,auth-api,2025-05-19T13:45:00Z,200,144,ms,agent-1,ap-south-1
svc-notify,notify-worker,2025-05-19T06:30:00Z,200,150,ms,agent-1,ap-south-1
svc-payments,payments-api,2025-05-26T08:45:00Z,200,313,ms,agent-1,ap-south-1
svc-reports,reports-api,2025-05-31T02:00:00Z,200,,ms,agent-2,ap-south-1
svc-auth,auth-api,2025-05-23T15:30:00Z,200,98,ms,agent-1,ap-south-1
svc-search,search-api,2025-05-21T17:45:00Z,200,0.391,s,agent-1,ap-south-1
svc-reports,reports-api,2025-05-22T20:00:00Z,200,552,ms,agent-1,ap-south-1
svc-search,search-api,2025-05-23T00:00:00Z,200,0.656,s,agent-1,ap-south-1
svc-notify,notify-worker,2025-05-29T04:45:00Z,200,110,ms,agent-1,ap-south-1
svc-notify,notify-worker,2025-05-29T18:45:00Z,200,116,ms,agent-1,ap-south-1
svc-reports,reports-api,2025-05-29T07:45:00Z,200,547,ms,agent-1,ap-south-1
svc-search,search-api,2025-05-22T01:00:00Z,200,0.471,s,agent-1,ap-south-1
svc-reports,reports-api,2025-05-25T04:00:00Z,200,559,ms,agent-1,ap-south-1
svc-notify,notify-worker,2025-05-26T15:45:00Z,200,142,ms,agent-2,ap-south-1
svc-search,search-api,2025-05-21T10:15:00Z,200,0.388,s,agent-1,ap-south-1
svc-payments,payments-api,2025-05-24T22:45:00Z,200,268,ms,agent-1,ap-south-1
svc-notify,notify-worker,2025-05-21T01:15:00Z,200,86,ms,agent-1,ap-south-1
svc-payments,payments-api,2025-05-28T04:30:00Z,200,444,ms,agent-1,ap-south-1
svc-search,search-api,2025-05-20T16:00:00Z,200,0.459,s,agent-1,ap-south-1
svc-search,search-api,2025-05-31T09:00:00Z,200,0.567,s,agent-1,ap-south-1
svc-reports,reports-api,2025-05-19T06:15:00Z,200,767,ms,agent-1,ap-south-1
svc-reports,reports-api,2025-05-19T01:15:00Z,200,566,ms,agent-1,ap-south-1
svc-reports,reports-api,2025-05-26T03:15:00Z,200,803,ms,agent-1,ap-south-1
svc-search,search-api,2025-05-29T10:15:00Z,200,0.467,s,agent-1,ap-south-1
svc-payments,payments-api,2025-05-23T18:00:00Z,200,416,ms,agent-1,ap-south-1
svc-auth,auth-api,2025-05-26T11:00:00Z,200,147,ms,agent-1,ap-south-1
svc-auth,auth-api,2025-05-23T20:15:00Z,200,133,ms,agent-1,ap-south-1
svc-search,search-api,2025-05-25T05:00:00Z,200,0.694,s,agent-1,ap-south-1
svc-payments,payments-api,2025-05-28T21:45:00Z,200,370,ms,agent-1,ap-south-1
svc-notify,notify-worker,2025-05-26T03:45:00Z,200,97,ms,agent-1,ap-south-1
svc-search,search-api,2025-05-24T19:15:00Z,200,0.661,s,agent-1,ap-south-1
svc-notify,notify-worker,2025-05-22T03:45:00Z,200,133,ms,agent-1,ap-south-1
svc-reports,reports-api,2025-05-19T00:30:00Z,200,660,ms,agent-1,ap-south-1
svc-reports,reports-api,1747716300,200,,ms,agent-2,ap-south-1
svc-reports,reports-api,2025-05-27T15:45:00Z,200,525,ms,agent-1,ap-south-1
svc-search,search-api,2025-05-23T02:30:00Z,200,0.363,s,agent-1,ap-south-1
svc-payments,payments-api,2025-06-01T11:45:00Z,200,249,ms,agent-1,ap-south-1
svc-auth,auth-api,2025-05-23T05:15:00Z,200,186,ms,agent-1,ap-south-1
svc-payments,payments-api,2025-05-20T18:30:00Z,200,429,ms,agent-1,ap-south-1
svc-reports,reports-api,2025-05-31T19:00:00Z,200,737,ms,agent-1,ap-south-1
svc-payments,payments-api,2025-05-31T15:15:00Z,200,275,ms,agent-1,ap-south-1
svc-notify,notify-worker,2025-05-20T18:45:00Z,200,138,ms,agent-1,ap-south-1
svc-auth,auth-api,2025-05-26T02:00:00Z,200,156,ms,agent-1,ap-south-1
svc-payments,payments-api,2025-05-26T18:45:00Z,200,484,ms,agent-1,ap-south-1
svc-payments,payments-api,2025-05-31T09:00:00Z,200,359,ms,agent-1,ap-south-1
svc-payments,payments-api,2025-05-25T06:30:00Z,200,314,ms,agent-1,ap-south-1
svc-search,search-api,2025-05-29T03:30:00Z,200,0.466,s,agent-1,ap-south-1
svc-reports,reports-api,2025-05-29T17:45:00Z,200,709,ms,agent-1,ap-south-1
svc-auth,auth-api,2025-05-19T11:00:00Z,200,161,ms,agent-1,ap-south-1
svc-reports,reports-api,2025-06-01T17:30:00Z,200,672,ms,agent-1,ap-south-1
svc-auth,auth-api,2025-05-22T23:00:00Z,200,96,ms,agent-1,ap-south-1
svc-payments,payments-api,2025-05-25T01:00:00Z,200,251,ms,agent-1,ap-south-1
svc-notify,notify-worker,2025-05-20T00:00:00Z,200,143,ms,agent-1,ap-south-1
svc-auth,auth-api,2025-05-27T07:45:00Z,200,112,ms,agent-1,ap-south-1
svc-reports,reports-api,2025-05-22T23:45:00Z,200,746,ms,agent-1,ap-south-1
svc-notify,notify-worker,2025-05-25T23:15:00Z,200,124,ms,agent-2,ap-south-1
svc-reports,reports-api,2025-05-20T22:15:00Z,200,745,ms,agent-2,ap-south-1
svc-payments,payments-api,2025-05-29T05:15:00Z,200,386,ms,agent-1,ap-south-1
svc-reports,reports-api,2025-05-21T02:30:00Z,200,826,ms,agent-1,ap-south-1
svc-search,search-api,2025-05-25T04:45:00Z,200,0.417,s,agent-1,ap-south-1
svc-search,search-api,2025-05-19T07:30:00Z,200,0.576,s,agent-1,ap-south-1
svc-payments,payments-api,2025-05-28T23:45:00Z,200,478,ms,agent-1,ap-south-1
svc-payments,payments-api,2025-06-01T15:30:00Z,200,321,ms,agent-1,ap-south-1
svc-payments,payments-api,2025-05-31T12:30:00Z,200,314,ms,agent-1,ap-south-1
svc-search,search-api,2025-05-20T00:30:00Z,200,0.712,s,agent-1,ap-south-1
svc-auth,auth-api,2025-05-27T13:45:00Z,200,148,ms,agent-1,ap-south-1
svc-search,search-api,2025-05-21T03:45:00Z,200,0.611,s,agent-1,ap-south-1
svc-payments,payments-api,2025-05-21T07:00:00Z,200,392,ms,agent-1,ap-south-1
svc-auth,auth-api,2025-05-25T08:45:00Z,200,128,ms,agent-1,ap-south-1
svc-auth,auth-api,2025-06-01T00:45:00Z,200,177,ms,agent-1,ap-south-1
svc-notify,notify-worker,2025-05-23T14:30:00Z,200,126,ms,agent-1,ap-south-1
svc-notify,notify-worker,2025-05-27T11:00:00Z,200,138,ms,agent-1,ap-south-1
svc-reports,reports-api,2025-05-21T14:15:00Z,200,555,ms,agent-1,ap-south-1
svc-reports,reports-api,2025-05-31T14:30:00Z,200,553,ms,agent-1,ap-south-1
svc-reports,reports-api,2025-05-25T01:15:00Z,200,797,ms,agent-1,ap-south-1
svc-payments,payments-api,2025-05-19T07:45:00Z,200,274,ms,agent-1,ap-south-1
svc-auth,auth-api,2025-05-26T10:00:00Z,200,100,ms,agent-1,ap-south-1
svc-notify,notify-worker,2025-05-20T01:15:00Z,200,117,ms,agent-1,ap-south-1
svc-payments,payments-api,2025-05-22T23:00:00Z,200,342,ms,agent-2,ap-south-1
svc-payments,payments-api,2025-05-27T05:45:00Z,200,273,ms,agent-1,ap-south-1
svc-auth,auth-api,2025-05-30T11:00:00Z,200,103,ms,agent-1,ap-south-1
svc-notify,notify-worker,2025-05-26T15:00:00Z,200,89,ms,agent-1,ap-south-1
svc-notify,notify-worker,2025-05-23T02:45:00Z,200,135,ms,agent-1,ap-south-1
svc-reports,reports-api,2025-05-30T14:00:00Z,200,625,ms,agent-1,ap-south-1
svc-reports,reports-api,2025-05-19T11:00:00Z,200,697,ms,agent-2,ap-south-1
svc-notify,notify-worker,2025-05-30T05:15:00Z,200,98,ms,agent-1,ap-south-1
svc-reports,reports-api,2025-05-23T03:45:00Z,200,566,ms,agent-1,ap-south-1
svc-notify,notify-worker,2025-06-01T00:00:00Z,200,98,ms,agent-2,ap-south-1
svc-search,search-api,2025-05-29T20:45:00Z,200,0.427,s,agent-1,ap-south-1
svc-payments,payments-api,2025-05-19T10:00:00Z,200,443,ms,agent-1,ap-south-1
svc-reports,reports-api,2025-05-31T04:00:00Z,200,600,ms,agent-1,ap-south-1
svc-reports,reports-api,2025-05-20T20:30:00Z,200,615,ms,agent-1,ap-south-1
svc-auth,auth-api,2025-05-25T02:00:00Z,200,120,ms,agent-1,ap-south-1
svc-notify,notify-worker,2025-05-22T12:15:00Z,200,131,ms,agent-1,ap-south-1
svc-reports,reports-api,2025-05-19T16:15:00Z,200,490,ms,agent-2,ap-south-1
svc-auth,auth-api,2025-05-29T06:30:00Z,200,133,ms,agent-1,ap-south-1
svc-reports,reports-api,2025-05-28T13:45:00Z,200,691,ms,agent-1,ap-south-1
svc-reports,reports-api,2025-05-31T19:30:00Z,200,797,ms,agent-2,ap-south-1
svc-payments,payments-api,2025-05-28T03:30:00Z,200,410,ms,agent-1,ap-south-1
svc-search,search-api,2025-05-31T17:45:00Z,200,0.555,s,agent-1,ap-south-1
svc-reports,reports-api,2025-05-27T18:45:00Z,200,472,ms,agent-1,ap-south-1
svc-auth,auth-api,2025-05-27T20:30:00Z,200,130,ms,agent-1,ap-south-1
svc-notify,notify-worker,2025-05-25T23:15:00Z,200,119,ms,agent-1,ap-south-1
svc-payments,payments-api,2025-05-26T07:30:00Z,200,495,ms,agent-1,ap-south-1
svc-reports,reports-api,2025-05-20T00:00:00Z,200,658,ms,agent-1,ap-south-1
svc-payments,payments-api,2025-05-20T02:15:00Z,200,472,ms,agent-1,ap-south-1
svc-payments,payments-api,2025-05-24T08:30:00Z,200,283,ms,agent-1,ap-south-1
svc-search,search-api,2025-05-23T09:45:00Z,200,0.672,s,agent-1,ap-south-1
svc-reports,reports-api,2025-05-23T01:30:00Z,503,839,ms,agent-1,ap-south-1
svc-payments,payments-api,2025-05-27T09:45:00Z,200,494,ms,agent-1,ap-south-1
svc-reports,reports-api,2025-05-30T23:00:00Z,200,462,ms,agent-1,ap-south-1
svc-search,search-api,2025-05-28T09:30:00Z,200,0.385,s,agent-1,ap-south-1
svc-payments,payments-api,2025-05-24T03:45:00Z,200,300,ms,agent-1,ap-south-1
svc-notify,notify-worker,2025-05-23T22:45:00Z,200,118,ms,agent-1,ap-south-1
svc-search,search-api,2025-05-19T20:15:00Z,200,0.654,s,agent-1,ap-south-1
svc-search,search-api,2025-05-23T20:00:00Z,200,0.457,s,agent-1,ap-south-1
svc-payments,payments-api,2025-05-22T08:45:00Z,200,387,ms,agent-1,ap-south-1
svc-reports,reports-api,2025-05-28T10:45:00Z,200,572,ms,agent-1,ap-south-1
svc-auth,auth-api,2025-05-30T02:00:00Z,200,171,ms,agent-1,ap-south-1
svc-reports,reports-api,2025-05-24T07:45:00Z,200,825,ms,agent-1,ap-south-1
svc-notify,notify-worker,2025-05-25T02:00:00Z,200,82,ms,agent-1,ap-south-1
svc-notify,notify-worker,2025-06-01T00:15:00Z,200,,ms,agent-1,ap-south-1
svc-auth,auth-api,2025-05-25T17:30:00Z,200,113,ms,agent-1,ap-south-1
svc-notify,notify-worker,2025-05-22T21:45:00Z,200,149,ms,agent-2,ap-south-1
svc-search,search-api,2025-05-30T22:45:00Z,200,0.583,s,agent-1,ap-south-1
svc-reports,reports-api,1748563200,200,806,ms,agent-2,ap-south-1
svc-payments,payments-api,2025-05-23T21:15:00Z,200,466,ms,agent-1,ap-south-1
svc-search,search-api,2025-05-27T21:15:00Z,200,0.434,s,agent-1,ap-south-1
svc-search,search-api,2025-05-24T13:00:00Z,200,0.419,s,agent-1,ap-south-1
svc-search,search-api,2025-05-28T09:15:00Z,200,0.662,s,agent-1,ap-south-1
svc-auth,auth-api,2025-05-22T20:15:00Z,200,120,ms,agent-1,ap-south-1
svc-search,search-api,2025-05-26T02:00:00Z,200,0.705,s,agent-1,ap-south-1
svc-payments,payments-api,2025-05-28T19:15:00Z,200,384,ms,agent-1,ap-south-1
svc-auth,auth-api,2025-05-22T23:15:00Z,200,179,ms,agent-1,ap-south-1
svc-reports,reports-api,2025-05-22T14:30:00Z,200,585,ms,agent-2,ap-south-1
svc-notify,notify-worker,2025-05-21T04:00:00Z,200,111,ms,agent-1,ap-south-1
svc-payments,payments-api,2025-05-22T03:15:00Z,200,297,ms,agent-1,ap-south-1
svc-reports,reports-api,2025-05-24T09:00:00Z,200,689,ms,agent-1,ap-south-1
svc-auth,auth-api,2025-05-19T14:00:00Z,200,162,ms,agent-1,ap-south-1
svc-notify,notify-worker,2025-05-28T20:30:00Z,200,131,ms,agent-1,ap-south-1
svc-auth,auth-api,2025-05-22T03:00:00Z,200,125,ms,agent-1,ap-south-1
svc-notify,notify-worker,2025-05-30T00:00:00Z,200,117,ms,agent-1,ap-south-1
svc-reports,reports-api,2025-05-19T11:00:00Z,200,699,ms,agent-1,ap-south-1
svc-auth,auth-api,2025-05-20T09:00:00Z,200,108,ms,agent-1,ap-south-1
svc-search,search-api,2025-05-26T02:45:00Z,200,0.41,s,agent-1,ap-south-1
svc-search,search-api,2025-05-26T13:45:00Z,200,0.431,s,agent-1,ap-south-1
svc-notify,notify-worker,2025-05-21T10:15:00Z,200,104,ms,agent-1,ap-south-1
svc-notify,notify-worker,2025-05-26T18:30:00Z,200,89,ms,agent-1,ap-south-1
svc-auth,auth-api,2025-05-24T16:00:00Z,200,138,ms,agent-1,ap-south-1
svc-reports,reports-api,2025-05-30T01:45:00Z,200,756,ms,agent-1,ap-south-1
svc-reports,reports-api,2025-05-20T18:45:00Z,200,533,ms,agent-2,ap-south-1
svc-search,search-api,2025-05-27T17:15:00Z,200,0.566,s,agent-1,ap-south-1
svc-notify,notify-worker,2025-05-28T12:45:00Z,200,81,ms,agent-1,ap-south-1
svc-reports,reports-api,2025-05-24T01:30:00Z,200,797,ms,agent-1,ap-south-1
svc-search,search-api,2025-05-19T03:00:00Z,200,0.544,s,agent-1,ap-south-1
svc-notify,notify-worker,2025-05-27T11:45:00Z,200,96,ms,agent-1,ap-south-1
svc-search,search-api,2025-05-24T09:30:00Z,200,0.685,s,agent-1,ap-south-1
svc-search,search-api,2025-05-28T00:45:00Z,200,0.667,s,agent-1,ap-south-1
svc-reports,reports-api,2025-05-29T21:30:00Z,200,602,ms,agent-1,ap-south-1
svc-notify,notify-worker,2025-05-30T13:30:00Z,200,139,ms,agent-1,ap-south-1
svc-reports,reports-api,2025-05-28T02:30:00Z,200,606,ms,agent-1,ap-south-1
svc-payments,payments-api,2025-05-30T01:15:00Z,200,414,ms,agent-1,ap-south-1
svc-auth,auth-api,2025-05-28T17:15:00Z,200,155,ms,agent-1,ap-south-1
svc-notify,notify-worker,2025-05-31T14:15:00Z,200,144,ms,agent-1,ap-south-1
svc-payments,payments-api,2025-05-21T18:30:00Z,200,308,ms,agent-1,ap-south-1
svc-auth,auth-api,2025-05-29T16:30:00Z,200,181,ms,agent-1,ap-south-1
svc-search,search-api,2025-05-26T00:00:00Z,200,0.572,s,agent-1,ap-south-1
svc-payments,payments-api,2025-05-27T22:30:00Z,200,451,ms,agent-1,ap-south-1
svc-search,search-api,2025-05-28T16:15:00Z,200,0.469,s,agent-1,ap-south-1
svc-auth,auth-api,2025-05-25T12:15:00Z,200,166,ms,agent-1,ap-south-1
svc-auth,auth-api,2025-05-30T18:30:00Z,200,162,ms,agent-1,ap-south-1
svc-reports,reports-api,2025-05-23T10:00:00Z,200,641,ms,agent-1,ap-south-1
svc-auth,auth-api,2025-05-28T14:00:00Z,200,186,ms,agent-1,ap-south-1
svc-payments,payments-api,2025-05-29T04:30:00Z,200,380,ms,agent-1,ap-south-1
svc-auth,auth-api,2025-06-01T19:00:00Z,200,125,ms,agent-1,ap-south-1
svc-reports,reports-api,2025-05-24T12:00:00Z,200,,ms,agent-1,ap-south-1
svc-notify,notify-worker,2025-05-25T09:00:00Z,502,512,ms,agent-1,ap-south-1
svc-notify,notify-worker,2025-05-30T22:45:00Z,200,108,ms,agent-1,ap-south-1
svc-reports,reports-api,2025-05-24T14:45:00Z,200,672,ms,agent-2,ap-south-1
svc-search,search-api,2025-05-24T08:30:00Z,200,0.474,s,agent-1,ap-south-1
svc-notify,notify-worker,2025-05-21T10:00:00Z,200,138,ms,agent-1,ap-south-1
svc-reports,reports-api,2025-05-21T23:00:00Z,200,576,ms,agent-1,ap-south-1
svc-reports,reports-api,1747851300,200,769,ms,agent-1,ap-south-1
svc-reports,reports-api,2025-06-01T10:15:00Z,200,835,ms,agent-1,ap-south-1
svc-auth,auth-api,2025-05-27T22:30:00Z,200,125,ms,agent-1,ap-south-1
svc-notify,notify-worker,2025-05-31T06:30:00Z,200,119,ms,agent-1,ap-south-1
svc-reports,reports-api,2025-05-25T10:15:00Z,200,452,ms,agent-1,ap-south-1
svc-auth,auth-api,2025-05-26T23:45:00Z,200,129,ms,agent-1,ap-south-1
svc-payments,payments-api,2025-05-20T11:30:00Z,200,275,ms,agent-1,ap-south-1
svc-search,search-api,2025-05-29T21:45:00Z,200,0.563,s,agent-1,ap-south-1
svc-notify,notify-worker,2025-05-21T16:45:00Z,200,142,ms,agent-1,ap-south-1
svc-search,search-api,2025-05-23T04:15:00Z,200,0.439,s,agent-1,ap-south-1
svc-payments,payments-api,2025-05-30T19:00:00Z,200,328,ms,agent-1,ap-south-1
svc-notify,notify-worker,2025-05-30T08:15:00Z,200,136,ms,agent-1,ap-south-1
svc-notify,notify-worker,2025-05-31T23:45:00Z,200,136,ms,agent-1,ap-south-1
svc-search,search-api,2025-05-28T08:15:00Z,200,0.424,s,agent-1,ap-south-1
svc-payments,payments-api,2025-05-25T06:45:00Z,200,296,ms,agent-1,ap-south-1
svc-notify,notify-worker,2025-05-21T00:00:00Z,200,90,ms,agent-1,ap-south-1
svc-notify,notify-worker,2025-05-25T01:30:00Z,200,151,ms,agent-1,ap-south-1
svc-payments,payments-api,2025-05-30T23:30:00Z,200,275,ms,agent-1,ap-south-1
svc-auth,auth-api,2025-05-22T19:00:00Z,200,186,ms,agent-1,ap-south-1
svc-notify,notify-worker,2025-05-29T23:00:00Z,200,100,ms,agent-1,ap-south-1
svc-auth,auth-api,2025-05-28T02:45:00Z,200,175,ms,agent-1,ap-south-1
svc-notify,notify-worker,2025-06-01T06:45:00Z,200,97,ms,agent-1,ap-south-1
svc-reports,reports-api,2025-05-20T21:30:00Z,200,513,ms,agent-1,ap-south-1
svc-reports,reports-api,2025-05-31T14:15:00Z,200,462,ms,agent-1,ap-south-1
svc-notify,notify-worker,2025-05-25T18:45:00Z,200,108,ms,agent-1,ap-south-1
svc-notify,notify-worker,2025-05-24T02:30:00Z,500,94,ms,agent-1,ap-south-1
svc-notify,notify-worker,2025-05-19T10:00:00Z,200,87,ms,agent-1,ap-south-1
svc-auth,auth-api,2025-05-27T16:00:00Z,200,137,ms,agent-1,ap-south-1
svc-auth,auth-api,2025-05-23T19:30:00Z,200,185,ms,agent-1,ap-south-1
svc-payments,payments-api,2025-05-25T21:00:00Z,200,419,ms,agent-1,ap-south-1
svc-reports,reports-api,2025-06-01T23:45:00Z,200,499,ms,agent-1,ap-south-1
svc-payments,payments-api,2025-05-30T12:45:00Z,200,463,ms,agent-1,ap-south-1
svc-payments,payments-api,2025-05-27T23:15:00Z,200,321,ms,agent-1,ap-south-1
svc-auth,auth-api,2025-05-31T05:45:00Z,200,98,ms,agent-1,ap-south-1
svc-auth,auth-api,2025-05-29T18:30:00+05:30,200,194,ms,agent-2,ap-south-1
svc-notify,notify-worker,2025-05-21T12:15:00Z,200,123,ms,agent-1,ap-south-1
svc-payments,payments-api,2025-05-22T13:15:00Z,200,380,ms,agent-1,ap-south-1
svc-reports,reports-api,2025-05-22T00:30:00Z,200,642,ms,agent-1,ap-south-1
svc-search,search-api,2025-05-31T05:00:00Z,200,0.56,s,agent-1,ap-south-1
svc-reports,reports-api,2025-05-30T10:45:00Z,200,684,ms,agent-1,ap-south-1
svc-payments,payments-api,2025-05-24T15:45:00Z,200,248,ms,agent-1,ap-south-1
svc-payments,payments-api,2025-05-25T12:45:00Z,200,470,ms,agent-1,ap-south-1
svc-reports,reports-api,2025-05-23T22:30:00Z,200,780,ms,agent-1,ap-south-1
svc-auth,auth-api,2025-05-25T00:00:00Z,200,107,ms,agent-1,ap-south-1
svc-reports,reports-api,2025-06-01T17:15:00Z,503,703,ms,agent-1,ap-south-1
svc-notify,notify-worker,2025-05-23T04:00:00Z,200,142,ms,agent-1,ap-south-1
svc-search,search-api,2025-05-30T06:30:00Z,200,0.709,s,agent-1,ap-south-1
svc-search,search-api,2025-05-19T01:00:00Z,200,0.694,s,agent-1,ap-south-1
svc-auth,auth-api,2025-06-01T10:45:00Z,200,115,ms,agent-1,ap-south-1
svc-reports,reports-api,2025-05-25T23:30:00Z,200,670,ms,agent-1,ap-south-1
svc-auth,auth-api,2025-05-22T13:15:00Z,200,,ms,agent-1,ap-south-1
svc-reports,reports-api,2025-05-29T21:00:00Z,503,804,ms,agent-1,ap-south-1
svc-auth,auth-api,2025-05-21T19:00:00Z,200,187,ms,agent-1,ap-south-1
svc-search,search-api,2025-05-25T11:45:00Z,200,0.664,s,agent-1,ap-south-1
svc-notify,notify-worker,2025-05-24T12:30:00Z,200,83,ms,agent-1,ap-south-1
svc-auth,auth-api,2025-05-27T13:30:00Z,200,149,ms,agent-1,ap-south-1
svc-search,search-api,2025-05-28T16:45:00Z,200,0.389,s,agent-1,ap-south-1
svc-notify,notify-worker,2025-06-01T11:30:00Z,200,148,ms,agent-1,ap-south-1
svc-auth,auth-api,2025-05-24T06:45:00Z,200,142,ms,agent-1,ap-south-1
svc-payments,payments-api,2025-05-24T06:30:00Z,200,335,ms,agent-1,ap-south-1
svc-payments,payments-api,2025-05-24T17:00:00Z,200,361,ms,agent-1,ap-south-1
svc-payments,payments-api,2025-05-20T11:15:00Z,200,406,ms,agent-1,ap-south-1
svc-notify,notify-worker,2025-05-31T00:45:00Z,200,124,ms,agent-1,ap-south-1
svc-payments,payments-api,2025-05-29T03:15:00Z,200,469,ms,agent-1,ap-south-1
svc-auth,auth-api,2025-05-24T03:30:00Z,200,96,ms,agent-1,ap-south-1
svc-auth,auth-api,2025-05-21T02:30:00Z,200,100,ms,agent-1,ap-south-1
svc-payments,payments-api,2025-05-29T20:30:00Z,200,385,ms,agent-1,ap-south-1
svc-reports,reports-api,2025-05-23T02:00:00Z,200,628,ms,agent-1,ap-south-1
svc-auth,auth-api,2025-06-01T07:15:00Z,200,185,ms,agent-1,ap-south-1
svc-reports,reports-api,2025-05-25T22:15:00Z,200,487,ms,agent-1,ap-south-1
svc-notify,notify-worker,2025-05-26T04:00:00Z,200,104,ms,agent-1,ap-south-1
svc-auth,auth-api,2025-05-30T21:00:00Z,200,103,ms,agent-1,ap-south-1
svc-search,search-api,2025-05-22T22:30:00Z,200,0.473,s,agent-1,ap-south-1
svc-search,search-api,2025-05-24T11:00:00Z,200,0.373,s,agent-1,ap-south-1
svc-payments,payments-api,2025-05-22T05:30:00Z,200,306,ms,agent-1,ap-south-1
svc-notify,notify-worker,2025-05-20T03:30:00Z,200,143,ms,agent-2,ap-south-1
svc-auth,auth-api,2025-05-20T15:15:00Z,200,170,ms,agent-1,ap-south-1
svc-notify,notify-worker,2025-05-30T08:00:00Z,200,119,ms,agent-2,ap-south-1
svc-reports,reports-api,2025-05-27T21:45:00Z,200,,ms,agent-2,ap-south-1
svc-auth,auth-api,2025-05-29T03:45:00Z,200,148,ms,agent-1,ap-south-1
svc-notify,notify-worker,2025-05-21T02:30:00Z,200,129,ms,agent-1,ap-south-1
svc-payments,payments-api,2025-05-27T21:30:00Z,200,271,ms,agent-2,ap-south-1
svc-notify,notify-worker,2025-05-21T22:00:00Z,200,112,ms,agent-2,ap-south-1
svc-payments,payments-api,2025-05-30T03:00:00Z,200,314,ms,agent-1,ap-south-1
svc-search,search-api,2025-05-30T04:30:00Z,200,0.689,s,agent-2,ap-south-1
svc-auth,auth-api,2025-05-20T01:15:00Z,200,119,ms,agent-2,ap-south-1
svc-notify,notify-worker,2025-05-28T16:45:00Z,200,129,ms,agent-1,ap-south-1
svc-auth,auth-api,2025-05-26T08:30:00Z,200,144,ms,agent-2,ap-south-1
svc-notify,notify-worker,2025-05-19T17:00:00Z,200,290,ms,agent-1,ap-south-1
svc-auth,auth-api,2025-05-27T03:30:00Z,200,187,ms,agent-1,ap-south-1
svc-notify,notify-worker,2025-05-26T13:15:00Z,200,83,ms,agent-1,ap-south-1
svc-notify,notify-worker,2025-05-19T23:45:00Z,200,133,ms,agent-1,ap-south-1
svc-reports,reports-api,2025-05-30T22:30:00Z,200,578,ms,agent-1,ap-south-1
svc-notify,notify-worker,2025-05-19T08:30:00Z,200,88,ms,agent-1,ap-south-1
svc-auth,auth-api,2025-05-24T04:15:00Z,200,181,ms,agent-1,ap-south-1
svc-reports,reports-api,2025-05-30T08:45:00Z,200,653,ms,agent-1,ap-south-1
svc-payments,payments-api,2025-05-29T06:45:00Z,200,357,ms,agent-1,ap-south-1
svc-notify,notify-worker,2025-05-31T22:45:00Z,200,92,ms,agent-1,ap-south-1
svc-reports,reports-api,2025-05-30T23:45:00Z,200,480,ms,agent-1,ap-south-1
svc-notify,notify-worker,2025-05-30T15:15:00Z,200,90,ms,agent-1,ap-south-1
svc-auth,auth-api,2025-06-01T14:15:00Z,200,191,ms,agent-1,ap-south-1
svc-payments,payments-api,2025-05-25T04:15:00Z,200,464,ms,agent-1,ap-south-1
svc-notify,notify-worker,2025-05-24T06:30:00Z,200,133,ms,agent-1,ap-south-1
svc-notify,notify-worker,2025-05-21T05:15:00Z,200,99,ms,agent-2,ap-south-1
svc-search,search-api,2025-05-31T11:30:00Z,200,0.624,s,agent-1,ap-south-1
svc-search,search-api,2025-05-30T03:30:00Z,200,0.386,s,agent-1,ap-south-1
svc-payments,payments-api,2025-05-29T15:45:00Z,200,449,ms,agent-1,ap-south-1
svc-search,search-api,2025-05-24T04:00:00Z,200,0.502,s,agent-1,ap-south-1
svc-notify,notify-worker,2025-06-01T07:00:00Z,200,103,ms,agent-1,ap-south-1
svc-search,search-api,2025-05-20T23:30:00Z,200,0.45,s,agent-1,ap-south-1
svc-notify,notify-worker,2025-05-31T04:15:00Z,200,99,ms,agent-1,ap-south-1
svc-payments,payments-api,2025-05-27T04:00:00Z,200,266,ms,agent-1,ap-south-1
svc-auth,auth-api,2025-05-31T00:15:00Z,200,138,ms,agent-1,ap-south-1
svc-notify,notify-worker,2025-05-30T17:30:00Z,200,79,ms,agent-1,ap-south-1
svc-search,search-api,2025-05-23T04:00:00Z,200,0.376,s,agent-1,ap-south-1
svc-reports,reports-api,2025-05-25T07:45:00Z,200,448,ms,agent-1,ap-south-1
svc-reports,reports-api,2025-05-26T08:45:00Z,200,549,ms,agent-1,ap-south-1
svc-notify,notify-worker,2025-05-30T14:45:00Z,200,79,ms,agent-1,ap-south-1
svc-notify,notify-worker,2025-05-31T01:15:00Z,200,78,ms,agent-1,ap-south-1
svc-payments,payments-api,2025-05-22T17:30:00Z,200,349,ms,agent-1,ap-south-1
svc-search,search-api,2025-05-21T02:45:00Z,200,0.451,s,agent-1,ap-south-1
svc-search,search-api,2025-05-26T12:30:00Z,200,0.659,s,agent-1,ap-south-1
svc-notify,notify-worker,2025-05-21T20:30:00Z,200,137,ms,agent-1,ap-south-1
svc-reports,reports-api,2025-05-27T19:00:00Z,200,770,ms,agent-1,ap-south-1
svc-auth,auth-api,2025-05-28T12:00:00Z,200,98,ms,agent-1,ap-south-1
svc-notify,notify-worker,2025-05-27T14:30:00Z,200,143,ms,agent-1,ap-south-1
svc-auth,auth-api,2025-05-28T18:30:00Z,200,173,ms,agent-1,ap-south-1
svc-reports,reports-api,2025-05-21T18:45:00+05:30,200,539,ms,agent-1,ap-south-1
svc-auth,auth-api,2025-05-28T07:30:00Z,200,132,ms,agent-1,ap-south-1
svc-auth,auth-api,2025-05-30T14:30:00Z,200,127,ms,agent-1,ap-south-1
svc-search,search-api,2025-05-27T23:30:00Z,200,0.643,s,agent-1,ap-south-1
svc-reports,reports-api,2025-05-27T05:30:00Z,200,501,ms,agent-1,ap-south-1
svc-notify,notify-worker,2025-05-21T20:15:00Z,200,129,ms,agent-1,ap-south-1
svc-auth,auth-api,2025-05-23T04:00:00Z,200,152,ms,agent-1,ap-south-1
svc-reports,reports-api,2025-05-31T11:45:00Z,200,746,ms,agent-1,ap-south-1
svc-reports,reports-api,2025-05-26T23:15:00Z,200,718,ms,agent-1,ap-south-1
svc-notify,notify-worker,2025-05-23T15:00:00Z,200,103,ms,agent-1,ap-south-1
svc-auth,auth-api,2025-05-21T16:15:00Z,200,166,ms,agent-1,ap-south-1
svc-reports,reports-api,2025-05-24T19:45:00Z,200,557,ms,agent-1,ap-south-1
svc-auth,auth-api,2025-05-29T15:30:00Z,200,114,ms,agent-1,ap-south-1
svc-payments,payments-api,2025-05-21T00:30:00Z,200,,ms,agent-1,ap-south-1
svc-payments,payments-api,2025-05-27T13:00:00Z,200,449,ms,agent-2,ap-south-1
svc-notify,notify-worker,2025-05-19T15:00:00Z,503,413,ms,agent-1,ap-south-1
svc-payments,payments-api,2025-05-23T14:30:00Z,200,490,ms,agent-1,ap-south-1
svc-reports,reports-api,2025-05-31T10:15:00Z,200,565,ms,agent-1,ap-south-1
svc-notify,notify-worker,2025-05-22T00:15:00Z,200,112,ms,agent-1,ap-south-1
svc-notify,notify-worker,2025-05-25T12:00:00Z,200,97,ms,agent-1,ap-south-1
svc-reports,reports-api,2025-05-29T03:45:00Z,200,858,ms,agent-1,ap-south-1
svc-payments,payments-api,2025-05-31T08:30:00Z,200,290,ms,agent-1,ap-south-1
svc-search,search-api,2025-05-31T15:00:00Z,200,0.555,s,agent-1,ap-south-1
svc-reports,reports-api,2025-05-21T14:45:00Z,200,632,ms,agent-1,ap-south-1
svc-notify,notify-worker,2025-05-25T14:15:00Z,200,122,ms,agent-2,ap-south-1
svc-search,search-api,2025-05-25T01:00:00Z,200,0.397,s,agent-1,ap-south-1
svc-reports,reports-api,2025-05-25T14:45:00Z,200,860,ms,agent-1,ap-south-1
svc-reports,reports-api,2025-05-31T22:45:00Z,200,502,ms,agent-1,ap-south-1
svc-reports,reports-api,2025-05-25T15:15:00Z,502,615,ms,agent-1,ap-south-1
svc-search,search-api,2025-05-23T12:45:00Z,200,0.558,s,agent-1,ap-south-1
svc-reports,reports-api,2025-05-30T16:00:00Z,200,737,ms,agent-1,ap-south-1
svc-notify,notify-worker,2025-05-31T21:30:00Z,200,130,ms,agent-1,ap-south-1
svc-reports,reports-api,2025-06-01T20:30:00Z,200,694,ms,agent-1,ap-south-1
svc-search,search-api,2025-05-30T06:15:00Z,200,0.566,s,agent-1,ap-south-1
svc-notify,notify-worker,2025-05-22T14:00:00Z,200,142,ms,agent-1,ap-south-1
svc-payments,payments-api,2025-05-24T01:30:00Z,200,441,ms,agent-2,ap-south-1
svc-notify,notify-worker,2025-05-26T01:15:00Z,503,94,ms,agent-1,ap-south-1
svc-auth,auth-api,2025-05-31T11:30:00Z,200,98,ms,agent-1,ap-south-1
svc-payments,payments-api,2025-05-19T10:15:00Z,200,320,ms,agent-1,ap-south-1
svc-reports,reports-api,2025-05-22T16:00:00Z,200,619,ms,agent-1,ap-south-1
svc-notify,notify-worker,2025-05-19T12:15:00Z,200,76,ms,agent-1,ap-south-1
svc-notify,notify-worker,2025-05-20T01:30:00Z,200,142,ms,agent-1,ap-south-1
svc-reports,reports-api,2025-05-24T14:15:00Z,200,651,ms,agent-1,ap-south-1
svc-search,search-api,2025-05-28T00:15:00Z,200,0.687,s,agent-1,ap-south-1
svc-reports,reports-api,2025-05-23T21:45:00Z,200,434,ms,agent-1,ap-south-1
svc-search,search-api,2025-05-23T06:15:00Z,200,0.536,s,agent-1,ap-south-1
svc-reports,reports-api,2025-05-24T06:45:00Z,200,812,ms,agent-1,ap-south-1
svc-search,search-api,2025-05-28T10:45:00Z,200,0.368,s,agent-1,ap-south-1
svc-payments,payments-api,2025-05-19T01:30:00Z,200,469,ms,agent-1,ap-south-1
svc-notify,notify-worker,2025-05-28T07:45:00Z,200,141,ms,agent-1,ap-south-1
svc-notify,notify-worker,2025-05-29T11:00:00Z,200,122,ms,agent-1,ap-south-1
svc-search,search-api,2025-05-24T13:45:00Z,200,0.474,s,agent-1,ap-south-1
svc-search,search-api,2025-05-26T00:30:00Z,200,0.574,s,agent-1,ap-south-1
svc-reports,reports-api,2025-05-31T15:45:00Z,200,791,ms,agent-1,ap-south-1
svc-auth,auth-api,2025-05-19T15:15:00Z,200,147,ms,agent-1,ap-south-1
svc-auth,auth-api,2025-05-25T18:00:00Z,200,133,ms,agent-1,ap-south-1
svc-auth,auth-api,2025-05-21T22:30:00Z,200,98,ms,agent-1,ap-south-1
svc-notify,notify-worker,2025-05-26T16:45:00Z,200,82,ms,agent-1,ap-south-1
svc-payments,payments-api,2025-05-21T20:45:00Z,200,355,ms,agent-1,ap-south-1
svc-notify,notify-worker,2025-05-19T17:45:00Z,500,316,ms,agent-1,ap-south-1
svc-reports,reports-api,2025-05-29T05:15:00Z,200,566,ms,agent-1,ap-south-1
svc-notify,notify-worker,2025-05-24T02:00:00Z,200,140,ms,agent-2,ap-south-1
svc-auth,auth-api,2025-05-27T16:30:00Z,200,141,ms,agent-1,ap-south-1
svc-reports,reports-api,2025-05-22T22:30:00Z,200,807,ms,agent-1,ap-south-1
svc-payments,payments-api,2025-05-24T04:00:00Z,200,368,ms,agent-1,ap-south-1
svc-auth,auth-api,2025-06-01T15:00:00Z,200,161,ms,agent-1,ap-south-1
svc-reports,reports-api,2025-05-21T11:30:00Z,200,788,ms,agent-1,ap-south-1
svc-reports,reports-api,2025-05-21T07:30:00Z,200,701,ms,agent-1,ap-south-1
svc-search,search-api,2025-05-31T02:45:00Z,200,0.476,s,agent-1,ap-south-1
svc-notify,notify-worker,2025-05-22T13:45:00Z,200,123,ms,agent-1,ap-south-1
svc-search,search-api,2025-05-19T22:15:00Z,200,0.627,s,agent-2,ap-south-1
svc-search,search-api,2025-05-22T07:00:00Z,200,0.717,s,agent-1,ap-south-1
svc-reports,reports-api,2025-05-26T00:45:00Z,200,643,ms,agent-1,ap-south-1
svc-payments,payments-api,2025-05-21T12:30:00Z,200,412,ms,agent-1,ap-south-1
svc-reports,reports-api,2025-05-22T17:15:00Z,200,464,ms,agent-1,ap-south-1
svc-search,search-api,2025-05-28T22:30:00Z,200,0.561,s,agent-1,ap-south-1
svc-auth,auth-api,2025-05-27T08:30:00Z,200,104,ms,agent-1,ap-south-1
svc-auth,auth-api,2025-05-31T06:30:00Z,200,174,ms,agent-1,ap-south-1
svc-reports,reports-api,2025-05-31T01:30:00Z,200,542,ms,agent-1,ap-south-1
svc-notify,notify-worker,2025-05-19T10:45:00Z,200,76,ms,agent-1,ap-south-1
svc-notify,notify-worker,2025-05-26T19:30:00Z,200,151,ms,agent-1,ap-south-1
svc-reports,reports-api,2025-05-30T04:45:00Z,200,482,ms,agent-1,ap-south-1
svc-notify,notify-worker,2025-05-27T09:30:00Z,200,140,ms,agent-2,ap-south-1
svc-reports,reports-api,2025-05-23T17:45:00Z,200,747,ms,agent-1,ap-south-1
svc-reports,reports-api,2025-05-22T23:15:00Z,200,606,ms,agent-1,ap-south-1
svc-reports,reports-api,2025-05-28T17:15:00Z,200,523,ms,agent-1,ap-south-1
svc-reports,reports-api,2025-05-22T07:45:00Z,200,501,ms,agent-1,ap-south-1
svc-notify,notify-worker,2025-05-29T19:45:00Z,200,81,ms,agent-1,ap-south-1
svc-reports,reports-api,2025-05-22T10:15:00Z,200,602,ms,agent-1,ap-south-1
svc-auth,auth-api,2025-05-23T05:30:00Z,200,130,ms,agent-1,ap-south-1
svc-payments,payments-api,2025-05-23T23:15:00Z,200,321,ms,agent-1,ap-south-1
svc-search,search-api,2025-05-26T15:00:00Z,200,0.493,s,agent-1,ap-south-1
svc-payments,payments-api,2025-05-29T00:30:00Z,200,312,ms,agent-1,ap-south-1
svc-payments,payments-api,2025-05-22T08:30:00Z,200,444,ms,agent-1,ap-south-1
svc-search,search-api,2025-05-21T07:45:00Z,200,0.441,s,agent-1,ap-south-1
svc-payments,payments-api,2025-05-25T20:45:00Z,200,263,ms,agent-1,ap-south-1
svc-auth,auth-api,2025-05-25T03:30:00Z,200,130,ms,agent-1,ap-south-1
svc-notify,notify-worker,2025-05-21T03:00:00Z,200,133,ms,agent-1,ap-south-1
svc-auth,auth-api,2025-05-21T03:00:00Z,200,177,ms,agent-1,ap-south-1
svc-search,search-api,2025-05-28T06:00:00Z,200,0.707,s,agent-1,ap-south-1
svc-auth,auth-api,2025-05-22T01:00:00Z,200,178,ms,agent-1,ap-south-1
svc-reports,reports-api,2025-05-28T01:30:00Z,200,438,ms,agent-1,ap-south-1
svc-payments,payments-api,2025-05-24T09:45:00Z,200,401,ms,agent-1,ap-south-1
svc-search,search-api,2025-05-24T11:45:00Z,200,0.71,s,agent-1,ap-south-1
svc-search,search-api,2025-05-19T16:00:00Z,200,0.397,s,agent-1,ap-south-1
svc-reports,reports-api,2025-05-27T08:15:00Z,200,729,ms,agent-1,ap-south-1
svc-notify,notify-worker,2025-05-20T13:15:00Z,200,114,ms,agent-1,ap-south-1
svc-search,search-api,2025-05-28T02:30:00Z,200,0.487,s,agent-1,ap-south-1
svc-search,search-api,2025-05-19T18:45:00Z,200,0.545,s,agent-1,ap-south-1
svc-reports,reports-api,2025-05-19T21:00:00Z,200,858,ms,agent-1,ap-south-1
svc-reports,reports-api,2025-05-25T05:30:00Z,200,773,ms,agent-1,ap-south-1
svc-auth,auth-api,2025-05-27T15:30:00Z,200,129,ms,agent-1,ap-south-1
svc-payments,payments-api,2025-05-20T04:45:00Z,200,459,ms,agent-1,ap-south-1
svc-payments,payments-api,2025-05-19T18:30:00Z,200,286,ms,agent-1,ap-south-1
svc-auth,auth-api,2025-05-26T22:45:00Z,200,158,ms,agent-1,ap-south-1
svc-auth,auth-api,2025-05-31T17:45:00Z,200,168,ms,agent-1,ap-south-1
svc-search,search-api,2025-05-22T05:00:00Z,200,0.525,s,agent-1,ap-south-1
svc-payments,payments-api,2025-05-19T05:45:00Z,200,416,ms,agent-1,ap-south-1
svc-auth,auth-api,2025-05-23T20:30:00Z,200,182,ms,agent-1,ap-south-1
svc-search,search-api,2025-05-19T04:00:00Z,200,0.668,s,agent-1,ap-south-1
svc-reports,reports-api,2025-05-22T18:00:00Z,200,840,ms,agent-1,ap-south-1
svc-notify,notify-worker,2025-06-01T19:30:00Z,200,114,ms,agent-1,ap-south-1
svc-search,search-api,2025-05-21T10:30:00Z,200,0.64,s,agent-1,ap-south-1
svc-search,search-api,2025-06-01T12:30:00Z,200,0.388,s,agent-1,ap-south-1
svc-auth,auth-api,2025-05-22T05:00:00Z,200,189,ms,agent-1,ap-south-1
svc-auth,auth-api,2025-06-01T22:45:00Z,200,99,ms,agent-1,ap-south-1
svc-payments,payments-api,2025-05-25T15:15:00Z,200,304,ms,agent-1,ap-south-1
svc-notify,notify-worker,2025-05-22T09:30:00Z,200,100,ms,agent-1,ap-south-1
svc-payments,payments-api,2025-05-26T00:00:00Z,200,262,ms,agent-1,ap-south-1
svc-notify,notify-worker,2025-05-24T10:30:00Z,200,124,ms,agent-1,ap-south-1
svc-payments,payments-api,2025-05-22T22:00:00Z,200,445,ms,agent-1,ap-south-1
svc-search,search-api,2025-05-22T13:45:00Z,200,0.635,s,agent-1,ap-south-1
svc-payments,payments-api,2025-05-31T08:15:00Z,200,455,ms,agent-1,ap-south-1
svc-search,search-api,2025-05-26T06:45:00Z,200,0.418,s,agent-1,ap-south-1
svc-reports,reports-api,2025-05-31T11:00:00Z,200,858,ms,agent-1,ap-south-1
svc-notify,notify-worker,2025-05-30T14:15:00Z,200,144,ms,agent-1,ap-south-1
svc-search,search-api,2025-05-24T01:00:00Z,200,0.599,s,agent-1,ap-south-1
svc-search,search-api,2025-05-26T15:45:00Z,200,0.427,s,agent-1,ap-south-1
svc-reports,reports-api,2025-06-01T01:15:00Z,200,618,ms,agent-1,ap-south-1
svc-auth,auth-api,2025-05-30T14:45:00Z,200,141,ms,agent-1,ap-south-1
svc-reports,reports-api,2025-06-01T15:30:00Z,200,841,ms,agent-1,ap-south-1
svc-auth,auth-api,2025-05-25T09:30:00Z,500,141,ms,agent-1,ap-south-1
svc-reports,reports-api,2025-06-01T19:15:00Z,200,546,ms,agent-1,ap-south-1
svc-search,search-api,2025-05-24T07:30:00Z,200,0.439,s,agent-1,ap-south-1
svc-reports,reports-api,2025-05-24T09:45:00Z,200,679,ms,agent-1,ap-south-1
svc-reports,reports-api,2025-05-20T13:00:00Z,200,765,ms,agent-1,ap-south-1
svc-notify,notify-worker,2025-05-24T10:00:00Z,200,79,ms,agent-1,ap-south-1
svc-reports,reports-api,2025-05-28T20:30:00Z,200,839,ms,agent-2,ap-south-1
svc-search,search-api,2025-06-01T11:00:00Z,200,0.529,s,agent-1,ap-south-1
svc-notify,notify-worker,2025-05-26T17:30:00Z,200,151,ms,agent-1,ap-south-1
svc-search,search-api,2025-05-31T00:45:00Z,200,0.68,s,agent-1,ap-south-1
svc-auth,auth-api,2025-05-26T04:00:00Z,200,185,ms,agent-1,ap-south-1
svc-search,search-api,2025-06-01T05:45:00Z,200,0.462,s,agent-1,ap-south-1
svc-auth,auth-api,2025-05-19T13:00:00Z,200,118,ms,agent-1,ap-south-1
svc-payments,payments-api,2025-05-28T17:00:00Z,200,259,ms,agent-1,ap-south-1
svc-auth,auth-api,2025-05-28T15:30:00Z,200,167,ms,agent-1,ap-south-1
svc-auth,auth-api,2025-05-20T11:30:00Z,200,170,ms,agent-1,ap-south-1
svc-notify,notify-worker,2025-05-28T16:00:00Z,200,126,ms,agent-1,ap-south-1
svc-reports,reports-api,2025-05-24T10:30:00Z,503,574,ms,agent-1,ap-south-1
svc-notify,notify-worker,2025-06-01T20:00:00Z,200,146,ms,agent-1,ap-south-1
svc-search,search-api,2025-05-27T09:00:00Z,200,0.571,s,agent-1,ap-south-1
svc-auth,auth-api,2025-05-26T23:30:00Z,200,138,ms,agent-1,ap-south-1
svc-notify,notify-worker,2025-05-21T03:30:00Z,200,82,ms,agent-1,ap-south-1
svc-reports,reports-api,2025-05-21T13:00:00Z,200,654,ms,agent-1,ap-south-1
svc-search,search-api,2025-06-01T00:30:00Z,200,0.407,s,agent-1,ap-south-1
svc-search,search-api,2025-05-24T06:45:00Z,200,0.562,s,agent-1,ap-south-1
svc-search,search-api,2025-05-23T06:45:00Z,200,0.455,s,agent-1,ap-south-1
svc-auth,auth-api,2025-05-20T21:30:00Z,200,139,ms,agent-1,ap-south-1
svc-auth,auth-api,2025-05-30T11:30:00Z,200,167,ms,agent-1,ap-south-1
svc-payments,payments-api,2025-05-31T05:00:00Z,200,,ms,agent-1,ap-south-1
svc-payments,payments-api,2025-05-28T13:00:00Z,200,434,ms,agent-1,ap-south-1
svc-payments,payments-api,2025-05-31T22:00:00Z,200,283,ms,agent-1,ap-south-1
svc-search,search-api,2025-05-21T10:00:00Z,200,0.481,s,agent-1,ap-south-1
svc-auth,auth-api,2025-05-27T23:45:00Z,200,184,ms,agent-1,ap-south-1
svc-auth,auth-api,2025-05-20T13:00:00Z,200,129,ms,agent-1,ap-south-1
svc-search,search-api,2025-05-23T10:45:00Z,200,0.397,s,agent-1,ap-south-1
svc-payments,payments-api,2025-05-20T02:45:00Z,200,330,ms,agent-1,ap-south-1
svc-payments,payments-api,2025-05-19T14:00:00Z,200,458,ms,agent-1,ap-south-1
svc-notify,notify-worker,2025-05-19T13:30:00Z,200,147,ms,agent-1,ap-south-1
svc-auth,auth-api,2025-05-22T05:30:00Z,200,186,ms,agent-1,ap-south-1
svc-notify,notify-worker,2025-05-28T09:30:00Z,200,145,ms,agent-1,ap-south-1
svc-notify,notify-worker,2025-05-21T18:45:00Z,200,96,ms,agent-1,ap-south-1
svc-reports,reports-api,2025-05-25T06:45:00Z,200,605,ms,agent-1,ap-south-1
svc-notify,notify-worker,2025-05-19T18:45:00Z,502,377,ms,agent-1,ap-south-1
svc-notify,notify-worker,2025-05-25T14:15:00Z,200,126,ms,agent-1,ap-south-1
svc-reports,reports-api,2025-05-24T17:30:00Z,200,471,ms,agent-1,ap-south-1
svc-payments,payments-api,2025-05-28T19:30:00Z,200,454,ms,agent-1,ap-south-1
svc-reports,reports-api,2025-05-29T12:00:00Z,200,774,ms,agent-1,ap-south-1
svc-auth,auth-api,2025-05-25T07:30:00Z,200,134,ms,agent-1,ap-south-1
svc-reports,reports-api,2025-05-28T16:30:00Z,200,568,ms,agent-1,ap-south-1
svc-notify,notify-worker,2025-05-25T06:45:00Z,200,110,ms,agent-1,ap-south-1
svc-payments,payments-api,2025-05-19T11:00:00Z,200,370,ms,agent-1,ap-south-1
svc-auth,auth-api,2025-05-22T19:45:00Z,200,149,ms,agent-1,ap-south-1
svc-auth,auth-api,2025-05-27T06:30:00Z,200,172,ms,agent-2,ap-south-1
svc-reports,reports-api,2025-05-31T18:45:00Z,200,847,ms,agent-1,ap-south-1
svc-payments,payments-api,2025-05-31T17:45:00Z,200,416,ms,agent-1,ap-south-1
svc-search,search-api,2025-05-23T18:30:00Z,200,0.552,s,agent-1,ap-south-1
svc-payments,payments-api,1748764800,200,332,ms,agent-2,ap-south-1
svc-auth,auth-api,2025-05-24T20:15:00Z,200,187,ms,agent-1,ap-south-1
svc-payments,payments-api,2025-05-24T08:45:00Z,200,239,ms,agent-2,ap-south-1
svc-search,search-api,2025-05-30T21:15:00Z,200,0.619,s,agent-1,ap-south-1
svc-notify,notify-worker,2025-05-19T19:15:00Z,200,399,ms,agent-1,ap-south-1
svc-notify,notify-worker,2025-05-29T00:00:00Z,200,142,ms,agent-1,ap-south-1
svc-reports,reports-api,2025-05-19T22:30:00Z,200,484,ms,agent-1,ap-south-1
svc-auth,auth-api,2025-05-30T19:15:00Z,200,110,ms,agent-1,ap-south-1
svc-search,search-api,1748409300,200,0.599,s,agent-1,ap-south-1
svc-search,search-api,2025-05-20T13:45:00Z,200,0.709,s,agent-1,ap-south-1
svc-search,search-api,2025-05-29T09:30:00Z,200,0.702,s,agent-1,ap-south-1
svc-auth,auth-api,2025-05-28T16:45:00Z,200,155,ms,agent-1,ap-south-1
svc-payments,payments-api,2025-05-20T20:45:00Z,500,297,ms,agent-1,ap-south-1
svc-auth,auth-api,2025-05-31T09:15:00Z,200,158,ms,agent-1,ap-south-1
svc-auth,auth-api,2025-05-22T01:30:00Z,200,127,ms,agent-1,ap-south-1
svc-notify,notify-worker,2025-05-26T08:30:00Z,200,129,ms,agent-1,ap-south-1
svc-payments,payments-api,2025-05-30T23:45:00Z,200,456,ms,agent-1,ap-south-1
svc-payments,payments-api,2025-05-25T16:15:00Z,200,412,ms,agent-1,ap-south-1
svc-auth,auth-api,2025-05-26T07:45:00Z,200,114,ms,agent-1,ap-south-1
svc-auth,auth-api,2025-05-25T05:00:00Z,200,158,ms,agent-1,ap-south-1
svc-payments,payments-api,2025-05-28T22:15:00Z,200,486,ms,agent-1,ap-south-1
svc-search,search-api,2025-05-27T09:00:00Z,200,0.55,s,agent-2,ap-south-1
svc-reports,reports-api,1748089800,200,726,ms,agent-1,ap-south-1
svc-auth,auth-api,2025-05-30T22:30:00Z,200,139,ms,agent-1,ap-south-1
svc-auth,auth-api,2025-05-23T17:30:00Z,200,169,ms,agent-1,ap-south-1
svc-payments,payments-api,2025-05-27T06:30:00Z,200,359,ms,agent-1,ap-south-1
svc-auth,auth-api,2025-05-28T15:15:00Z,200,135,ms,agent-1,ap-south-1
svc-payments,payments-api,2025-05-26T23:45:00Z,200,261,ms,agent-1,ap-south-1
svc-reports,reports-api,2025-06-01T21:15:00Z,200,563,ms,agent-1,ap-south-1
svc-notify,notify-worker,2025-06-01T21:45:00Z,200,98,ms,agent-1,ap-south-1
svc-payments,payments-api,2025-05-29T07:30:00Z,200,269,ms,agent-2,ap-south-1
svc-notify,notify-worker,2025-05-25T03:30:00Z,200,141,ms,agent-1,ap-south-1
svc-notify,notify-worker,2025-05-31T23:15:00Z,200,94,ms,agent-1,ap-south-1
svc-notify,notify-worker,2025-05-27T07:00:00Z,200,89,ms,agent-1,ap-south-1
svc-reports,reports-api,2025-05-28T10:30:00Z,200,531,ms,agent-1,ap-south-1
svc-auth,auth-api,2025-05-20T22:15:00Z,200,176,ms,agent-1,ap-south-1
svc-notify,notify-worker,2025-05-24T11:15:00Z,200,93,ms,agent-2,ap-south-1
svc-reports,reports-api,2025-05-20T16:15:00Z,200,503,ms,agent-1,ap-south-1
svc-payments,payments-api,2025-06-01T13:15:00Z,200,368,ms,agent-1,ap-south-1
svc-search,search-api,2025-05-26T05:00:00Z,200,0.392,s,agent-1,ap-south-1
svc-search,search-api,2025-05-25T19:15:00Z,200,0.474,s,agent-1,ap-south-1
svc-payments,payments-api,2025-05-31T11:00:00Z,200,329,ms,agent-1,ap-south-1
svc-search,search-api,2025-06-01T05:30:00Z,200,0.43,s,agent-1,ap-south-1
svc-reports,reports-api,2025-05-26T23:45:00Z,200,553,ms,agent-1,ap-south-1
svc-auth,auth-api,2025-05-24T09:30:00Z,200,97,ms,agent-1,ap-south-1
svc-search,search-api,2025-05-19T00:15:00Z,200,0.509,s,agent-1,ap-south-1
svc-search,search-api,2025-05-26T14:00:00Z,200,0.599,s,agent-1,ap-south-1
svc-notify,notify-worker,2025-05-24T23:45:00Z,200,92,ms,agent-1,ap-south-1
svc-auth,auth-api,2025-05-22T10:30:00Z,200,132,ms,agent-1,ap-south-1
svc-notify,notify-worker,2025-05-30T05:30:00Z,200,107,ms,agent-1,ap-south-1
svc-reports,reports-api,2025-05-19T01:00:00Z,200,771,ms,agent-1,ap-south-1
svc-notify,notify-worker,2025-06-01T22:45:00Z,200,120,ms,agent-1,ap-south-1
svc-reports,reports-api,2025-05-19T10:30:00Z,500,526,ms,agent-1,ap-south-1
svc-auth,auth-api,2025-05-26T22:30:00Z,200,168,ms,agent-1,ap-south-1
svc-search,search-api,2025-05-21T03:00:00Z,200,0.704,s,agent-1,ap-south-1
svc-payments,payments-api,2025-05-23T06:30:00Z,200,312,ms,agent-1,ap-south-1
svc-payments,payments-api,2025-05-25T08:00:00Z,200,363,ms,agent-1,ap-south-1
svc-notify,notify-worker,2025-05-30T17:00:00Z,200,77,ms,agent-1,ap-south-1
svc-search,search-api,2025-05-29T08:15:00Z,200,,s,agent-1,ap-south-1
svc-reports,reports-api,2025-05-26T13:15:00Z,200,507,ms,agent-1,ap-south-1
svc-reports,reports-api,2025-05-28T19:00:00Z,200,706,ms,agent-1,ap-south-1
svc-auth,auth-api,2025-05-29T00:45:00Z,200,107,ms,agent-1,ap-south-1
svc-search,search-api,2025-05-19T18:15:00Z,200,0.435,s,agent-1,ap-south-1
svc-notify,notify-worker,2025-05-20T08:15:00Z,200,142,ms,agent-1,ap-south-1
svc-notify,notify-worker,2025-05-19T02:45:00Z,200,86,ms,agent-1,ap-south-1
svc-auth,auth-api,2025-05-20T17:15:00Z,200,151,ms,agent-1,ap-south-1
svc-search,search-api,2025-05-25T08:30:00Z,200,,s,agent-1,ap-south-1
svc-notify,notify-worker,2025-05-28T14:00:00Z,200,146,ms,agent-1,ap-south-1
svc-reports,reports-api,2025-05-22T08:30:00Z,200,504,ms,agent-1,ap-south-1
svc-payments,payments-api,2025-05-24T13:30:00Z,200,326,ms,agent-1,ap-south-1
svc-notify,notify-worker,2025-05-22T07:00:00Z,200,92,ms,agent-1,ap-south-1
svc-search,search-api,2025-05-25T13:45:00Z,200,0.429,s,agent-1,ap-south-1
svc-notify,notify-worker,2025-05-27T22:30:00Z,200,95,ms,agent-2,ap-south-1
svc-reports,reports-api,2025-05-20T15:45:00Z,200,549,ms,agent-2,ap-south-1
svc-notify,notify-worker,2025-05-20T04:45:00Z,200,135,ms,agent-2,ap-south-1
svc-auth,auth-api,2025-05-26T13:00:00Z,200,148,ms,agent-1,ap-south-1
svc-reports,reports-api,2025-05-25T09:30:00Z,200,792,ms,agent-1,ap-south-1
svc-payments,payments-api,2025-05-22T18:30:00Z,200,355,ms,agent-1,ap-south-1
svc-auth,auth-api,2025-05-22T05:15:00Z,200,166,ms,agent-1,ap-south-1
svc-payments,payments-api,2025-05-30T14:15:00Z,200,249,ms,agent-1,ap-south-1
svc-auth,auth-api,2025-05-27T02:00:00Z,200,182,ms,agent-1,ap-south-1
svc-search,search-api,2025-05-19T21:45:00Z,200,0.458,s,agent-1,ap-south-1
svc-reports,reports-api,2025-05-21T17:30:00Z,200,809,ms,agent-1,ap-south-1
svc-search,search-api,2025-05-26T21:15:00Z,200,0.502,s,agent-1,ap-south-1
svc-notify,notify-worker,2025-05-29T02:45:00Z,200,77,ms,agent-1,ap-south-1
svc-search,search-api,2025-05-22T01:45:00Z,200,0.419,s,agent-1,ap-south-1
svc-payments,payments-api,2025-05-30T15:45:00Z,200,415,ms,agent-1,ap-south-1
svc-search,search-api,2025-05-31T00:00:00Z,200,0.647,s,agent-2,ap-south-1
svc-search,search-api,2025-05-24T14:15:00Z,200,0.696,s,agent-1,ap-south-1
svc-search,search-api,2025-05-25T02:15:00Z,200,0.431,s,agent-1,ap-south-1
svc-payments,payments-api,2025-05-31T06:15:00Z,200,486,ms,agent-1,ap-south-1
svc-notify,notify-worker,2025-05-27T10:30:00Z,200,127,ms,agent-1,ap-south-1
svc-reports,reports-api,2025-05-30T04:30:00Z,200,608,ms,agent-1,ap-south-1
svc-auth,auth-api,2025-05-30T13:00:00Z,200,123,ms,agent-2,ap-south-1
svc-search,search-api,2025-06-01T14:15:00Z,200,0.539,s,agent-1,ap-south-1
svc-auth,auth-api,2025-05-22T19:30:00Z,200,169,ms,agent-1,ap-south-1
svc-notify,notify-worker,2025-05-22T00:30:00Z,200,114,ms,agent-1,ap-south-1
svc-search,search-api,2025-05-30T18:45:00Z,200,0.578,s,agent-1,ap-south-1
svc-payments,payments-api,2025-06-01T23:45:00Z,200,392,ms,agent-1,ap-south-1
svc-auth,auth-api,2025-05-22T14:45:00Z,200,130,ms,agent-1,ap-south-1
svc-payments,payments-api,2025-05-26T02:45:00Z,200,415,ms,agent-1,ap-south-1
svc-notify,notify-worker,2025-05-27T13:45:00Z,200,139,ms,agent-1,ap-south-1
svc-auth,auth-api,2025-05-26T06:30:00Z,200,149,ms,agent-1,ap-south-1
svc-search,search-api,2025-05-21T16:45:00Z,200,0.518,s,agent-1,ap-south-1
svc-notify,notify-worker,2025-05-26T11:15:00Z,200,133,ms,agent-1,ap-south-1
svc-payments,payments-api,2025-05-19T21:00:00Z,200,428,ms,agent-1,ap-south-1
svc-reports,reports-api,2025-05-26T14:15:00Z,200,846,ms,agent-1,ap-south-1
svc-search,search-api,2025-05-25T23:00:00Z,200,0.709,s,agent-1,ap-south-1
svc-search,search-api,2025-05-23T05:30:00Z,200,0.71,s,agent-1,ap-south-1
svc-notify,notify-worker,2025-05-22T17:15:00Z,200,130,ms,agent-1,ap-south-1
svc-payments,payments-api,2025-05-20T23:00:00Z,200,288,ms,agent-1,ap-south-1
svc-search,search-api,2025-05-25T12:15:00Z,200,0.646,s,agent-1,ap-south-1
svc-reports,reports-api,2025-05-19T03:30:00Z,200,602,ms,agent-1,ap-south-1
svc-search,search-api,2025-05-25T07:30:00Z,200,0.593,s,agent-1,ap-south-1
svc-auth,auth-api,2025-05-23T09:30:00Z,200,144,ms,agent-1,ap-south-1
svc-notify,notify-worker,2025-05-21T03:45:00Z,200,133,ms,agent-1,ap-south-1
svc-payments,payments-api,2025-05-22T22:15:00Z,200,409,ms,agent-1,ap-south-1
svc-search,search-api,2025-05-20T02:00:00Z,200,0.561,s,agent-1,ap-south-1
svc-reports,reports-api,2025-05-21T19:30:00Z,200,542,ms,agent-1,ap-south-1
svc-reports,reports-api,2025-05-21T00:45:00Z,200,722,ms,agent-1,ap-south-1
svc-search,search-api,2025-05-19T02:15:00Z,200,0.539,s,agent-1,ap-south-1
svc-notify,notify-worker,2025-05-31T13:00:00Z,200,143,ms,agent-1,ap-south-1
svc-search,search-api,2025-05-24T14:30:00Z,200,0.575,s,agent-2,ap-south-1
svc-auth,auth-api,2025-05-24T21:45:00Z,200,129,ms,agent-1,ap-south-1
svc-search,search-api,2025-05-24T02:15:00Z,200,0.572,s,agent-1,ap-south-1
svc-search,search-api,2025-05-29T19:30:00Z,200,0.59,s,agent-2,ap-south-1
svc-auth,auth-api,2025-05-21T06:30:00Z,200,153,ms,agent-1,ap-south-1
svc-reports,reports-api,2025-05-20T17:00:00Z,200,790,ms,agent-1,ap-south-1
svc-notify,notify-worker,2025-05-29T23:15:00Z,200,95,ms,agent-1,ap-south-1
svc-auth,auth-api,2025-05-22T08:15:00Z,200,137,ms,agent-1,ap-south-1
svc-search,search-api,2025-05-26T22:30:00Z,200,0.474,s,agent-1,ap-south-1
svc-payments,payments-api,2025-05-19T02:00:00Z,500,279,ms,agent-1,ap-south-1
svc-search,search-api,2025-05-24T18:15:00Z,200,0.391,s,agent-1,ap-south-1
svc-reports,reports-api,2025-05-26T04:30:00Z,200,,ms,agent-2,ap-south-1
svc-search,search-api,2025-05-29T13:30:00Z,200,0.548,s,agent-1,ap-south-1
svc-auth,auth-api,2025-05-24T22:15:00Z,200,131,ms,agent-1,ap-south-1
svc-payments,payments-api,2025-05-24T03:30:00Z,200,379,ms,agent-1,ap-south-1
svc-payments,payments-api,2025-05-24T01:45:00Z,200,249,ms,agent-1,ap-south-1
svc-payments,payments-api,2025-05-22T06:45:00Z,200,270,ms,agent-1,ap-south-1
svc-auth,auth-api,2025-05-22T06:30:00Z,200,148,ms,agent-1,ap-south-1
svc-auth,auth-api,2025-05-22T23:45:00Z,200,116,ms,agent-1,ap-south-1
svc-reports,reports-api,2025-05-22T18:30:00Z,200,837,ms,agent-1,ap-south-1
svc-reports,reports-api,2025-05-26T04:45:00Z,200,462,ms,agent-1,ap-south-1
svc-search,search-api,2025-05-22T18:30:00Z,200,0.507,s,agent-1,ap-south-1
svc-payments,payments-api,2025-05-23T02:00:00Z,200,346,ms,agent-1,ap-south-1
svc-notify,notify-worker,2025-05-28T10:00:00Z,200,117,ms,agent-1,ap-south-1
svc-reports,reports-api,2025-05-25T08:15:00Z,200,635,ms,agent-1,ap-south-1
svc-search,search-api,2025-05-28T08:30:00Z,200,0.422,s,agent-1,ap-south-1
svc-notify,notify-worker,2025-06-01T15:30:00Z,200,84,ms,agent-1,ap-south-1
svc-payments,payments-api,2025-05-23T11:00:00Z,200,468,ms,agent-1,ap-south-1
svc-reports,reports-api,2025-05-19T07:15:00Z,200,461,ms,agent-1,ap-south-1
svc-auth,auth-api,2025-05-19T07:45:00Z,200,161,ms,agent-1,ap-south-1
svc-payments,payments-api,2025-05-28T08:15:00Z,200,452,ms,agent-1,ap-south-1
svc-search,search-api,2025-05-29T03:00:00Z,200,0.601,s,agent-1,ap-south-1
svc-payments,payments-api,2025-05-23T10:00:00Z,200,287,ms,agent-1,ap-south-1
svc-notify,notify-worker,2025-05-29T10:00:00Z,200,104,ms,agent-1,ap-south-1
svc-reports,reports-api,2025-05-29T22:45:00Z,200,501,ms,agent-1,ap-south-1
svc-auth,auth-api,2025-05-27T20:15:00Z,200,187,ms,agent-1,ap-south-1
svc-reports,reports-api,2025-05-22T22:45:00Z,200,476,ms,agent-1,ap-south-1
svc-auth,auth-api,2025-05-20T02:15:00Z,200,188,ms,agent-1,ap-south-1
svc-payments,payments-api,2025-05-25T18:30:00Z,200,434,ms,agent-1,ap-south-1
svc-auth,auth-api,2025-06-01T04:00:00Z,200,174,ms,agent-1,ap-south-1
svc-payments,payments-api,2025-05-26T13:45:00Z,200,367,ms,agent-2,ap-south-1
svc-reports,reports-api,2025-05-26T20:45:00Z,200,629,ms,agent-1,ap-south-1
svc-auth,auth-api,2025-05-30T21:45:00Z,200,125,ms,agent-2,ap-south-1
svc-payments,payments-api,2025-05-22T17:00:00Z,200,411,ms,agent-1,ap-south-1
svc-payments,payments-api,2025-05-27T17:15:00Z,200,259,ms,agent-1,ap-south-1
svc-notify,notify-worker,2025-05-21T12:00:00Z,200,144,ms,agent-2,ap-south-1
svc-notify,notify-worker,2025-05-20T22:00:00+05:30,200,134,ms,agent-1,ap-south-1
svc-notify,notify-worker,2025-05-20T17:15:00Z,200,113,ms,agent-1,ap-south-1
svc-auth,auth-api,2025-05-21T02:15:00Z,200,116,ms,agent-1,ap-south-1
svc-reports,reports-api,2025-05-19T21:15:00Z,200,452,ms,agent-2,ap-south-1
svc-reports,reports-api,2025-05-26T05:30:00Z,200,721,ms,agent-1,ap-south-1
svc-search,search-api,2025-05-28T13:00:00Z,200,0.542,s,agent-1,ap-south-1
svc-reports,reports-api,2025-06-01T18:45:00Z,200,756,ms,agent-1,ap-south-1
svc-reports,reports-api,2025-05-25T11:45:00Z,200,832,ms,agent-1,ap-south-1
svc-notify,notify-worker,2025-05-21T20:00:00Z,200,131,ms,agent-1,ap-south-1
svc-payments,payments-api,2025-06-01T19:45:00Z,200,393,ms,agent-1,ap-south-1
svc-auth,auth-api,2025-05-30T00:15:00Z,200,178,ms,agent-1,ap-south-1
svc-payments,payments-api,2025-06-01T23:15:00Z,200,368,ms,agent-1,ap-south-1
svc-reports,reports-api,2025-05-23T13:30:00Z,200,835,ms,agent-1,ap-south-1
svc-search,search-api,2025-05-24T02:30:00Z,200,0.596,s,agent-1,ap-south-1
svc-auth,auth-api,2025-05-31T07:00:00Z,200,126,ms,agent-1,ap-south-1
svc-notify,notify-worker,2025-05-24T20:15:00Z,200,118,ms,agent-1,ap-south-1
svc-reports,reports-api,2025-05-21T21:15:00Z,200,801,ms,agent-1,ap-south-1
svc-notify,notify-worker,2025-05-20T11:30:00Z,200,90,ms,agent-1,ap-south-1
svc-payments,payments-api,2025-05-28T19:00:00Z,200,418,ms,agent-1,ap-south-1
svc-search,search-api,2025-05-30T19:45:00Z,200,0.573,s,agent-1,ap-south-1
svc-auth,auth-api,2025-05-29T08:30:00Z,200,123,ms,agent-1,ap-south-1
svc-auth,auth-api,2025-05-20T15:45:00Z,200,112,ms,agent-1,ap-south-1
svc-notify,notify-worker,2025-05-23T06:30:00Z,200,147,ms,agent-1,ap-south-1
svc-payments,payments-api,2025-05-27T21:45:00Z,200,461,ms,agent-1,ap-south-1
svc-auth,auth-api,2025-05-29T17:00:00Z,200,150,ms,agent-1,ap-south-1
svc-search,search-api,2025-05-24T09:15:00Z,200,0.483,s,agent-1,ap-south-1
svc-payments,payments-api,2025-05-26T19:00:00Z,200,320,ms,agent-1,ap-south-1
svc-reports,reports-api,2025-05-21T22:00:00Z,200,617,ms,agent-1,ap-south-1
svc-payments,payments-api,2025-06-01T17:45:00Z,200,355,ms,agent-2,ap-south-1
svc-search,search-api,2025-05-28T00:30:00Z,200,0.577,s,agent-1,ap-south-1
svc-reports,reports-api,2025-05-24T14:00:00Z,200,606,ms,agent-1,ap-south-1
svc-reports,reports-api,2025-05-31T20:00:00Z,200,657,ms,agent-1,ap-south-1
svc-auth,auth-api,2025-05-27T00:00:00Z,200,146,ms,agent-1,ap-south-1
svc-search,search-api,2025-05-29T04:00:00Z,200,0.522,s,agent-1,ap-south-1
svc-auth,auth-api,2025-05-20T09:15:00Z,200,,ms,agent-1,ap-south-1
svc-search,search-api,2025-05-23T10:30:00Z,200,0.563,s,agent-1,ap-south-1
svc-notify,notify-worker,2025-05-24T03:15:00Z,200,147,ms,agent-1,ap-south-1
svc-notify,notify-worker,2025-05-23T21:15:00Z,200,93,ms,agent-2,ap-south-1
svc-auth,auth-api,2025-05-19T01:45:00Z,200,119,ms,agent-1,ap-south-1
svc-reports,reports-api,2025-05-21T16:15:00Z,200,542,ms,agent-1,ap-south-1
svc-reports,reports-api,2025-05-20T09:15:00Z,200,794,ms,agent-1,ap-south-1
svc-payments,payments-api,2025-05-23T06:00:00Z,200,364,ms,agent-1,ap-south-1
svc-payments,payments-api,2025-06-01T07:30:00Z,200,441,ms,agent-1,ap-south-1
svc-payments,payments-api,2025-05-30T05:45:00Z,200,459,ms,agent-1,ap-south-1
svc-search,search-api,2025-05-30T10:30:00Z,200,0.375,s,agent-1,ap-south-1
svc-search,search-api,2025-05-30T04:00:00Z,200,0.477,s,agent-1,ap-south-1
svc-payments,payments-api,2025-05-27T05:00:00Z,200,351,ms,agent-1,ap-south-1
svc-payments,payments-api,1748258100,200,339,ms,agent-1,ap-south-1
svc-auth,auth-api,2025-05-26T02:45:00Z,200,121,ms,agent-1,ap-south-1
svc-reports,reports-api,2025-05-21T15:45:00Z,200,827,ms,agent-1,ap-south-1
svc-search,search-api,2025-05-19T10:45:00Z,200,0.718,s,agent-1,ap-south-1
svc-notify,notify-worker,2025-05-19T07:00:00Z,200,146,ms,agent-1,ap-south-1
svc-search,search-api,2025-06-01T04:30:00Z,200,0.448,s,agent-1,ap-south-1
svc-auth,auth-api,2025-05-23T14:45:00Z,200,190,ms,agent-1,ap-south-1
svc-notify,notify-worker,2025-05-30T09:00:00Z,200,124,ms,agent-1,ap-south-1
svc-payments,payments-api,2025-05-23T14:00:00Z,200,394,ms,agent-1,ap-south-1
svc-auth,auth-api,2025-05-31T00:00:00Z,200,130,ms,agent-1,ap-south-1
svc-notify,notify-worker,2025-05-20T13:00:00Z,200,129,ms,agent-1,ap-south-1
svc-auth,auth-api,2025-05-25T22:00:00Z,200,142,ms,agent-1,ap-south-1
svc-auth,auth-api,2025-05-28T13:30:00Z,200,134,ms,agent-1,ap-south-1
svc-reports,reports-api,2025-05-24T13:00:00Z,200,520,ms,agent-1,ap-south-1
svc-search,search-api,2025-05-20T00:00:00Z,200,0.692,s,agent-1,ap-south-1
svc-reports,reports-api,2025-05-31T06:15:00Z,200,719,ms,agent-1,ap-south-1
svc-payments,payments-api,2025-05-25T09:15:00Z,200,295,ms,agent-1,ap-south-1
svc-payments,payments-api,2025-05-20T11:30:00+05:30,200,387,ms,agent-1,ap-south-1
svc-search,search-api,2025-05-30T00:30:00Z,200,0.482,s,agent-1,ap-south-1
svc-auth,auth-api,2025-05-23T16:00:00Z,200,103,ms,agent-1,ap-south-1
svc-reports,reports-api,2025-05-22T13:30:00Z,200,500,ms,agent-1,ap-south-1
svc-notify,notify-worker,2025-05-25T19:45:00Z,200,102,ms,agent-1,ap-south-1
svc-search,search-api,2025-05-28T04:30:00Z,200,0.695,s,agent-1,ap-south-1
svc-search,search-api,2025-05-29T22:00:00Z,200,0.481,s,agent-1,ap-south-1
svc-notify,notify-worker,2025-05-23T21:00:00Z,200,119,ms,agent-1,ap-south-1
svc-notify,notify-worker,2025-05-22T07:00:00Z,200,86,ms,agent-2,ap-south-1
svc-auth,auth-api,2025-05-29T19:45:00Z,200,191,ms,agent-1,ap-south-1
svc-payments,payments-api,2025-05-24T15:30:00Z,200,410,ms,agent-2,ap-south-1
svc-reports,reports-api,2025-05-20T19:45:00Z,200,718,ms,agent-1,ap-south-1
svc-auth,auth-api,2025-05-20T16:00:00Z,200,172,ms,agent-1,ap-south-1
svc-reports,reports-api,2025-05-21T16:45:00Z,200,841,ms,agent-1,ap-south-1
svc-search,search-api,2025-05-30T19:00:00Z,200,0.543,s,agent-1,ap-south-1
svc-payments,payments-api,2025-05-31T08:00:00Z,200,414,ms,agent-1,ap-south-1
svc-auth,auth-api,2025-05-26T11:15:00Z,200,101,ms,agent-1,ap-south-1
svc-auth,auth-api,2025-05-27T09:30:00Z,200,151,ms,agent-2,ap-south-1
svc-notify,notify-worker,2025-05-26T14:00:00Z,200,112,ms,agent-1,ap-south-1
svc-payments,payments-api,2025-05-25T20:00:00Z,200,273,ms,agent-1,ap-south-1
svc-payments,payments-api,2025-05-28T17:15:00Z,200,454,ms,agent-1,ap-south-1
svc-notify,notify-worker,2025-05-28T02:15:00Z,200,79,ms,agent-1,ap-south-1
svc-auth,auth-api,2025-05-29T02:45:00Z,200,173,ms,agent-2,ap-south-1
svc-payments,payments-api,2025-05-26T23:15:00Z,200,318,ms,agent-1,ap-south-1
svc-reports,reports-api,2025-05-28T19:45:00Z,200,485,ms,agent-1,ap-south-1
svc-payments,payments-api,2025-05-25T02:00:00Z,200,336,ms,agent-1,ap-south-1
svc-notify,notify-worker,2025-05-19T02:15:00Z,200,107,ms,agent-1,ap-south-1
svc-search,search-api,2025-05-27T16:30:00Z,200,0.582,s,agent-1,ap-south-1
svc-reports,reports-api,2025-05-20T04:45:00Z,200,813,ms,agent-1,ap-south-1
svc-auth,auth-api,2025-05-19T08:30:00Z,200,113,ms,agent-1,ap-south-1
svc-auth,auth-api,2025-05-23T02:15:00Z,200,111,ms,agent-1,ap-south-1
svc-reports,reports-api,2025-05-29T01:45:00Z,200,833,ms,agent-1,ap-south-1
svc-auth,auth-api,2025-05-20T12:30:00Z,200,,ms,agent-1,ap-south-1
svc-notify,notify-worker,2025-05-26T03:00:00Z,200,123,ms,agent-2,ap-south-1
svc-payments,payments-api,2025-05-22T19:00:00Z,200,302,ms,agent-1,ap-south-1
svc-auth,auth-api,2025-05-21T23:15:00Z,200,158,ms,agent-1,ap-south-1
svc-reports,reports-api,2025-05-19T19:15:00Z,200,808,ms,agent-1,ap-south-1
svc-reports,reports-api,2025-05-29T11:15:00Z,200,438,ms,agent-1,ap-south-1
svc-auth,auth-api,2025-05-25T04:15:00Z,200,98,ms,agent-1,ap-south-1
svc-reports,reports-api,2025-05-20T13:30:00Z,200,,ms,agent-1,ap-south-1
svc-notify,notify-worker,2025-05-24T19:45:00Z,200,115,ms,agent-1,ap-south-1
svc-search,search-api,2025-05-30T11:15:00Z,200,0.57,s,agent-1,ap-south-1
svc-auth,auth-api,2025-06-01T04:30:00Z,200,118,ms,agent-1,ap-south-1
svc-auth,auth-api,2025-05-20T07:15:00Z,200,157,ms,agent-1,ap-south-1
svc-notify,notify-worker,2025-05-19T03:45:00Z,200,137,ms,agent-2,ap-south-1
svc-auth,auth-api,2025-05-20T00:15:00Z,200,183,ms,agent-1,ap-south-1
svc-notify,notify-worker,2025-05-23T20:00:00Z,200,139,ms,agent-2,ap-south-1
svc-search,search-api,2025-05-19T14:30:00Z,200,0.391,s,agent-1,ap-south-1
svc-search,search-api,2025-05-28T23:15:00Z,200,0.666,s,agent-1,ap-south-1
svc-auth,auth-api,2025-05-29T18:00:00Z,200,119,ms,agent-1,ap-south-1
svc-auth,auth-api,2025-05-30T21:15:00Z,200,179,ms,agent-1,ap-south-1
svc-notify,notify-worker,1747663200,200,100,ms,agent-1,ap-south-1
svc-search,search-api,2025-05-29T23:45:00Z,200,0.508,s,agent-1,ap-south-1
svc-notify,notify-worker,2025-05-23T16:45:00Z,200,129,ms,agent-1,ap-south-1
svc-auth,auth-api,2025-05-30T13:45:00Z,200,,ms,agent-1,ap-south-1
svc-auth,auth-api,2025-05-23T14:30:00Z,200,187,ms,agent-1,ap-south-1
svc-payments,payments-api,2025-05-19T02:30:00Z,200,472,ms,agent-1,ap-south-1
svc-auth,auth-api,2025-05-22T23:30:00Z,200,140,ms,agent-1,ap-south-1
svc-notify,notify-worker,2025-05-20T22:15:00Z,200,145,ms,agent-1,ap-south-1
svc-auth,auth-api,2025-05-30T08:15:00Z,200,146,ms,agent-1,ap-south-1
svc-search,search-api,2025-05-19T17:45:00Z,200,0.378,s,agent-1,ap-south-1
svc-notify,notify-worker,2025-05-24T11:45:00Z,200,98,ms,agent-1,ap-south-1
svc-reports,reports-api,2025-05-28T05:00:00Z,200,465,ms,agent-1,ap-south-1
svc-reports,reports-api,2025-05-22T18:15:00Z,200,561,ms,agent-1,ap-south-1
svc-payments,payments-api,2025-06-01T19:00:00Z,200,449,ms,agent-2,ap-south-1
svc-payments,payments-api,2025-05-30T07:15:00Z,200,398,ms,agent-1,ap-south-1
svc-auth,auth-api,2025-05-27T01:30:00Z,200,132,ms,agent-1,ap-south-1
svc-search,search-api,2025-05-27T02:45:00Z,200,0.626,s,agent-1,ap-south-1
svc-notify,notify-worker,2025-05-25T00:00:00Z,200,117,ms,agent-1,ap-south-1
svc-reports,reports-api,2025-05-31T14:45:00Z,200,558,ms,agent-1,ap-south-1
svc-notify,notify-worker,2025-06-01T13:15:00Z,200,83,ms,agent-1,ap-south-1
svc-search,search-api,2025-05-31T07:45:00Z,200,0.57,s,agent-1,ap-south-1
svc-reports,reports-api,2025-06-01T20:45:00Z,200,706,ms,agent-1,ap-south-1
svc-reports,reports-api,2025-06-01T00:15:00Z,200,566,ms,agent-1,ap-south-1
svc-reports,reports-api,2025-05-26T10:45:00Z,200,516,ms,agent-1,ap-south-1
svc-payments,payments-api,2025-05-25T18:45:00Z,200,441,ms,agent-1,ap-south-1
svc-auth,auth-api,2025-05-28T20:45:00Z,200,128,ms,agent-1,ap-south-1
svc-reports,reports-api,2025-05-19T02:15:00Z,200,839,ms,agent-1,ap-south-1
svc-payments,payments-api,2025-05-25T12:15:00Z,200,376,ms,agent-2,ap-south-1
svc-reports,reports-api,2025-05-19T20:15:00Z,200,508,ms,agent-1,ap-south-1
svc-reports,reports-api,2025-06-01T20:15:00Z,200,525,ms,agent-1,ap-south-1
svc-payments,payments-api,2025-05-26T14:30:00Z,200,425,ms,agent-1,ap-south-1
svc-notify,notify-worker,2025-05-27T11:30:00Z,200,117,ms,agent-1,ap-south-1
svc-notify,notify-worker,2025-05-28T14:30:00Z,200,80,ms,agent-1,ap-south-1
svc-payments,payments-api,2025-05-20T21:30:00Z,200,309,ms,agent-2,ap-south-1
svc-auth,auth-api,2025-05-20T00:30:00Z,200,129,ms,agent-1,ap-south-1
svc-payments,payments-api,2025-05-28T07:15:00Z,200,414,ms,agent-1,ap-south-1
svc-auth,auth-api,2025-05-19T01:30:00Z,200,163,ms,agent-1,ap-south-1
svc-payments,payments-api,2025-05-25T05:45:00Z,200,409,ms,agent-1,ap-south-1
svc-reports,reports-api,2025-05-30T06:30:00Z,200,573,ms,agent-1,ap-south-1
svc-payments,payments-api,2025-05-24T00:30:00Z,200,340,ms,agent-1,ap-south-1
svc-search,search-api,2025-05-22T20:45:00Z,200,0.612,s,agent-1,ap-south-1
svc-notify,notify-worker,2025-05-24T00:30:00Z,200,141,ms,agent-1,ap-south-1
svc-auth,auth-api,2025-05-22T03:30:00Z,200,146,ms,agent-1,ap-south-1
svc-auth,auth-api,2025-05-25T04:30:00Z,200,115,ms,agent-2,ap-south-1
svc-payments,payments-api,2025-05-25T04:45:00Z,200,463,ms,agent-1,ap-south-1
svc-payments,payments-api,2025-05-21T23:45:00Z,200,455,ms,agent-1,ap-south-1
svc-reports,reports-api,2025-05-19T20:00:00Z,200,835,ms,agent-1,ap-south-1
svc-notify,notify-worker,2025-05-21T17:00:00Z,200,135,ms,agent-1,ap-south-1
svc-payments,payments-api,2025-05-23T15:15:00Z,200,431,ms,agent-1,ap-south-1
svc-reports,reports-api,2025-05-24T02:30:00Z,200,797,ms,agent-1,ap-south-1
svc-auth,auth-api,2025-05-31T03:30:00Z,200,121,ms,agent-1,ap-south-1
svc-auth,auth-api,2025-05-30T08:00:00Z,200,138,ms,agent-1,ap-south-1
svc-notify,notify-worker,2025-05-31T10:00:00Z,200,139,ms,agent-2,ap-south-1
svc-search,search-api,2025-05-30T00:45:00Z,200,0.706,s,agent-1,ap-south-1
svc-search,search-api,2025-05-27T06:30:00Z,200,0.393,s,agent-1,ap-south-1
svc-notify,notify-worker,2025-05-28T05:15:00Z,200,117,ms,agent-1,ap-south-1
svc-auth,auth-api,2025-05-20T21:45:00Z,200,186,ms,agent-1,ap-south-1
svc-payments,payments-api,2025-05-29T20:15:00Z,200,441,ms,agent-1,ap-south-1
svc-notify,notify-worker,2025-05-19T18:15:00Z,502,526,ms,agent-1,ap-south-1
svc-search,search-api,1748626200,200,0.427,s,agent-1,ap-south-1
svc-reports,reports-api,2025-05-19T14:45:00Z,200,484,ms,agent-1,ap-south-1
svc-auth,auth-api,2025-05-23T01:00:00Z,200,171,ms,agent-2,ap-south-1
svc-search,search-api,2025-05-21T10:00:00Z,200,0.508,s,agent-2,ap-south-1
svc-reports,reports-api,2025-05-31T03:00:00Z,200,662,ms,agent-1,ap-south-1
svc-payments,payments-api,2025-05-29T07:00:00Z,200,304,ms,agent-1,ap-south-1
svc-search,search-api,2025-05-27T05:45:00Z,200,0.468,s,agent-1,ap-south-1
svc-reports,reports-api,2025-05-23T22:45:00Z,200,563,ms,agent-1,ap-south-1
svc-notify,notify-worker,2025-05-27T22:30:00Z,200,98,ms,agent-1,ap-south-1
svc-auth,auth-api,1748256300,200,119,ms,agent-1,ap-south-1
svc-search,search-api,2025-05-23T22:30:00Z,200,0.716,s,agent-1,ap-south-1
svc-search,search-api,2025-05-19T15:00:00Z,200,0.652,s,agent-1,ap-south-1
svc-reports,reports-api,2025-05-27T08:45:00Z,200,737,ms,agent-1,ap-south-1
svc-notify,notify-worker,2025-05-24T08:30:00Z,200,142,ms,agent-1,ap-south-1
svc-reports,reports-api,2025-06-01T12:30:00+05:30,200,538,ms,agent-1,ap-south-1
svc-payments,payments-api,2025-05-26T02:30:00Z,200,414,ms,agent-1,ap-south-1
svc-search,search-api,2025-05-30T05:15:00Z,200,0.438,s,agent-1,ap-south-1
svc-auth,auth-api,2025-05-23T16:45:00Z,200,150,ms,agent-1,ap-south-1
svc-reports,reports-api,2025-05-25T09:45:00Z,200,451,ms,agent-1,ap-south-1
svc-reports,reports-api,2025-05-28T08:00:00Z,200,763,ms,agent-1,ap-south-1
svc-notify,notify-worker,2025-05-25T06:00:00Z,200,120,ms,agent-1,ap-south-1
svc-reports,reports-api,2025-06-01T14:45:00Z,200,497,ms,agent-1,ap-south-1
svc-notify,notify-worker,2025-05-21T02:00:00Z,200,146,ms,agent-1,ap-south-1
svc-payments,payments-api,2025-05-26T19:30:00Z,500,311,ms,agent-1,ap-south-1
svc-auth,auth-api,2025-05-28T12:45:00Z,200,156,ms,agent-1,ap-south-1
svc-payments,payments-api,2025-06-01T17:00:00Z,200,458,ms,agent-1,ap-south-1
svc-payments,payments-api,2025-05-24T15:45:00Z,200,256,ms,agent-2,ap-south-1
svc-search,search-api,2025-05-26T16:45:00Z,200,0.465,s,agent-1,ap-south-1
svc-reports,reports-api,2025-05-19T01:30:00Z,503,795,ms,agent-1,ap-south-1
svc-notify,notify-worker,2025-05-31T18:00:00Z,200,137,ms,agent-1,ap-south-1
svc-auth,auth-api,2025-05-29T17:45:00Z,200,191,ms,agent-1,ap-south-1
svc-notify,notify-worker,2025-05-29T16:30:00Z,200,149,ms,agent-1,ap-south-1
svc-reports,reports-api,2025-05-27T03:30:00Z,200,635,ms,agent-1,ap-south-1
svc-auth,auth-api,2025-06-01T05:30:00Z,200,123,ms,agent-1,ap-south-1
svc-auth,auth-api,2025-05-30T06:45:00Z,200,,ms,agent-1,ap-south-1
svc-notify,notify-worker,2025-05-27T02:30:00Z,200,124,ms,agent-1,ap-south-1
svc-reports,reports-api,2025-05-30T03:15:00Z,200,634,ms,agent-1,ap-south-1
svc-search,search-api,2025-05-21T17:30:00Z,200,0.545,s,agent-1,ap-south-1
svc-auth,auth-api,2025-05-31T00:45:00Z,200,171,ms,agent-1,ap-south-1
svc-reports,reports-api,2025-05-27T04:30:00Z,200,562,ms,agent-1,ap-south-1
svc-auth,auth-api,2025-05-28T03:00:00Z,200,109,ms,agent-1,ap-south-1
svc-payments,payments-api,2025-05-20T23:30:00Z,200,309,ms,agent-1,ap-south-1
svc-reports,reports-api,2025-05-24T22:15:00Z,200,736,ms,agent-1,ap-south-1
svc-notify,notify-worker,2025-05-27T00:15:00Z,200,137,ms,agent-1,ap-south-1
svc-notify,notify-worker,2025-05-19T20:00:00Z,200,125,ms,agent-1,ap-south-1
svc-auth,auth-api,2025-05-22T11:15:00Z,200,137,ms,agent-1,ap-south-1
svc-search,search-api,2025-05-24T00:00:00Z,200,0.503,s,agent-1,ap-south-1
svc-notify,notify-worker,2025-05-20T09:00:00Z,200,87,ms,agent-2,ap-south-1
svc-notify,notify-worker,2025-05-27T06:00:00Z,200,82,ms,agent-1,ap-south-1
svc-notify,notify-worker,2025-06-01T10:30:00Z,200,91,ms,agent-1,ap-south-1
svc-search,search-api,2025-05-27T10:30:00Z,200,0.717,s,agent-1,ap-south-1
svc-search,search-api,2025-05-19T05:45:00Z,200,0.712,s,agent-1,ap-south-1
svc-reports,reports-api,2025-05-24T08:15:00Z,200,745,ms,agent-1,ap-south-1
svc-payments,payments-api,2025-05-24T14:45:00Z,200,373,ms,agent-1,ap-south-1
svc-auth,auth-api,2025-05-20T19:00:00Z,200,186,ms,agent-1,ap-south-1
svc-notify,notify-worker,2025-05-28T09:15:00Z,200,100,ms,agent-1,ap-south-1
svc-search,search-api,2025-05-19T02:30:00Z,200,0.625,s,agent-1,ap-south-1
svc-reports,reports-api,2025-05-29T14:45:00Z,200,807,ms,agent-2,ap-south-1
svc-auth,auth-api,2025-05-20T10:15:00Z,200,146,ms,agent-1,ap-south-1
svc-notify,notify-worker,2025-05-27T01:00:00Z,200,104,ms,agent-1,ap-south-1
svc-notify,notify-worker,2025-05-22T06:15:00Z,200,149,ms,agent-1,ap-south-1
svc-reports,reports-api,2025-06-01T22:00:00Z,200,512,ms,agent-1,ap-south-1
svc-reports,reports-api,2025-05-20T10:00:00Z,200,494,ms,agent-1,ap-south-1
svc-search,search-api,2025-05-23T10:00:00Z,200,0.595,s,agent-1,ap-south-1
svc-auth,auth-api,2025-05-23T11:15:00Z,200,121,ms,agent-1,ap-south-1
svc-reports,reports-api,2025-05-19T16:45:00Z,200,632,ms,agent-1,ap-south-1
svc-search,search-api,2025-05-26T15:30:00Z,200,0.558,s,agent-1,ap-south-1
svc-notify,notify-worker,2025-05-29T15:00:00Z,200,141,ms,agent-1,ap-south-1
svc-reports,reports-api,2025-05-25T11:15:00Z,200,665,ms,agent-1,ap-south-1
svc-search,search-api,2025-05-30T03:00:00Z,200,0.383,s,agent-1,ap-south-1
svc-search,search-api,2025-05-31T14:30:00Z,200,0.574,s,agent-2,ap-south-1
svc-search,search-api,2025-05-28T12:45:00Z,200,0.456,s,agent-1,ap-south-1
svc-reports,reports-api,2025-05-29T04:30:00Z,200,543,ms,agent-1,ap-south-1
svc-payments,payments-api,2025-05-23T14:45:00Z,200,317,ms,agent-1,ap-south-1
svc-auth,auth-api,2025-05-24T06:15:00Z,200,180,ms,agent-1,ap-south-1
svc-reports,reports-api,2025-05-30T13:15:00Z,200,583,ms,agent-1,ap-south-1
svc-payments,payments-api,2025-05-28T16:15:00Z,200,388,ms,agent-1,ap-south-1
svc-reports,reports-api,2025-05-30T11:45:00Z,200,581,ms,agent-1,ap-south-1
svc-payments,payments-api,2025-05-29T09:00:00Z,200,335,ms,agent-1,ap-south-1
svc-payments,payments-api,2025-05-27T20:15:00Z,200,285,ms,agent-1,ap-south-1
svc-notify,notify-worker,2025-05-31T19:00:00Z,200,85,ms,agent-1,ap-south-1
svc-search,search-api,2025-05-20T12:15:00Z,200,0.477,s,agent-1,ap-south-1
svc-notify,notify-worker,2025-05-30T13:30:00Z,200,143,ms,agent-2,ap-south-1
svc-auth,auth-api,2025-05-21T15:30:00Z,200,152,ms,agent-1,ap-south-1
svc-payments,payments-api,2025-06-01T09:45:00Z,200,341,ms,agent-1,ap-south-1
svc-payments,payments-api,2025-05-27T15:45:00Z,200,406,ms,agent-1,ap-south-1
svc-search,search-api,2025-05-24T03:45:00Z,200,0.583,s,agent-1,ap-south-1
svc-auth,auth-api,2025-05-21T14:15:00Z,200,116,ms,agent-1,ap-south-1
svc-search,search-api,2025-05-27T12:45:00Z,200,,s,agent-1,ap-south-1
svc-reports,reports-api,2025-05-20T19:15:00Z,200,598,ms,agent-1,ap-south-1
svc-notify,notify-worker,2025-06-01T23:00:00Z,200,98,ms,agent-1,ap-south-1
svc-auth,auth-api,2025-05-26T12:15:00Z,200,169,ms,agent-1,ap-south-1
svc-notify,notify-worker,2025-05-25T04:45:00Z,200,141,ms,agent-1,ap-south-1
svc-reports,reports-api,2025-05-24T17:45:00Z,200,692,ms,agent-1,ap-south-1
svc-reports,reports-api,2025-05-28T13:00:00Z,200,473,ms,agent-2,ap-south-1
svc-auth,auth-api,2025-05-27T09:30:00Z,200,160,ms,agent-1,ap-south-1
svc-notify,notify-worker,2025-05-20T07:30:00Z,200,151,ms,agent-1,ap-south-1
svc-payments,payments-api,2025-05-24T04:45:00Z,200,329,ms,agent-1,ap-south-1
svc-reports,reports-api,2025-05-29T06:15:00Z,200,755,ms,agent-1,ap-south-1
svc-reports,reports-api,2025-05-27T19:45:00Z,200,432,ms,agent-1,ap-south-1
svc-reports,reports-api,2025-05-20T21:15:00Z,200,578,ms,agent-1,ap-south-1
svc-reports,reports-api,2025-05-25T09:00:00Z,200,814,ms,agent-1,ap-south-1
svc-auth,auth-api,2025-05-19T16:45:00Z,200,163,ms,agent-1,ap-south-1
svc-reports,reports-api,2025-05-29T19:15:00Z,503,681,ms,agent-1,ap-south-1
svc-notify,notify-worker,2025-05-30T06:30:00Z,200,90,ms,agent-1,ap-south-1
svc-notify,notify-worker,2025-05-30T23:15:00Z,200,84,ms,agent-1,ap-south-1
svc-search,search-api,2025-05-28T14:30:00Z,200,0.523,s,agent-1,ap-south-1
svc-auth,auth-api,2025-05-21T08:30:00Z,200,170,ms,agent-1,ap-south-1
svc-notify,notify-worker,2025-05-25T13:45:00Z,200,97,ms,agent-1,ap-south-1
svc-reports,reports-api,2025-05-29T16:15:00Z,200,862,ms,agent-1,ap-south-1
svc-auth,auth-api,2025-05-25T04:15:00Z,200,94,ms,agent-2,ap-south-1
svc-notify,notify-worker,2025-05-21T22:45:00Z,200,103,ms,agent-1,ap-south-1
svc-auth,auth-api,2025-05-24T08:30:00Z,200,160,ms,agent-1,ap-south-1
svc-search,search-api,2025-05-31T09:15:00Z,200,0.382,s,agent-1,ap-south-1
svc-notify,notify-worker,2025-05-22T10:30:00Z,200,100,ms,agent-2,ap-south-1
svc-notify,notify-worker,2025-05-26T15:15:00Z,200,130,ms,agent-1,ap-south-1
svc-search,search-api,2025-05-21T12:30:00Z,200,0.374,s,agent-1,ap-south-1
svc-reports,reports-api,2025-05-27T07:00:00Z,200,447,ms,agent-1,ap-south-1
svc-payments,payments-api,2025-05-27T19:00:00Z,200,380,ms,agent-1,ap-south-1
svc-auth,auth-api,2025-05-23T03:30:00Z,200,109,ms,agent-1,ap-south-1
svc-payments,payments-api,2025-05-21T21:45:00Z,200,481,ms,agent-1,ap-south-1
svc-auth,auth-api,2025-05-22T18:30:00Z,200,130,ms,agent-1,ap-south-1
svc-auth,auth-api,1748150100,200,185,ms,agent-1,ap-south-1
svc-search,search-api,2025-05-20T10:45:00Z,200,0.485,s,agent-1,ap-south-1
svc-auth,auth-api,2025-05-23T17:00:00Z,200,97,ms,agent-1,ap-south-1
svc-payments,payments-api,2025-05-31T02:15:00Z,200,340,ms,agent-1,ap-south-1
svc-reports,reports-api,2025-05-26T17:15:00Z,200,439,ms,agent-1,ap-south-1
svc-reports,reports-api,2025-05-28T04:00:00Z,200,495,ms,agent-1,ap-south-1
svc-reports,reports-api,2025-05-29T12:45:00Z,200,439,ms,agent-1,ap-south-1
svc-reports,reports-api,2025-05-31T07:00:00Z,200,812,ms,agent-1,ap-south-1
svc-notify,notify-worker,2025-05-20T20:45:00Z,200,119,ms,agent-1,ap-south-1
svc-payments,payments-api,2025-05-27T12:45:00Z,200,365,ms,agent-1,ap-south-1
svc-auth,auth-api,2025-05-19T04:45:00Z,200,191,ms,agent-1,ap-south-1
svc-notify,notify-worker,2025-05-26T00:45:00Z,200,104,ms,agent-1,ap-south-1
svc-notify,notify-worker,2025-05-20T23:15:00Z,200,80,ms,agent-1,ap-south-1
svc-notify,notify-worker,2025-05-21T15:45:00Z,200,83,ms,agent-1,ap-south-1
svc-payments,payments-api,2025-05-20T13:00:00Z,200,270,ms,agent-1,ap-south-1
svc-payments,payments-api,1747991700,200,440,ms,agent-2,ap-south-1
svc-reports,reports-api,2025-05-22T01:45:00Z,200,533,ms,agent-1,ap-south-1
svc-auth,auth-api,2025-05-24T10:15:00Z,200,139,ms,agent-1,ap-south-1
svc-auth,auth-api,2025-05-30T13:00:00Z,200,130,ms,agent-1,ap-south-1
svc-auth,auth-api,2025-05-28T12:00:00Z,200,104,ms,agent-2,ap-south-1
svc-payments,payments-api,2025-06-01T06:15:00Z,200,442,ms,agent-1,ap-south-1
svc-notify,notify-worker,2025-05-29T16:15:00Z,200,84,ms,agent-1,ap-south-1
svc-notify,notify-worker,2025-05-24T07:00:00Z,200,123,ms,agent-1,ap-south-1
svc-notify,notify-worker,2025-05-27T19:45:00Z,200,101,ms,agent-1,ap-south-1
svc-notify,notify-worker,2025-05-30T16:30:00Z,200,119,ms,agent-1,ap-south-1
svc-notify,notify-worker,2025-05-25T05:30:00Z,200,92,ms,agent-2,ap-south-1
svc-notify,notify-worker,2025-05-19T07:45:00Z,200,131,ms,agent-1,ap-south-1
svc-reports,reports-api,2025-06-01T11:15:00Z,200,711,ms,agent-1,ap-south-1
svc-reports,reports-api,2025-05-29T02:45:00Z,200,590,ms,agent-1,ap-south-1
svc-notify,notify-worker,2025-05-24T15:00:00Z,200,78,ms,agent-1,ap-south-1
svc-auth,auth-api,2025-05-19T10:45:00Z,200,96,ms,agent-1,ap-south-1
svc-reports,reports-api,2025-05-29T15:15:00Z,200,616,ms,agent-1,ap-south-1
svc-notify,notify-worker,2025-05-22T22:15:00Z,200,136,ms,agent-1,ap-south-1
svc-notify,notify-worker,2025-05-29T20:45:00Z,200,121,ms,agent-1,ap-south-1
svc-payments,payments-api,2025-05-24T09:15:00Z,200,490,ms,agent-1,ap-south-1
svc-notify,notify-worker,2025-06-01T15:45:00Z,200,,ms,agent-1,ap-south-1
svc-reports,reports-api,2025-05-19T00:45:00Z,200,613,ms,agent-1,ap-south-1
svc-auth,auth-api,2025-05-23T05:00:00Z,200,100,ms,agent-1,ap-south-1
svc-payments,payments-api,2025-05-22T16:30:00Z,200,394,ms,agent-1,ap-south-1
svc-search,search-api,2025-05-22T02:30:00Z,200,0.661,s,agent-1,ap-south-1
svc-search,search-api,2025-06-01T03:45:00Z,200,0.51,s,agent-1,ap-south-1
svc-auth,auth-api,2025-05-21T10:45:00Z,200,181,ms,agent-1,ap-south-1
svc-search,search-api,2025-05-25T08:45:00Z,200,0.492,s,agent-2,ap-south-1
svc-reports,reports-api,2025-06-01T15:45:00Z,200,748,ms,agent-1,ap-south-1
svc-notify,notify-worker,2025-05-29T06:30:00Z,200,110,ms,agent-1,ap-south-1
svc-search,search-api,2025-05-19T22:45:00Z,200,0.528,s,agent-1,ap-south-1
svc-notify,notify-worker,2025-05-30T09:15:00Z,200,135,ms,agent-1,ap-south-1
svc-search,search-api,2025-05-20T05:00:00Z,200,0.523,s,agent-1,ap-south-1
svc-reports,reports-api,2025-05-19T09:15:00Z,200,726,ms,agent-1,ap-south-1
svc-search,search-api,2025-05-22T18:00:00Z,200,0.541,s,agent-1,ap-south-1
svc-search,search-api,2025-05-21T14:00:00Z,200,0.425,s,agent-1,ap-south-1
svc-auth,auth-api,2025-05-24T08:45:00Z,200,156,ms,agent-1,ap-south-1
svc-reports,reports-api,2025-06-01T05:45:00Z,200,530,ms,agent-1,ap-south-1
svc-auth,auth-api,2025-05-24T19:00:00Z,200,180,ms,agent-1,ap-south-1
svc-payments,payments-api,2025-05-29T17:00:00Z,200,315,ms,agent-1,ap-south-1
svc-auth,auth-api,2025-05-21T08:00:00Z,200,133,ms,agent-1,ap-south-1
svc-notify,notify-worker,2025-05-26T04:30:00Z,200,81,ms,agent-1,ap-south-1
svc-auth,auth-api,2025-06-01T19:30:00Z,200,150,ms,agent-1,ap-south-1
svc-search,search-api,2025-05-31T05:45:00Z,200,0.593,s,agent-1,ap-south-1
svc-notify,notify-worker,2025-05-22T16:15:00Z,200,145,ms,agent-1,ap-south-1
svc-notify,notify-worker,2025-05-24T06:15:00Z,200,94,ms,agent-1,ap-south-1
svc-notify,notify-worker,2025-05-23T17:30:00Z,200,88,ms,agent-1,ap-south-1
svc-search,search-api,2025-05-31T02:00:00Z,200,0.655,s,agent-1,ap-south-1
svc-auth,auth-api,2025-05-20T01:45:00Z,200,138,ms,agent-1,ap-south-1
svc-auth,auth-api,2025-05-26T09:00:00Z,200,141,ms,agent-1,ap-south-1
svc-notify,notify-worker,2025-05-26T12:00:00Z,200,106,ms,agent-1,ap-south-1
svc-search,search-api,2025-05-26T09:30:00Z,200,0.642,s,agent-1,ap-south-1
svc-reports,reports-api,2025-05-23T03:30:00Z,200,804,ms,agent-1,ap-south-1
svc-reports,reports-api,2025-05-27T10:30:00Z,200,783,ms,agent-1,ap-south-1
svc-auth,auth-api,2025-05-30T17:30:00Z,200,104,ms,agent-1,ap-south-1
svc-auth,auth-api,2025-05-26T22:15:00Z,200,142,ms,agent-1,ap-south-1
svc-notify,notify-worker,2025-05-20T20:30:00Z,200,87,ms,agent-1,ap-south-1
svc-auth,auth-api,2025-05-24T07:30:00Z,200,181,ms,agent-1,ap-south-1
svc-notify,notify-worker,2025-06-01T15:00:00Z,200,92,ms,agent-1,ap-south-1
svc-search,search-api,2025-05-28T20:00:00Z,200,,s,agent-1,ap-south-1
svc-search,search-api,2025-05-21T02:00:00Z,200,0.702,s,agent-1,ap-south-1
svc-notify,notify-worker,2025-06-01T20:45:00Z,200,133,ms,agent-1,ap-south-1
svc-search,search-api,2025-05-28T15:00:00Z,200,0.559,s,agent-1,ap-south-1
svc-reports,reports-api,2025-05-24T07:00:00Z,200,837,ms,agent-1,ap-south-1
svc-auth,auth-api,2025-05-24T00:30:00Z,200,130,ms,agent-1,ap-south-1
svc-search,search-api,2025-05-22T12:15:00Z,200,0.702,s,agent-1,ap-south-1
svc-auth,auth-api,2025-05-20T23:45:00Z,200,101,ms,agent-1,ap-south-1
svc-auth,auth-api,2025-05-26T21:00:00Z,200,164,ms,agent-1,ap-south-1
svc-payments,payments-api,2025-05-23T08:45:00Z,200,482,ms,agent-1,ap-south-1
svc-search,search-api,2025-05-20T17:45:00Z,200,0.598,s,agent-1,ap-south-1
svc-reports,reports-api,2025-05-27T06:30:00Z,200,552,ms,agent-1,ap-south-1
svc-notify,notify-worker,2025-05-19T03:30:00Z,200,148,ms,agent-1,ap-south-1
svc-notify,notify-worker,2025-05-19T12:45:00Z,200,114,ms,agent-1,ap-south-1
svc-auth,auth-api,2025-05-24T02:30:00Z,200,188,ms,agent-2,ap-south-1
svc-payments,payments-api,2025-05-21T18:15:00Z,200,435,ms,agent-1,ap-south-1
svc-auth,auth-api,2025-05-22T13:30:00Z,200,155,ms,agent-1,ap-south-1
svc-reports,reports-api,2025-05-25T13:45:00Z,200,499,ms,agent-1,ap-south-1
svc-notify,notify-worker,2025-05-24T21:15:00Z,200,78,ms,agent-1,ap-south-1
svc-search,search-api,2025-06-01T15:30:00Z,200,0.637,s,agent-1,ap-south-1
svc-search,search-api,2025-05-26T04:15:00Z,200,0.591,s,agent-1,ap-south-1
svc-auth,auth-api,2025-05-30T03:45:00Z,200,128,ms,agent-1,ap-south-1
svc-auth,auth-api,2025-06-01T09:15:00Z,200,99,ms,agent-1,ap-south-1
svc-reports,reports-api,2025-05-25T16:30:00Z,200,807,ms,agent-1,ap-south-1
svc-reports,reports-api,2025-05-31T09:30:00Z,200,505,ms,agent-1,ap-south-1
svc-auth,auth-api,2025-05-26T00:30:00Z,200,117,ms,agent-1,ap-south-1
svc-notify,notify-worker,2025-05-31T13:30:00Z,200,118,ms,agent-1,ap-south-1
svc-reports,reports-api,2025-05-30T01:15:00Z,200,643,ms,agent-1,ap-south-1
svc-payments,payments-api,2025-05-27T01:15:00Z,200,384,ms,agent-1,ap-south-1
svc-payments,payments-api,2025-05-29T22:30:00Z,200,398,ms,agent-1,ap-south-1
svc-search,search-api,2025-05-20T09:15:00Z,200,0.542,s,agent-1,ap-south-1
svc-notify,notify-worker,2025-05-19T03:00:00Z,200,103,ms,agent-1,ap-south-1
svc-payments,payments-api,2025-05-26T11:45:00Z,200,327,ms,agent-1,ap-south-1
svc-auth,auth-api,2025-05-21T22:15:00Z,200,170,ms,agent-1,ap-south-1
svc-search,search-api,2025-05-27T00:45:00Z,200,0.424,s,agent-1,ap-south-1
svc-reports,reports-api,2025-05-22T20:45:00Z,200,536,ms,agent-1,ap-south-1
svc-auth,auth-api,2025-05-20T10:45:00Z,200,180,ms,agent-1,ap-south-1
svc-search,search-api,2025-05-25T07:15:00Z,200,0.556,s,agent-2,ap-south-1
svc-auth,auth-api,2025-05-23T20:00:00Z,200,118,ms,agent-1,ap-south-1
svc-reports,reports-api,2025-05-22T06:00:00Z,200,683,ms,agent-1,ap-south-1
svc-payments,payments-api,2025-05-30T09:15:00Z,200,311,ms,agent-1,ap-south-1
svc-reports,reports-api,2025-05-27T17:00:00Z,200,777,ms,agent-1,ap-south-1
svc-auth,auth-api,2025-05-24T14:15:00Z,200,156,ms,agent-1,ap-south-1
svc-search,search-api,2025-05-23T17:00:00Z,200,0.438,s,agent-1,ap-south-1
svc-auth,auth-api,2025-05-27T22:45:00Z,200,118,ms,agent-1,ap-south-1
svc-search,search-api,2025-05-31T16:45:00Z,200,0.379,s,agent-1,ap-south-1
svc-notify,notify-worker,2025-05-31T02:15:00Z,200,149,ms,agent-1,ap-south-1
svc-notify,notify-worker,2025-05-30T19:30:00Z,500,146,ms,agent-1,ap-south-1
svc-notify,notify-worker,2025-05-23T12:00:00Z,200,124,ms,agent-1,ap-south-1
svc-reports,reports-api,2025-05-20T12:00:00Z,200,462,ms,agent-2,ap-south-1
svc-reports,reports-api,2025-05-30T15:30:00Z,200,753,ms,agent-2,ap-south-1
svc-search,search-api,2025-06-01T11:15:00Z,200,0.482,s,agent-1,ap-south-1
svc-auth,auth-api,2025-05-22T12:15:00Z,200,98,ms,agent-1,ap-south-1
svc-payments,payments-api,2025-05-24T04:30:00Z,200,294,ms,agent-1,ap-south-1
svc-auth,auth-api,2025-05-20T08:30:00Z,200,155,ms,agent-1,ap-south-1
svc-auth,auth-api,2025-05-20T18:30:00Z,200,177,ms,agent-1,ap-south-1
svc-notify,notify-worker,2025-05-21T12:30:00Z,200,116,ms,agent-1,ap-south-1
svc-search,search-api,2025-05-25T14:00:00Z,200,0.377,s,agent-1,ap-south-1
svc-payments,payments-api,2025-05-23T12:15:00Z,200,342,ms,agent-1,ap-south-1
svc-auth,auth-api,2025-05-26T09:15:00Z,200,184,ms,agent-1,ap-south-1
svc-reports,reports-api,2025-05-25T03:15:00Z,200,638,ms,agent-1,ap-south-1
svc-notify,notify-worker,2025-05-23T08:15:00Z,200,81,ms,agent-1,ap-south-1
svc-reports,reports-api,2025-05-29T11:45:00Z,200,789,ms,agent-1,ap-south-1
svc-search,search-api,2025-05-24T22:45:00Z,200,0.427,s,agent-1,ap-south-1
svc-payments,payments-api,2025-05-22T09:45:00Z,200,421,ms,agent-1,ap-south-1
svc-notify,notify-worker,2025-05-28T03:45:00Z,200,113,ms,agent-1,ap-south-1
svc-auth,auth-api,2025-05-22T01:15:00Z,200,113,ms,agent-1,ap-south-1
svc-auth,auth-api,2025-05-20T14:00:00Z,200,144,ms,agent-2,ap-south-1
svc-auth,auth-api,2025-05-20T21:00:00Z,200,183,ms,agent-1,ap-south-1
svc-payments,payments-api,2025-05-22T14:30:00Z,200,477,ms,agent-1,ap-south-1
svc-reports,reports-api,2025-05-26T16:45:00Z,200,805,ms,agent-1,ap-south-1
svc-payments,payments-api,2025-05-31T20:45:00Z,200,451,ms,agent-1,ap-south-1
svc-notify,notify-worker,2025-05-28T19:45:00Z,200,145,ms,agent-1,ap-south-1
svc-search,search-api,2025-05-25T03:45:00Z,200,0.385,s,agent-2,ap-south-1
svc-auth,auth-api,2025-05-24T11:00:00Z,200,104,ms,agent-1,ap-south-1
svc-notify,notify-worker,2025-05-23T04:00:00Z,200,147,ms,agent-2,ap-south-1
svc-notify,notify-worker,2025-05-22T07:15:00Z,200,88,ms,agent-1,ap-south-1
svc-auth,auth-api,2025-05-20T05:30:00Z,200,145,ms,agent-1,ap-south-1
svc-auth,auth-api,2025-05-27T19:45:00Z,200,154,ms,agent-1,ap-south-1
svc-auth,auth-api,2025-05-29T12:45:00Z,200,126,ms,agent-1,ap-south-1
svc-notify,notify-worker,2025-05-19T04:30:00Z,200,141,ms,agent-1,ap-south-1
svc-search,search-api,2025-05-28T18:00:00Z,200,0.636,s,agent-1,ap-south-1
svc-payments,payments-api,2025-05-31T14:00:00Z,200,283,ms,agent-1,ap-south-1
svc-notify,notify-worker,2025-05-22T03:15:00Z,200,118,ms,agent-1,ap-south-1
svc-notify,notify-worker,2025-05-31T02:45:00Z,200,128,ms,agent-1,ap-south-1
svc-search,search-api,2025-05-27T20:00:00Z,200,0.672,s,agent-1,ap-south-1
svc-notify,notify-worker,2025-05-21T15:15:00Z,200,130,ms,agent-1,ap-south-1
svc-search,search-api,2025-05-25T08:15:00Z,200,0.534,s,agent-1,ap-south-1
svc-notify,notify-worker,2025-05-31T08:15:00Z,200,81,ms,agent-1,ap-south-1
svc-reports,reports-api,2025-05-30T12:45:00Z,200,613,ms,agent-1,ap-south-1
svc-notify,notify-worker,2025-05-25T03:15:00Z,200,95,ms,agent-1,ap-south-1
svc-search,search-api,2025-05-19T08:15:00Z,200,0.687,s,agent-1,ap-south-1
svc-search,search-api,2025-05-21T14:30:00Z,200,0.613,s,agent-1,ap-south-1
svc-reports,reports-api,2025-05-26T18:45:00Z,200,839,ms,agent-1,ap-south-1
svc-payments,payments-api,2025-05-24T15:15:00Z,200,353,ms,agent-1,ap-south-1
svc-notify,notify-worker,2025-06-01T09:15:00Z,200,144,ms,agent-1,ap-south-1
svc-notify,notify-worker,2025-05-19T06:00:00Z,200,98,ms,agent-1,ap-south-1
svc-payments,payments-api,2025-05-28T15:00:00Z,200,348,ms,agent-1,ap-south-1
svc-reports,reports-api,2025-05-31T02:30:00Z,200,543,ms,agent-1,ap-south-1
svc-reports,reports-api,2025-05-22T02:15:00Z,200,717,ms,agent-1,ap-south-1
svc-search,search-api,2025-05-29T11:30:00Z,200,0.52,s,agent-1,ap-south-1
svc-search,search-api,2025-05-21T19:30:00Z,200,0.598,s,agent-1,ap-south-1
svc-notify,notify-worker,2025-05-29T17:30:00Z,200,146,ms,agent-1,ap-south-1
svc-auth,auth-api,2025-05-25T21:30:00Z,200,128,ms,agent-1,ap-south-1
svc-auth,auth-api,2025-05-22T02:15:00Z,200,186,ms,agent-1,ap-south-1
svc-payments,payments-api,2025-05-24T17:00:00+05:30,200,314,ms,agent-1,ap-south-1
svc-payments,payments-api,2025-05-26T01:30:00Z,200,312,ms,agent-1,ap-south-1
svc-notify,notify-worker,2025-05-27T07:15:00Z,200,115,ms,agent-1,ap-south-1
svc-reports,reports-api,2025-06-01T16:45:00Z,200,764,ms,agent-1,ap-south-1
svc-auth,auth-api,2025-05-29T20:00:00Z,200,182,ms,agent-1,ap-south-1
svc-payments,payments-api,2025-05-25T12:30:00Z,200,342,ms,agent-1,ap-south-1
svc-reports,reports-api,2025-05-23T00:45:00Z,200,714,ms,agent-1,ap-south-1
svc-search,search-api,2025-05-22T05:45:00Z,200,0.381,s,agent-1,ap-south-1
svc-payments,payments-api,2025-06-01T04:15:00Z,200,406,ms,agent-1,ap-south-1
svc-reports,reports-api,2025-05-26T10:30:00Z,200,619,ms,agent-1,ap-south-1
svc-search,search-api,2025-05-22T22:00:00Z,200,0.416,s,agent-1,ap-south-1
svc-notify,notify-worker,2025-05-24T12:30:00Z,200,82,ms,agent-2,ap-south-1
svc-notify,notify-worker,2025-05-24T22:45:00Z,200,96,ms,agent-1,ap-south-1
svc-payments,payments-api,2025-05-19T08:45:00Z,200,488,ms,agent-1,ap-south-1
svc-auth,auth-api,2025-05-21T08:15:00Z,200,130,ms,agent-1,ap-south-1
svc-payments,payments-api,2025-05-22T12:15:00Z,200,248,ms,agent-1,ap-south-1
svc-search,search-api,2025-05-21T04:30:00Z,200,0.517,s,agent-1,ap-south-1
svc-search,search-api,2025-05-25T04:15:00Z,200,0.417,s,agent-1,ap-south-1
svc-payments,payments-api,2025-05-29T18:30:00Z,200,314,ms,agent-1,ap-south-1
svc-notify,notify-worker,2025-05-26T07:00:00Z,200,104,ms,agent-1,ap-south-1
svc-search,search-api,2025-05-24T22:30:00Z,200,0.389,s,agent-2,ap-south-1
svc-reports,reports-api,2025-05-29T13:30:00Z,200,657,ms,agent-2,ap-south-1
svc-reports,reports-api,2025-05-27T22:45:00Z,200,534,ms,agent-1,ap-south-1
svc-notify,notify-worker,2025-05-21T18:15:00Z,200,92,ms,agent-1,ap-south-1
svc-search,search-api,2025-05-21T17:15:00Z,200,0.55,s,agent-1,ap-south-1
svc-payments,payments-api,2025-05-24T23:15:00Z,200,491,ms,agent-1,ap-south-1
svc-payments,payments-api,2025-05-31T11:30:00Z,200,331,ms,agent-1,ap-south-1
svc-notify,notify-worker,2025-05-30T08:45:00Z,200,79,ms,agent-1,ap-south-1
svc-search,search-api,2025-05-25T22:30:00Z,200,0.534,s,agent-1,ap-south-1
svc-auth,auth-api,2025-05-23T02:30:00Z,200,118,ms,agent-1,ap-south-1
svc-notify,notify-worker,2025-05-21T04:45:00Z,200,97,ms,agent-1,ap-south-1
svc-notify,notify-worker,2025-05-26T01:30:00Z,200,141,ms,agent-1,ap-south-1
svc-auth,auth-api,2025-05-28T05:00:00Z,200,157,ms,agent-2,ap-south-1
svc-reports,reports-api,2025-05-31T13:00:00Z,200,714,ms,agent-1,ap-south-1
svc-reports,reports-api,2025-06-01T15:00:00Z,200,708,ms,agent-1,ap-south-1
svc-reports,reports-api,2025-05-25T04:30:00Z,200,451,ms,agent-1,ap-south-1
svc-reports,reports-api,2025-05-31T20:15:00Z,200,692,ms,agent-1,ap-south-1
svc-reports,reports-api,2025-05-20T18:00:00Z,200,602,ms,agent-1,ap-south-1
svc-auth,auth-api,2025-05-29T01:45:00Z,200,108,ms,agent-1,ap-south-1
svc-auth,auth-api,2025-05-20T07:45:00Z,200,107,ms,agent-1,ap-south-1
svc-payments,payments-api,2025-05-27T08:00:00Z,200,306,ms,agent-1,ap-south-1
svc-reports,reports-api,2025-05-22T20:30:00Z,200,702,ms,agent-1,ap-south-1
svc-search,search-api,2025-05-23T00:00:00Z,200,0.668,s,agent-2,ap-south-1
svc-notify,notify-worker,2025-05-27T19:30:00Z,200,141,ms,agent-1,ap-south-1
svc-notify,notify-worker,2025-05-24T04:30:00Z,200,98,ms,agent-1,ap-south-1
svc-search,search-api,2025-05-24T03:00:00Z,200,0.691,s,agent-1,ap-south-1
svc-reports,reports-api,2025-05-28T18:15:00Z,200,648,ms,agent-1,ap-south-1
svc-payments,payments-api,2025-05-31T09:30:00Z,200,467,ms,agent-1,ap-south-1
svc-reports,reports-api,2025-05-25T21:30:00Z,200,438,ms,agent-1,ap-south-1
svc-auth,auth-api,2025-05-27T23:15:00Z,200,108,ms,agent-1,ap-south-1
svc-reports,reports-api,2025-05-24T09:15:00Z,200,715,ms,agent-1,ap-south-1
svc-notify,notify-worker,2025-05-19T14:15:00Z,200,126,ms,agent-1,ap-south-1
svc-auth,auth-api,2025-05-19T10:00:00Z,200,111,ms,agent-1,ap-south-1
svc-search,search-api,2025-05-23T13:15:00Z,200,0.606,s,agent-1,ap-south-1
svc-auth,auth-api,2025-05-26T15:00:00Z,200,99,ms,agent-1,ap-south-1
svc-auth,auth-api,2025-05-29T07:30:00Z,200,172,ms,agent-1,ap-south-1
svc-payments,payments-api,2025-05-26T10:45:00Z,200,350,ms,agent-1,ap-south-1
svc-reports,reports-api,2025-05-22T04:30:00Z,200,729,ms,agent-1,ap-south-1
svc-search,search-api,2025-05-24T20:00:00Z,200,0.655,s,agent-1,ap-south-1
svc-payments,payments-api,2025-05-24T16:45:00Z,200,387,ms,agent-1,ap-south-1
svc-payments,payments-api,2025-05-28T14:15:00Z,200,466,ms,agent-1,ap-south-1
svc-payments,payments-api,2025-05-20T12:00:00Z,200,287,ms,agent-1,ap-south-1
svc-notify,notify-worker,2025-05-25T03:45:00Z,200,84,ms,agent-1,ap-south-1
svc-notify,notify-worker,2025-05-25T20:15:00Z,200,147,ms,agent-1,ap-south-1
svc-search,search-api,2025-05-23T18:00:00Z,200,0.642,s,agent-1,ap-south-1
svc-payments,payments-api,2025-05-26T17:45:00Z,200,297,ms,agent-1,ap-south-1
svc-auth,auth-api,2025-06-01T21:45:00Z,200,188,ms,agent-1,ap-south-1
svc-search,search-api,2025-05-31T01:00:00Z,200,0.432,s,agent-1,ap-south-1
svc-search,search-api,2025-05-20T08:00:00Z,200,0.479,s,agent-1,ap-south-1
svc-search,search-api,2025-06-01T05:00:00Z,200,0.618,s,agent-1,ap-south-1
svc-search,search-api,2025-05-30T08:30:00Z,200,0.595,s,agent-1,ap-south-1
svc-search,search-api,2025-05-21T13:45:00Z,200,0.511,s,agent-1,ap-south-1
svc-notify,notify-worker,2025-05-20T14:00:00Z,200,148,ms,agent-1,ap-south-1
svc-auth,auth-api,2025-05-23T12:45:00Z,200,183,ms,agent-1,ap-south-1
svc-search,search-api,2025-05-19T01:45:00Z,200,0.596,s,agent-1,ap-south-1
svc-search,search-api,2025-05-31T12:00:00Z,200,0.427,s,agent-1,ap-south-1
svc-notify,notify-worker,2025-05-22T09:00:00Z,200,83,ms,agent-1,ap-south-1
svc-reports,reports-api,2025-05-21T08:15:00Z,200,624,ms,agent-1,ap-south-1
svc-payments,payments-api,2025-05-25T10:45:00Z,200,405,ms,agent-1,ap-south-1
svc-search,search-api,2025-05-24T10:30:00Z,200,0.408,s,agent-1,ap-south-1
svc-payments,payments-api,2025-05-31T05:15:00Z,200,490,ms,agent-1,ap-south-1
svc-search,search-api,2025-05-27T12:30:00Z,200,0.69,s,agent-1,ap-south-1
svc-search,search-api,2025-05-20T03:30:00Z,200,0.5,s,agent-2,ap-south-1
svc-notify,notify-worker,2025-05-26T00:15:00Z,200,92,ms,agent-1,ap-south-1
svc-notify,notify-worker,2025-05-25T19:15:00Z,200,79,ms,agent-1,ap-south-1
svc-notify,notify-worker,1748196000,200,88,ms,agent-1,ap-south-1
svc-payments,payments-api,2025-05-24T20:15:00Z,200,328,ms,agent-1,ap-south-1
svc-reports,reports-api,2025-05-30T10:30:00Z,200,613,ms,agent-1,ap-south-1
svc-notify,notify-worker,2025-06-01T04:15:00Z,200,102,ms,agent-1,ap-south-1
svc-search,search-api,2025-05-31T19:15:00Z,200,0.602,s,agent-1,ap-south-1
svc-payments,payments-api,2025-05-27T18:30:00Z,200,425,ms,agent-1,ap-south-1
svc-notify,notify-worker,2025-05-29T05:00:00Z,200,121,ms,agent-1,ap-south-1
svc-payments,payments-api,2025-05-20T07:45:00Z,200,407,ms,agent-1,ap-south-1
svc-payments,payments-api,1748593800,200,291,ms,agent-1,ap-south-1
svc-payments,payments-api,2025-05-21T14:30:00Z,200,436,ms,agent-1,ap-south-1
svc-auth,auth-api,2025-05-27T08:00:00Z,200,153,ms,agent-1,ap-south-1
svc-payments,payments-api,2025-05-20T07:15:00Z,200,464,ms,agent-1,ap-south-1
svc-auth,auth-api,2025-05-21T21:30:00Z,200,101,ms,agent-1,ap-south-1
svc-auth,auth-api,2025-05-22T22:45:00Z,200,188,ms,agent-1,ap-south-1
svc-search,search-api,2025-05-27T22:00:00Z,200,0.645,s,agent-1,ap-south-1
svc-reports,reports-api,2025-05-23T06:00:00Z,200,581,ms,agent-2,ap-south-1
svc-notify,notify-worker,2025-05-25T11:15:00Z,200,142,ms,agent-1,ap-south-1
svc-notify,notify-worker,2025-05-20T21:45:00Z,200,139,ms,agent-1,ap-south-1
svc-notify,notify-worker,2025-05-24T01:30:00Z,200,145,ms,agent-2,ap-south-1
svc-search,search-api,2025-05-25T13:30:00Z,200,0.59,s,agent-1,ap-south-1
svc-search,search-api,2025-05-30T15:30:00Z,200,0.377,s,agent-1,ap-south-1
svc-notify,notify-worker,2025-05-20T21:30:00Z,200,100,ms,agent-1,ap-south-1
svc-reports,reports-api,2025-05-27T16:30:00Z,200,821,ms,agent-1,ap-south-1
svc-auth,auth-api,2025-05-25T11:30:00Z,200,133,ms,agent-1,ap-south-1
svc-reports,reports-api,2025-05-23T12:30:00Z,200,857,ms,agent-1,ap-south-1
svc-auth,auth-api,2025-05-25T19:45:00Z,200,183,ms,agent-1,ap-south-1
svc-auth,auth-api,2025-05-30T05:00:00Z,200,104,ms,agent-1,ap-south-1
svc-notify,notify-worker,2025-05-30T08:30:00Z,200,149,ms,agent-1,ap-south-1
svc-search,search-api,2025-05-29T19:00:00Z,200,0.482,s,agent-1,ap-south-1
svc-reports,reports-api,2025-05-25T06:00:00Z,200,596,ms,agent-1,ap-south-1
svc-payments,payments-api,2025-05-24T20:00:00Z,200,319,ms,agent-1,ap-south-1
svc-notify,notify-worker,2025-05-28T06:15:00Z,200,142,ms,agent-2,ap-south-1
svc-payments,payments-api,2025-05-21T23:15:00Z,200,469,ms,agent-2,ap-south-1
svc-auth,auth-api,2025-05-27T22:15:00Z,200,155,ms,agent-1,ap-south-1
svc-auth,auth-api,2025-05-28T09:00:00Z,200,154,ms,agent-1,ap-south-1
svc-notify,notify-worker,2025-05-30T04:00:00Z,200,87,ms,agent-1,ap-south-1
svc-notify,notify-worker,2025-05-29T20:30:00Z,200,122,ms,agent-1,ap-south-1
svc-payments,payments-api,2025-05-27T10:00:00Z,200,265,ms,agent-1,ap-south-1
svc-search,search-api,2025-05-23T09:30:00Z,200,0.494,s,agent-1,ap-south-1
svc-auth,auth-api,2025-05-25T12:45:00Z,200,139,ms,agent-1,ap-south-1
svc-search,search-api,2025-05-26T23:30:00Z,200,0.598,s,agent-1,ap-south-1
svc-payments,payments-api,2025-05-31T16:15:00Z,200,274,ms,agent-1,ap-south-1
svc-notify,notify-worker,2025-05-21T00:45:00Z,200,144,ms,agent-1,ap-south-1
svc-search,search-api,1748163600,200,0.614,s,agent-1,ap-south-1
svc-auth,auth-api,2025-05-20T17:30:00Z,200,164,ms,agent-1,ap-south-1
svc-search,search-api,2025-05-22T17:30:00Z,200,0.441,s,agent-1,ap-south-1
svc-search,search-api,2025-05-30T09:45:00Z,200,0.406,s,agent-1,ap-south-1
svc-payments,payments-api,2025-05-27T14:30:00Z,200,441,ms,agent-1,ap-south-1
svc-payments,payments-api,2025-05-21T19:00:00Z,200,272,ms,agent-1,ap-south-1
svc-payments,payments-api,2025-05-22T13:00:00Z,200,435,ms,agent-2,ap-south-1
svc-payments,payments-api,2025-05-20T16:30:00Z,200,454,ms,agent-1,ap-south-1
svc-payments,payments-api,2025-05-28T20:45:00Z,200,286,ms,agent-1,ap-south-1
svc-reports,reports-api,2025-06-01T09:15:00Z,200,803,ms,agent-1,ap-south-1
svc-auth,auth-api,2025-05-23T13:30:00Z,200,106,ms,agent-1,ap-south-1
svc-notify,notify-worker,2025-05-29T00:45:00Z,200,107,ms,agent-1,ap-south-1
svc-payments,payments-api,2025-05-21T02:45:00Z,200,483,ms,agent-1,ap-south-1
svc-payments,payments-api,2025-06-01T16:15:00Z,200,384,ms,agent-1,ap-south-1
svc-payments,payments-api,2025-05-20T14:45:00Z,200,398,ms,agent-1,ap-south-1
svc-notify,notify-worker,2025-06-01T04:30:00Z,200,147,ms,agent-1,ap-south-1
svc-notify,notify-worker,2025-05-19T22:15:00Z,200,90,ms,agent-1,ap-south-1
svc-payments,payments-api,2025-05-20T10:30:00Z,200,470,ms,agent-1,ap-south-1
svc-search,search-api,2025-05-21T12:45:00Z,200,0.44,s,agent-1,ap-south-1
svc-reports,reports-api,2025-05-28T23:15:00Z,200,557,ms,agent-1,ap-south-1
svc-notify,notify-worker,2025-06-01T16:00:00Z,200,92,ms,agent-1,ap-south-1
svc-reports,reports-api,2025-06-01T02:30:00Z,200,685,ms,agent-1,ap-south-1
svc-auth,auth-api,2025-06-01T22:30:00Z,200,180,ms,agent-1,ap-south-1
svc-reports,reports-api,2025-05-19T12:00:00Z,200,516,ms,agent-1,ap-south-1
svc-reports,reports-api,2025-05-24T17:00:00Z,200,671,ms,agent-1,ap-south-1
svc-notify,notify-worker,2025-06-01T22:00:00Z,200,101,ms,agent-1,ap-south-1
svc-auth,auth-api,2025-05-24T10:30:00Z,200,147,ms,agent-1,ap-south-1
svc-payments,payments-api,2025-05-31T04:15:00Z,200,396,ms,agent-1,ap-south-1
svc-notify,notify-worker,2025-05-30T21:45:00Z,200,102,ms,agent-2,ap-south-1
svc-auth,auth-api,2025-05-24T00:45:00Z,200,181,ms,agent-1,ap-south-1
svc-search,search-api,2025-05-21T15:45:00Z,200,0.459,s,agent-1,ap-south-1
svc-reports,reports-api,2025-05-30T16:30:00Z,200,441,ms,agent-1,ap-south-1
svc-search,search-api,2025-05-30T09:00:00Z,200,0.716,s,agent-1,ap-south-1
svc-search,search-api,2025-05-27T14:15:00Z,200,0.619,s,agent-1,ap-south-1
svc-search,search-api,2025-05-28T21:15:00Z,200,0.719,s,agent-1,ap-south-1
svc-notify,notify-worker,2025-05-29T04:15:00Z,200,119,ms,agent-1,ap-south-1
svc-reports,reports-api,2025-05-21T17:00:00Z,200,544,ms,agent-1,ap-south-1
svc-reports,reports-api,2025-05-21T14:00:00Z,200,735,ms,agent-1,ap-south-1
svc-notify,notify-worker,2025-05-19T10:30:00Z,200,148,ms,agent-1,ap-south-1
svc-auth,auth-api,2025-05-29T02:00:00Z,200,189,ms,agent-1,ap-south-1
svc-auth,auth-api,2025-05-27T09:15:00Z,200,182,ms,agent-1,ap-south-1
svc-payments,payments-api,2025-05-30T08:45:00Z,200,338,ms,agent-1,ap-south-1
svc-auth,auth-api,2025-05-31T12:45:00Z,200,138,ms,agent-1,ap-south-1
svc-search,search-api,2025-05-23T19:15:00Z,200,0.45,s,agent-1,ap-south-1
svc-auth,auth-api,2025-05-30T22:15:00Z,200,174,ms,agent-1,ap-south-1
svc-payments,payments-api,2025-05-22T09:15:00Z,200,250,ms,agent-1,ap-south-1
svc-search,search-api,2025-05-27T06:45:00Z,200,0.596,s,agent-1,ap-south-1
svc-payments,payments-api,2025-06-01T21:45:00Z,200,271,ms,agent-1,ap-south-1
svc-search,search-api,2025-05-21T05:15:00Z,200,0.671,s,agent-1,ap-south-1
svc-reports,reports-api,1747944900,200,678,ms,agent-1,ap-south-1
svc-payments,payments-api,2025-05-24T14:30:00Z,200,258,ms,agent-1,ap-south-1
svc-auth,auth-api,2025-05-23T14:00:00Z,200,133,ms,agent-1,ap-south-1
svc-reports,reports-api,2025-05-22T17:45:00Z,200,760,ms,agent-1,ap-south-1
svc-search,search-api,2025-06-01T09:00:00Z,200,0.667,s,agent-1,ap-south-1
svc-notify,notify-worker,2025-05-19T09:45:00Z,200,116,ms,agent-1,ap-south-1
svc-reports,reports-api,2025-05-21T05:00:00Z,200,531,ms,agent-1,ap-south-1
svc-notify,notify-worker,2025-05-22T14:30:00Z,200,135,ms,agent-1,ap-south-1
svc-payments,payments-api,2025-05-20T05:30:00Z,200,419,ms,agent-1,ap-south-1
svc-auth,auth-api,2025-05-25T07:00:00Z,200,126,ms,agent-1,ap-south-1
